id,symbol,direction,timeframe,entry,tp,sl,conviction,oracle_signal,titan_signal,oracle_score,titan_confidence,market_state,fired_reason,fired_at,source,outcome,resolved_at,resolved_price,regime_at_resolution,btc_price_at_resolution,time_to_resolution_ms,rejection_reason,provider
2891,BTCUSDT,LONG,4h,46110,48050.203673,44654.847245,48,STRONG_BUY,BUY_LIMIT,3,60,SLEEPING,Oracle BULLISH +3/5 | BUY_LIMIT 60%,1704830400000,backtest,LOSS,1704888000000,44654.847245,,,,,binance
2892,BTCUSDT,LONG,4h,45546.4,47424.964274,44137.476795,48,STRONG_BUY,BUY_LIMIT,3,60,TRENDING,Oracle BULLISH +3/5 | BUY_LIMIT 60%,1704888000000,backtest,WIN,1704916800000,47424.964274,,,,,binance
2893,BTCUSDT,LONG,4h,47060,49189.121902,45463.158574,48,STRONG_BUY,BUY_LIMIT,3,60,SLEEPING,Oracle BULLISH +3/5 | BUY_LIMIT 60%,1704960000000,backtest,LOSS,1705060800000,45463.158574,,,,,binance
3047,ETHUSDT,LONG,4h,2522.54,2672.676842,2409.937369,48,STRONG_BUY,BUY_LIMIT,3,60,SLEEPING,Oracle BULLISH +3/5 | BUY_LIMIT 60%,1705089600000,backtest,REVIEW,,,,,,,binance
3048,ETHUSDT,LONG,4h,2559.44,2647.539172,2493.365621,48,STRONG_BUY,BUY_LIMIT,3,60,TRENDING,Oracle BULLISH +3/5 | BUY_LIMIT 60%,1705406400000,backtest,LOSS,1705593600000,2493.365621,,,,,binance
3049,ETHUSDT,SHORT,4h,2231.59,2152.196469,2291.135149,66,SELL,SELL_LIMIT,-4,60,TRENDING,Oracle NEUTRAL -4/5 | SELL_LIMIT 60%,1706169600000,backtest,LOSS,1706414400000,2291.135149,,,,,binance
3050,ETHUSDT,SHORT,4h,2253.89,2195.568701,2297.630974,48,SELL,SELL_LIMIT,-3,60,TRENDING,Oracle NEUTRAL -3/5 | SELL_LIMIT 60%,1706457600000,backtest,LOSS,1706544000000,2297.630974,,,,,binance
2894,BTCUSDT,LONG,4h,42331.2,43313.45611,41594.507918,66,STRONG_BUY,BUY_LIMIT,4,60,TRENDING,Oracle BULLISH +4/5 | BUY_LIMIT 60%,1706486400000,backtest,WIN,1706544000000,43313.45611,,,,,binance
3051,ETHUSDT,SHORT,4h,2259.4,2203.495578,2301.328316,48,SELL,SELL_LIMIT,-3,60,TRENDING,Oracle BULLISH -3/5 | SELL_LIMIT 60%,1706500800000,backtest,LOSS,1706544000000,2301.328316,,,,,binance
2895,BTCUSDT,LONG,4h,42641.75,43648.165376,41886.938468,66,STRONG_BUY,BUY_LIMIT,4,60,TRENDING,Oracle BULLISH +4/5 | BUY_LIMIT 60%,1706529600000,backtest,WIN,1706572800000,43648.165376,,,,,binance
3052,ETHUSDT,LONG,4h,2340.91,2399.441123,2297.011658,48,STRONG_BUY,BUY_LIMIT,3,60,TRENDING,Oracle BULLISH +3/5 | BUY_LIMIT 60%,1706616000000,backtest,LOSS,1706688000000,2297.011658,,,,,binance
3053,ETHUSDT,SHORT,4h,2288.88,2218.623302,2341.572524,48,SELL,SELL_LIMIT,-3,60,TRENDING,Oracle BULLISH -3/5 | SELL_LIMIT 60%,1706788800000,backtest,LOSS,1707206400000,2341.572524,,,,,binance
2896,BTCUSDT,LONG,4h,43218.94,44492.713016,42263.610238,66,STRONG_BUY,BUY_LIMIT,4,60,TRENDING,Oracle BULLISH +4/5 | BUY_LIMIT 60%,1706803200000,backtest,LOSS,1707076800000,42263.610238,,,,,binance
2897,BTCUSDT,LONG,4h,43119.06,44071.975212,42404.373591,48,STRONG_BUY,BUY_LIMIT,3,60,SLEEPING,Oracle BULLISH +3/5 | BUY_LIMIT 60%,1706961600000,backtest,LOSS,1707076800000,42404.373591,,,,,binance
3054,ETHUSDT,SHORT,4h,2290.78,2241.542968,2327.707774,48,SELL,SELL_LIMIT,-3,60,SLEEPING,Oracle BULLISH -3/5 | SELL_LIMIT 60%,1707019200000,backtest,LOSS,1707120000000,2327.707774,,,,,binance
3055,ETHUSDT,SHORT,4h,2279.65,2229.673557,2317.132332,48,SELL,SELL_LIMIT,-3,60,SLEEPING,Oracle BULLISH -3/5 | SELL_LIMIT 60%,1707062400000,backtest,LOSS,1707120000000,2317.132332,,,,,binance
2898,BTCUSDT,LONG,4h,43194.08,44049.875839,42552.23312,48,STRONG_BUY,BUY_LIMIT,3,60,SLEEPING,Oracle BULLISH +3/5 | BUY_LIMIT 60%,1707120000000,backtest,LOSS,1707148800000,42552.23312,,,,,binance
3056,ETHUSDT,SHORT,4h,2298.71,2244.825078,2339.123691,48,SELL,SELL_LIMIT,-3,60,SLEEPING,Oracle BULLISH -3/5 | SELL_LIMIT 60%,1707134400000,backtest,LOSS,1707206400000,2339.123691,,,,,binance
2899,BTCUSDT,LONG,4h,43244.89,44152.459271,42564.213047,48,STRONG_BUY,BUY_LIMIT,3,60,SLEEPING,Oracle BULLISH +3/5 | BUY_LIMIT 60%,1707220800000,backtest,WIN,1707336000000,44152.459271,,,,,binance
3057,ETHUSDT,LONG,4h,2379.12,2434.808027,2337.35398,48,STRONG_BUY,BUY_LIMIT,3,60,SLEEPING,Oracle BULLISH +3/5 | BUY_LIMIT 60%,1707235200000,backtest,WIN,1707336000000,2434.808027,,,,,binance
2900,BTCUSDT,LONG,4h,43071.08,43910.939019,42441.185736,48,STRONG_BUY,BUY_LIMIT,3,60,SLEEPING,Oracle BULLISH +3/5 | BUY_LIMIT 60%,1707307200000,backtest,WIN,1707336000000,43910.939019,,,,,binance
2901,BTCUSDT,LONG,4h,47903.03,49668.309334,47020.390333,48,STRONG_BUY,BUY_LIMIT,3,60,SUPER TREND,Oracle BULLISH +3/5 | BUY_LIMIT 60%,1707724800000,backtest,WIN,1707739200000,49668.309334,,,,,binance
3058,ETHUSDT,LONG,4h,2557.87,2653.357622,2510.126189,66,STRONG_BUY,BUY_LIMIT,4,60,SUPER TREND,Oracle BULLISH +4/5 | BUY_LIMIT 60%,1707739200000,backtest,WIN,1707768000000,2653.357622,,,,,binance
3059,ETHUSDT,LONG,4h,2785.93,2920.733134,2718.528433,48,STRONG_BUY,BUY_LIMIT,3,60,SUPER TREND,Oracle BULLISH +3/5 | BUY_LIMIT 60%,1708200000000,backtest,WIN,1708315200000,2920.733134,,,,,binance
3060,ETHUSDT,LONG,4h,2801,2886.899182,2736.575613,48,STRONG_BUY,BUY_LIMIT,3,60,TRENDING,Oracle BULLISH +3/5 | BUY_LIMIT 60%,1708228800000,backtest,WIN,1708286400000,2886.899182,,,,,binance
2902,BTCUSDT,LONG,4h,51832.01,53135.429833,50854.445126,48,STRONG_BUY,BUY_LIMIT,3,60,TRENDING,Oracle BULLISH +3/5 | BUY_LIMIT 60%,1708243200000,backtest,LOSS,1708444800000,50854.445126,,,,,binance
2903,BTCUSDT,LONG,4h,51839.28,52962.798634,50996.641025,48,STRONG_BUY,BUY_LIMIT,3,60,TRENDING,Oracle BULLISH +3/5 | BUY_LIMIT 60%,1708401600000,backtest,WIN,1708430400000,52962.798634,,,,,binance
2904,BTCUSDT,LONG,4h,52101.11,53516.730597,51039.394552,66,STRONG_BUY,BUY_LIMIT,4,60,TRENDING,Oracle BULLISH +4/5 | BUY_LIMIT 60%,1708444800000,backtest,LOSS,1708502400000,51039.394552,,,,,binance
3061,ETHUSDT,LONG,4h,2943.63,3058.779786,2857.26766,48,STRONG_BUY,BUY_LIMIT,3,60,SLEEPING,Oracle BULLISH +3/5 | BUY_LIMIT 60%,1708675200000,backtest,WIN,1708862400000,3058.779786,,,,,binance
3062,ETHUSDT,LONG,4h,2964.07,3069.098048,2885.298964,48,STRONG_BUY,BUY_LIMIT,3,60,SLEEPING,Oracle BULLISH +3/5 | BUY_LIMIT 60%,1708747200000,backtest,WIN,1708862400000,3069.098048,,,,,binance
3063,ETHUSDT,LONG,4h,2987.1,3082.930096,2915.227428,48,STRONG_BUY,BUY_LIMIT,3,60,SLEEPING,Oracle BULLISH +3/5 | BUY_LIMIT 60%,1708790400000,backtest,WIN,1708876800000,3082.930096,,,,,binance
2905,BTCUSDT,LONG,4h,51557.07,52644.007628,50741.866779,48,STRONG_BUY,BUY_LIMIT,3,60,SLEEPING,Oracle BULLISH +3/5 | BUY_LIMIT 60%,1708790400000,backtest,WIN,1708948800000,52644.007628,,,,,binance
2906,BTCUSDT,LONG,4h,52842.32,53943.364451,52016.536662,48,STRONG_BUY,BUY_LIMIT,3,60,SLEEPING,Oracle BULLISH +3/5 | BUY_LIMIT 60%,1708948800000,backtest,WIN,1708963200000,53943.364451,,,,,binance
2907,BTCUSDT,LONG,4h,61130.98,65790.121079,58801.409461,66,STRONG_BUY,BUY_LIMIT,4,60,SUPER TREND,Oracle BULLISH +4/5 | BUY_LIMIT 60%,1709236800000,backtest,WIN,1709553600000,65790.121079,,,,,binance
3064,ETHUSDT,LONG,4h,3413.39,3589.356672,3325.406664,48,STRONG_BUY,BUY_LIMIT,3,60,SUPER TREND,Oracle BULLISH +3/5 | BUY_LIMIT 60%,1709452800000,backtest,WIN,1709568000000,3589.356672,,,,,binance
2908,BTCUSDT,LONG,4h,61831.1,64730.166138,60381.566931,48,STRONG_BUY,BUY_LIMIT,3,60,SUPER TREND,Oracle BULLISH +3/5 | BUY_LIMIT 60%,1709452800000,backtest,WIN,1709539200000,64730.166138,,,,,binance
3065,ETHUSDT,LONG,4h,3879.74,4260.774075,3689.222963,66,STRONG_BUY,BUY_LIMIT,4,60,SUPER TREND,Oracle BULLISH +4/5 | BUY_LIMIT 60%,1709712000000,backtest,REVIEW,,,,,,,binance
3066,ETHUSDT,LONG,4h,3905.21,4065.080309,3785.307268,48,STRONG_BUY,BUY_LIMIT,3,60,SLEEPING,Oracle BULLISH +3/5 | BUY_LIMIT 60%,1710014400000,backtest,LOSS,1710115200000,3785.307268,,,,,binance
2909,BTCUSDT,LONG,4h,71019.99,73588.260979,69093.786766,66,STRONG_BUY,BUY_LIMIT,4,60,TRENDING,Oracle BULLISH +4/5 | BUY_LIMIT 60%,1710129600000,backtest,LOSS,1710259200000,69093.786766,,,,,binance
3067,ETHUSDT,LONG,4h,4001.4,4174.994728,3871.203954,48,STRONG_BUY,BUY_LIMIT,3,60,TRENDING,Oracle BULLISH +3/5 | BUY_LIMIT 60%,1710129600000,backtest,LOSS,1710259200000,3871.203954,,,,,binance
3068,ETHUSDT,LONG,4h,4043.78,4212.056235,3917.572824,48,STRONG_BUY,BUY_LIMIT,3,60,SLEEPING,Oracle BULLISH +3/5 | BUY_LIMIT 60%,1710288000000,backtest,LOSS,1710417600000,3917.572824,,,,,binance
2910,BTCUSDT,LONG,4h,72634.95,75269.61161,70658.953792,48,STRONG_BUY,BUY_LIMIT,3,60,SLEEPING,Oracle BULLISH +3/5 | BUY_LIMIT 60%,1710331200000,backtest,LOSS,1710417600000,70658.953792,,,,,binance
2911,BTCUSDT,LONG,4h,73072.41,75571.515674,71198.080744,48,STRONG_BUY,BUY_LIMIT,3,60,SLEEPING,Oracle BULLISH +3/5 | BUY_LIMIT 60%,1710360000000,backtest,LOSS,1710417600000,71198.080744,,,,,binance
3069,ETHUSDT,SHORT,4h,3419.17,3208.886197,3576.882852,66,SELL,SELL_LIMIT,-4,60,TRENDING,Oracle BULLISH -4/5 | SELL_LIMIT 60%,1710806400000,backtest,WIN,1710835200000,3208.886197,,,,,binance
3070,ETHUSDT,LONG,4h,3516.53,3774.631858,3322.953607,66,STRONG_BUY,BUY_LIMIT,4,60,TRENDING,Oracle BULLISH +4/5 | BUY_LIMIT 60%,1710964800000,backtest,LOSS,1711108800000,3322.953607,,,,,binance
3071,ETHUSDT,LONG,4h,3492.85,3727.79746,3316.639405,66,STRONG_BUY,BUY_LIMIT,4,60,TRENDING,Oracle BULLISH +4/5 | BUY_LIMIT 60%,1711051200000,backtest,LOSS,1711108800000,3316.639405,,,,,binance
2912,BTCUSDT,LONG,4h,69880.01,72789.817663,67697.654252,66,STRONG_BUY,BUY_LIMIT,4,60,TRENDING,Oracle BULLISH +4/5 | BUY_LIMIT 60%,1711396800000,backtest,REVIEW,,,,,,,binance
2913,BTCUSDT,LONG,4h,70142.78,72352.978345,68485.131241,48,STRONG_BUY,BUY_LIMIT,3,60,TRENDING,Oracle BULLISH +3/5 | BUY_LIMIT 60%,1711699200000,backtest,LOSS,1711972800000,68485.131241,,,,,binance
2914,BTCUSDT,LONG,4h,69850.54,71987.981547,68247.45884,48,STRONG_BUY,BUY_LIMIT,3,60,TRENDING,Oracle BULLISH +3/5 | BUY_LIMIT 60%,1711742400000,backtest,LOSS,1711972800000,68247.45884,,,,,binance
3072,ETHUSDT,LONG,4h,3560,3681.716439,3468.71267,48,STRONG_BUY,BUY_LIMIT,3,60,TRENDING,Oracle BULLISH +3/5 | BUY_LIMIT 60%,1711785600000,backtest,LOSS,1711972800000,3468.71267,,,,,binance
2915,BTCUSDT,LONG,4h,69916.61,71574.872739,68672.912946,48,STRONG_BUY,BUY_LIMIT,3,60,TRENDING,Oracle BULLISH +3/5 | BUY_LIMIT 60%,1711843200000,backtest,LOSS,1711972800000,68672.912946,,,,,binance
3073,ETHUSDT,LONG,4h,3625.38,3742.644384,3537.431712,48,STRONG_BUY,BUY_LIMIT,3,60,TRENDING,Oracle BULLISH +3/5 | BUY_LIMIT 60%,1711857600000,backtest,LOSS,1711944000000,3537.431712,,,,,binance
3074,ETHUSDT,SHORT,4h,3444.04,3322.527086,3535.174685,48,SELL,SELL_LIMIT,-3,60,TRENDING,Oracle BULLISH -3/5 | SELL_LIMIT 60%,1711972800000,backtest,WIN,1712016000000,3322.527086,,,,,binance
3075,ETHUSDT,SHORT,4h,3366.08,3227.086789,3470.324908,66,SELL,SELL_LIMIT,-4,60,TRENDING,Oracle NEUTRAL -4/5 | SELL_LIMIT 60%,1712016000000,backtest,WIN,1712073600000,3227.086789,,,,,binance
3076,ETHUSDT,SHORT,4h,3320.1,3173.08343,3430.362427,48,SELL,SELL_LIMIT,-3,60,TRENDING,Oracle NEUTRAL -3/5 | SELL_LIMIT 60%,1712332800000,backtest,LOSS,1712520000000,3430.362427,,,,,binance
2916,BTCUSDT,LONG,4h,69408.05,71576.690991,67781.569257,66,STRONG_BUY,BUY_LIMIT,4,60,TRENDING,Oracle BULLISH +4/5 | BUY_LIMIT 60%,1712448000000,backtest,WIN,1712563200000,71576.690991,,,,,binance
3077,ETHUSDT,LONG,4h,3473.88,3584.887955,3390.624034,66,STRONG_BUY,BUY_LIMIT,4,60,TRENDING,Oracle BULLISH +4/5 | BUY_LIMIT 60%,1712548800000,backtest,WIN,1712563200000,3584.887955,,,,,binance
2917,BTCUSDT,LONG,4h,70083.99,72340.630982,68391.509263,48,STRONG_BUY,BUY_LIMIT,3,60,TRENDING,Oracle BULLISH +3/5 | BUY_LIMIT 60%,1712764800000,backtest,LOSS,1712937600000,68391.509263,,,,,binance
2918,BTCUSDT,LONG,4h,70977.27,73228.478167,69288.863875,48,STRONG_BUY,BUY_LIMIT,3,60,SLEEPING,Oracle BULLISH +3/5 | BUY_LIMIT 60%,1712880000000,backtest,LOSS,1712923200000,69288.863875,,,,,binance
3078,ETHUSDT,SHORT,4h,3440.71,3311.792966,3537.397776,48,SELL,SELL_LIMIT,-3,60,SLEEPING,Oracle NEUTRAL -3/5 | SELL_LIMIT 60%,1712923200000,backtest,WIN,1712937600000,3311.792966,,,,,binance
3079,ETHUSDT,SHORT,4h,3056.46,2872.807347,3194.19949,48,SELL,SELL_LIMIT,-3,60,TRENDING,Oracle NEUTRAL -3/5 | SELL_LIMIT 60%,1713556800000,backtest,LOSS,1713657600000,3194.19949,,,,,binance
2919,BTCUSDT,LONG,4h,66524.77,68766.157832,64843.729126,48,STRONG_BUY,BUY_LIMIT,3,60,SLEEPING,Oracle BULLISH +3/5 | BUY_LIMIT 60%,1713801600000,backtest,LOSS,1713960000000,64843.729126,,,,,binance
3080,ETHUSDT,SHORT,4h,3180.79,3058.390654,3272.589509,48,SELL,SELL_LIMIT,-3,60,TRENDING,Oracle NEUTRAL -3/5 | SELL_LIMIT 60%,1714435200000,backtest,WIN,1714464000000,3058.390654,,,,,binance
2920,BTCUSDT,LONG,4h,64428.65,66614.821947,62789.02104,66,STRONG_BUY,BUY_LIMIT,4,60,TRENDING,Oracle BULLISH +4/5 | BUY_LIMIT 60%,1714910400000,backtest,LOSS,1715011200000,62789.02104,,,,,binance
2921,BTCUSDT,LONG,4h,64540.75,66548.039741,63035.282694,66,BUY,BUY_LIMIT,4,60,TRENDING,Oracle NEUTRAL +4/5 | BUY_LIMIT 60%,1714968000000,backtest,LOSS,1714996800000,63035.282694,,,,,binance
3081,ETHUSDT,SHORT,4h,2938,2859.460358,2996.904732,48,SELL,SELL_LIMIT,-3,60,SLEEPING,Oracle NEUTRAL -3/5 | SELL_LIMIT 60%,1715515200000,backtest,LOSS,1715788800000,2996.904732,,,,,binance
3082,ETHUSDT,SHORT,4h,2920.03,2833.858315,2984.658764,66,SELL,SELL_LIMIT,-4,60,SLEEPING,Oracle NEUTRAL -4/5 | SELL_LIMIT 60%,1715659200000,backtest,LOSS,1715774400000,2984.658764,,,,,binance
2922,BTCUSDT,LONG,4h,65818.88,67699.605948,64408.335539,66,STRONG_BUY,BUY_LIMIT,4,60,TRENDING,Oracle BULLISH +4/5 | BUY_LIMIT 60%,1715860800000,backtest,WIN,1716105600000,67699.605948,,,,,binance
3083,ETHUSDT,LONG,4h,3092.01,3184.739877,3022.462592,66,STRONG_BUY,BUY_LIMIT,4,60,TRENDING,Oracle BULLISH +4/5 | BUY_LIMIT 60%,1715976000000,backtest,WIN,1716220800000,3184.739877,,,,,binance
2923,BTCUSDT,LONG,4h,66675.22,68095.784152,65609.796886,48,STRONG_BUY,BUY_LIMIT,3,60,TRENDING,Oracle BULLISH +3/5 | BUY_LIMIT 60%,1716163200000,backtest,WIN,1716220800000,68095.784152,,,,,binance
3084,ETHUSDT,LONG,4h,3091.73,3174.34219,3029.770858,48,STRONG_BUY,BUY_LIMIT,3,60,TRENDING,Oracle BULLISH +3/5 | BUY_LIMIT 60%,1716177600000,backtest,WIN,1716220800000,3174.34219,,,,,binance
3085,ETHUSDT,LONG,4h,3744.4,3976.02121,3570.684093,48,STRONG_BUY,BUY_LIMIT,3,60,TRENDING,Oracle BULLISH +3/5 | BUY_LIMIT 60%,1716566400000,backtest,WIN,1716811200000,3976.02121,,,,,binance
3086,ETHUSDT,LONG,4h,3745.26,3954.751553,3588.141335,48,STRONG_BUY,BUY_LIMIT,3,60,TRENDING,Oracle BULLISH +3/5 | BUY_LIMIT 60%,1716595200000,backtest,WIN,1716811200000,3954.751553,,,,,binance
2924,BTCUSDT,LONG,4h,70373.85,72052.6803,69114.727275,48,STRONG_BUY,BUY_LIMIT,3,60,SLEEPING,Oracle BULLISH +3/5 | BUY_LIMIT 60%,1716811200000,backtest,LOSS,1716825600000,69114.727275,,,,,binance
3087,ETHUSDT,LONG,4h,3904.34,4054.863876,3791.447093,48,STRONG_BUY,BUY_LIMIT,3,60,SLEEPING,Oracle BULLISH +3/5 | BUY_LIMIT 60%,1716883200000,backtest,LOSS,1716912000000,3791.447093,,,,,binance
2925,BTCUSDT,LONG,4h,68653.02,70463.476281,67295.177789,48,STRONG_BUY,BUY_LIMIT,3,60,SLEEPING,Oracle BULLISH +3/5 | BUY_LIMIT 60%,1717084800000,backtest,LOSS,1717156800000,67295.177789,,,,,binance
2926,BTCUSDT,LONG,4h,68535.81,70242.544446,67255.759165,48,STRONG_BUY,BUY_LIMIT,3,60,SLEEPING,Oracle BULLISH +3/5 | BUY_LIMIT 60%,1717113600000,backtest,LOSS,1717156800000,67255.759165,,,,,binance
2927,BTCUSDT,LONG,4h,68349.73,69981.643068,67125.795199,48,STRONG_BUY,BUY_LIMIT,3,60,SLEEPING,Oracle BULLISH +3/5 | BUY_LIMIT 60%,1717142400000,backtest,LOSS,1717171200000,67125.795199,,,,,binance
3088,ETHUSDT,LONG,4h,3788.28,3906.108213,3699.908841,48,STRONG_BUY,BUY_LIMIT,3,60,SLEEPING,Oracle BULLISH +3/5 | BUY_LIMIT 60%,1717228800000,backtest,LOSS,1717776000000,3699.908841,,,,,binance
2928,BTCUSDT,LONG,4h,68251.52,69498.819144,67316.045642,48,STRONG_BUY,BUY_LIMIT,3,60,SLEEPING,Oracle BULLISH +3/5 | BUY_LIMIT 60%,1717315200000,backtest,LOSS,1717344000000,67316.045642,,,,,binance
3089,ETHUSDT,LONG,4h,3799.5,3895.946636,3727.165023,48,STRONG_BUY,BUY_LIMIT,3,60,SLEEPING,Oracle BULLISH +3/5 | BUY_LIMIT 60%,1717372800000,backtest,LOSS,1717776000000,3727.165023,,,,,binance
2929,BTCUSDT,LONG,4h,68382.81,69724.413251,67376.607561,48,STRONG_BUY,BUY_LIMIT,3,60,SLEEPING,Oracle BULLISH +3/5 | BUY_LIMIT 60%,1717372800000,backtest,WIN,1717416000000,69724.413251,,,,,binance
3090,ETHUSDT,LONG,4h,3810.63,3906.090298,3739.034777,48,STRONG_BUY,BUY_LIMIT,3,60,TRENDING,Oracle BULLISH +3/5 | BUY_LIMIT 60%,1717502400000,backtest,LOSS,1717776000000,3739.034777,,,,,binance
3091,ETHUSDT,LONG,4h,3835,3917.649705,3773.012722,48,STRONG_BUY,BUY_LIMIT,3,60,TRENDING,Oracle BULLISH +3/5 | BUY_LIMIT 60%,1717747200000,backtest,LOSS,1717761600000,3773.012722,,,,,binance
2930,BTCUSDT,LONG,4h,69734,71376.852889,68501.860333,66,STRONG_BUY,BUY_LIMIT,4,60,TRENDING,Oracle BULLISH +4/5 | BUY_LIMIT 60%,1718193600000,backtest,LOSS,1718208000000,68501.860333,,,,,binance
3092,ETHUSDT,SHORT,4h,3560.12,3444.935393,3646.508455,48,SELL,SELL_LIMIT,-3,60,TRENDING,Oracle BULLISH -3/5 | SELL_LIMIT 60%,1718222400000,backtest,WIN,1718280000000,3444.935393,,,,,binance
3093,ETHUSDT,LONG,4h,3599.03,3694.725915,3527.258064,48,STRONG_BUY,BUY_LIMIT,3,60,TRENDING,Oracle BULLISH +3/5 | BUY_LIMIT 60%,1718553600000,backtest,LOSS,1718611200000,3527.258064,,,,,binance
3094,ETHUSDT,LONG,4h,3607.87,3731.284626,3515.30903,48,STRONG_BUY,BUY_LIMIT,3,60,TRENDING,Oracle BULLISH +3/5 | BUY_LIMIT 60%,1718856000000,backtest,LOSS,1718884800000,3515.30903,,,,,binance
3095,ETHUSDT,LONG,4h,3498.23,3579.287239,3437.43707,48,BUY,BUY_LIMIT,3,60,SLEEPING,Oracle NEUTRAL +3/5 | BUY_LIMIT 60%,1719792000000,backtest,LOSS,1719864000000,3437.43707,,,,,binance
3096,ETHUSDT,SHORT,4h,3066.83,2877.842886,3161.323557,48,STRONG_SELL,SELL_LIMIT,-3,60,SUPER TREND,Oracle BEARISH -3/5 | SELL_LIMIT 60%,1720296000000,backtest,WIN,1720396800000,2877.842886,,,,,binance
3097,ETHUSDT,LONG,4h,3376.8,3491.644665,3290.666501,66,STRONG_BUY,BUY_LIMIT,4,60,TRENDING,Oracle BULLISH +4/5 | BUY_LIMIT 60%,1721102400000,backtest,WIN,1721145600000,3491.644665,,,,,binance
2931,BTCUSDT,LONG,4h,62895.01,64984.408278,61327.961292,66,STRONG_BUY,BUY_LIMIT,4,60,TRENDING,Oracle BULLISH +4/5 | BUY_LIMIT 60%,1721102400000,backtest,WIN,1721145600000,64984.408278,,,,,binance
3098,ETHUSDT,LONG,4h,3426.5,3541.994599,3339.879051,48,STRONG_BUY,BUY_LIMIT,3,60,TRENDING,Oracle BULLISH +3/5 | BUY_LIMIT 60%,1721332800000,backtest,WIN,1721592000000,3541.994599,,,,,binance
2932,BTCUSDT,LONG,4h,64325,66327.744066,62822.941951,48,STRONG_BUY,BUY_LIMIT,3,60,TRENDING,Oracle BULLISH +3/5 | BUY_LIMIT 60%,1721347200000,backtest,WIN,1721404800000,66327.744066,,,,,binance
3099,ETHUSDT,LONG,4h,3465,3580.245754,3378.565684,48,STRONG_BUY,BUY_LIMIT,3,60,TRENDING,Oracle BULLISH +3/5 | BUY_LIMIT 60%,1721390400000,backtest,LOSS,1721836800000,3378.565684,,,,,binance
2933,BTCUSDT,LONG,4h,65836.77,67920.974778,64273.616416,66,STRONG_BUY,BUY_LIMIT,4,60,TRENDING,Oracle BULLISH +4/5 | BUY_LIMIT 60%,1721390400000,backtest,WIN,1721592000000,67920.974778,,,,,binance
3100,ETHUSDT,LONG,4h,3516,3627.281506,3432.53887,48,STRONG_BUY,BUY_LIMIT,3,60,TRENDING,Oracle BULLISH +3/5 | BUY_LIMIT 60%,1721721600000,backtest,LOSS,1721736000000,3432.53887,,,,,binance
3101,ETHUSDT,SHORT,4h,3363,3248.066779,3449.199916,66,SELL,SELL_LIMIT,-4,60,SLEEPING,Oracle BULLISH -4/5 | SELL_LIMIT 60%,1721836800000,backtest,WIN,1721865600000,3248.066779,,,,,binance
2934,BTCUSDT,LONG,4h,67042.01,69174.909796,65442.335153,66,STRONG_BUY,BUY_LIMIT,4,60,TRENDING,Oracle BULLISH +4/5 | BUY_LIMIT 60%,1721952000000,backtest,WIN,1722081600000,69174.909796,,,,,binance
3102,ETHUSDT,LONG,4h,3348.98,3453.776592,3270.382556,66,STRONG_BUY,BUY_LIMIT,4,60,TRENDING,Oracle BULLISH +4/5 | BUY_LIMIT 60%,1722211200000,backtest,LOSS,1722268800000,3270.382556,,,,,binance
3103,ETHUSDT,LONG,4h,3340.9,3449.797881,3259.226589,66,STRONG_BUY,BUY_LIMIT,4,60,TRENDING,Oracle BULLISH +4/5 | BUY_LIMIT 60%,1722312000000,backtest,LOSS,1722369600000,3259.226589,,,,,binance
3104,ETHUSDT,SHORT,4h,3232.74,3122.853774,3315.154669,48,SELL,SELL_LIMIT,-3,60,TRENDING,Oracle NEUTRAL -3/5 | SELL_LIMIT 60%,1722456000000,backtest,WIN,1722513600000,3122.853774,,,,,binance
3105,ETHUSDT,SHORT,4h,2620.4,2493.881734,2715.2887,48,STRONG_SELL,SELL_LIMIT,-3,60,SLEEPING,Oracle BEARISH -3/5 | SELL_LIMIT 60%,1723824000000,backtest,LOSS,1724428800000,2715.2887,,,,,binance
3106,ETHUSDT,SHORT,4h,2601.94,2505.471975,2674.291019,48,STRONG_SELL,SELL_LIMIT,-3,60,SLEEPING,Oracle BEARISH -3/5 | SELL_LIMIT 60%,1724169600000,backtest,LOSS,1724385600000,2674.291019,,,,,binance
2935,BTCUSDT,LONG,4h,61570,63666.297774,59997.776669,48,BUY,BUY_LIMIT,3,60,SLEEPING,Oracle NEUTRAL +3/5 | BUY_LIMIT 60%,1724256000000,backtest,LOSS,1724284800000,59997.776669,,,,,binance
2936,BTCUSDT,LONG,4h,60984.31,63068.890878,59420.874341,48,BUY,BUY_LIMIT,3,60,SLEEPING,Oracle NEUTRAL +3/5 | BUY_LIMIT 60%,1724299200000,backtest,WIN,1724428800000,63068.890878,,,,,binance
3107,ETHUSDT,SHORT,4h,2599.4,2506.956381,2668.732714,48,STRONG_SELL,SELL_LIMIT,-3,60,SLEEPING,Oracle BEARISH -3/5 | SELL_LIMIT 60%,1724328000000,backtest,LOSS,1724385600000,2668.732714,,,,,binance
2937,BTCUSDT,LONG,4h,61069.27,62903.000934,59693.971799,48,STRONG_BUY,BUY_LIMIT,3,60,SLEEPING,Oracle BULLISH +3/5 | BUY_LIMIT 60%,1724385600000,backtest,WIN,1724428800000,62903.000934,,,,,binance
2938,BTCUSDT,LONG,4h,61533.05,63425.455754,60113.745684,48,STRONG_BUY,BUY_LIMIT,3,60,SLEEPING,Oracle BULLISH +3/5 | BUY_LIMIT 60%,1724414400000,backtest,WIN,1724428800000,63425.455754,,,,,binance
2939,BTCUSDT,LONG,4h,63832.01,65929.306072,62259.037946,48,STRONG_BUY,BUY_LIMIT,3,60,SLEEPING,Oracle BULLISH +3/5 | BUY_LIMIT 60%,1724457600000,backtest,LOSS,1724745600000,62259.037946,,,,,binance
3108,ETHUSDT,SHORT,4h,2626.67,2545.398577,2687.623568,48,STRONG_SELL,SELL_LIMIT,-3,60,TRENDING,Oracle BEARISH -3/5 | SELL_LIMIT 60%,1724745600000,backtest,WIN,1724788800000,2545.398577,,,,,binance
3109,ETHUSDT,SHORT,4h,2509.59,2423.772021,2573.953484,48,STRONG_SELL,SELL_LIMIT,-3,60,TRENDING,Oracle BEARISH -3/5 | SELL_LIMIT 60%,1725350400000,backtest,WIN,1725393600000,2423.772021,,,,,binance
3110,ETHUSDT,SHORT,4h,2292.55,2203.329592,2359.465306,48,STRONG_SELL,SELL_LIMIT,-3,60,TRENDING,Oracle BEARISH -3/5 | SELL_LIMIT 60%,1725883200000,backtest,LOSS,1725912000000,2359.465306,,,,,binance
2940,BTCUSDT,LONG,4h,59667.38,61456.747446,58325.354415,48,STRONG_BUY,BUY_LIMIT,3,60,SLEEPING,Oracle BULLISH +3/5 | BUY_LIMIT 60%,1726228800000,backtest,LOSS,1726444800000,58325.354415,,,,,binance
2941,BTCUSDT,LONG,4h,60329.37,62024.612747,59057.937939,66,STRONG_BUY,BUY_LIMIT,4,60,TRENDING,Oracle BULLISH +4/5 | BUY_LIMIT 60%,1726272000000,backtest,LOSS,1726430400000,59057.937939,,,,,binance
3111,ETHUSDT,SHORT,4h,2316.1,2246.800363,2368.074728,48,SELL,SELL_LIMIT,-3,60,TRENDING,Oracle NEUTRAL -3/5 | SELL_LIMIT 60%,1726430400000,backtest,LOSS,1726574400000,2368.074728,,,,,binance
2942,BTCUSDT,LONG,4h,61135.5,62856.356245,59844.857816,66,STRONG_BUY,BUY_LIMIT,4,60,TRENDING,Oracle BULLISH +4/5 | BUY_LIMIT 60%,1726574400000,backtest,LOSS,1726588800000,59844.857816,,,,,binance
3112,ETHUSDT,SHORT,4h,2341.8,2259.800433,2403.299675,48,SELL,SELL_LIMIT,-3,60,TRENDING,Oracle NEUTRAL -3/5 | SELL_LIMIT 60%,1726603200000,backtest,LOSS,1726704000000,2403.299675,,,,,binance
3113,ETHUSDT,LONG,4h,2540.98,2631.229482,2473.292889,66,BUY,BUY_LIMIT,4,60,TRENDING,Oracle NEUTRAL +4/5 | BUY_LIMIT 60%,1726848000000,backtest,WIN,1726963200000,2631.229482,,,,,binance
2943,BTCUSDT,LONG,4h,63160,64487.793648,62164.154764,48,STRONG_BUY,BUY_LIMIT,3,60,TRENDING,Oracle BULLISH +3/5 | BUY_LIMIT 60%,1727020800000,backtest,WIN,1727049600000,64487.793648,,,,,binance
2944,BTCUSDT,LONG,4h,63514.34,65051.414545,62361.534091,48,STRONG_BUY,BUY_LIMIT,3,60,TRENDING,Oracle BULLISH +3/5 | BUY_LIMIT 60%,1727308800000,backtest,WIN,1727352000000,65051.414545,,,,,binance
3114,ETHUSDT,LONG,4h,2629.8,2713.081395,2567.338954,48,BUY,BUY_LIMIT,3,60,TRENDING,Oracle NEUTRAL +3/5 | BUY_LIMIT 60%,1727323200000,backtest,WIN,1727452800000,2713.081395,,,,,binance
3115,ETHUSDT,LONG,4h,2645.61,2716.345496,2592.558378,48,BUY,BUY_LIMIT,3,60,TRENDING,Oracle BEARISH +3/5 | BUY_LIMIT 60%,1727755200000,backtest,LOSS,1727784000000,2592.558378,,,,,binance
3116,ETHUSDT,SHORT,4h,2524.81,2439.618271,2588.703797,66,STRONG_SELL,SELL_LIMIT,-4,60,TRENDING,Oracle BEARISH -4/5 | SELL_LIMIT 60%,1727784000000,backtest,WIN,1727798400000,2439.618271,,,,,binance
3117,ETHUSDT,SHORT,4h,2396.54,2285.126814,2452.246593,48,STRONG_SELL,SELL_LIMIT,-3,60,SUPER TREND,Oracle BEARISH -3/5 | SELL_LIMIT 60%,1728144000000,backtest,LOSS,1728216000000,2452.246593,,,,,binance
2945,BTCUSDT,LONG,4h,63530.51,64836.464457,62551.044157,66,STRONG_BUY,BUY_LIMIT,4,60,TRENDING,Oracle BULLISH +4/5 | BUY_LIMIT 60%,1728259200000,backtest,LOSS,1728331200000,62551.044157,,,,,binance
2946,BTCUSDT,LONG,4h,62629.8,64222.027981,61435.629015,48,STRONG_BUY,BUY_LIMIT,3,60,TRENDING,Oracle BULLISH +3/5 | BUY_LIMIT 60%,1728345600000,backtest,LOSS,1728489600000,61435.629015,,,,,binance
2947,BTCUSDT,LONG,4h,62624.01,64167.522289,61466.375783,48,STRONG_BUY,BUY_LIMIT,3,60,TRENDING,Oracle BULLISH +3/5 | BUY_LIMIT 60%,1728374400000,backtest,LOSS,1728489600000,61466.375783,,,,,binance
2948,BTCUSDT,LONG,4h,63086.01,64772.147718,61821.406712,66,STRONG_BUY,BUY_LIMIT,4,60,TRENDING,Oracle BULLISH +4/5 | BUY_LIMIT 60%,1728662400000,backtest,WIN,1728892800000,64772.147718,,,,,binance
2949,BTCUSDT,LONG,4h,62734.32,64077.444896,61726.976328,66,STRONG_BUY,BUY_LIMIT,4,60,TRENDING,Oracle BULLISH +4/5 | BUY_LIMIT 60%,1728835200000,backtest,WIN,1728864000000,64077.444896,,,,,binance
3118,ETHUSDT,LONG,4h,2521.11,2587.790097,2471.099928,48,BUY,BUY_LIMIT,3,60,TRENDING,Oracle NEUTRAL +3/5 | BUY_LIMIT 60%,1728864000000,backtest,WIN,1728907200000,2587.790097,,,,,binance
3119,ETHUSDT,LONG,4h,2605.8,2726.635877,2545.382062,48,BUY,BUY_LIMIT,3,60,SUPER TREND,Oracle NEUTRAL +3/5 | BUY_LIMIT 60%,1729195200000,backtest,WIN,1729454400000,2726.635877,,,,,binance
3120,ETHUSDT,SHORT,4h,2544.8,2466.510596,2603.517053,66,SELL,SELL_LIMIT,-4,60,TRENDING,Oracle BULLISH -4/5 | SELL_LIMIT 60%,1729728000000,backtest,WIN,1729828800000,2466.510596,,,,,binance
2950,BTCUSDT,LONG,4h,68309.79,69812.46312,67182.78516,66,STRONG_BUY,BUY_LIMIT,4,60,TRENDING,Oracle BULLISH +4/5 | BUY_LIMIT 60%,1729785600000,backtest,LOSS,1729872000000,67182.78516,,,,,binance
2951,BTCUSDT,LONG,4h,67791.99,69119.360537,66796.462097,48,STRONG_BUY,BUY_LIMIT,3,60,SLEEPING,Oracle BULLISH +3/5 | BUY_LIMIT 60%,1730030400000,backtest,WIN,1730116800000,69119.360537,,,,,binance
3121,ETHUSDT,SHORT,4h,2477.71,2405.450483,2531.904637,48,SELL,SELL_LIMIT,-3,60,SLEEPING,Oracle BULLISH -3/5 | SELL_LIMIT 60%,1730073600000,backtest,LOSS,1730102400000,2531.904637,,,,,binance
3122,ETHUSDT,LONG,4h,2607.75,2693.70944,2543.28042,66,STRONG_BUY,BUY_LIMIT,4,60,TRENDING,Oracle BULLISH +4/5 | BUY_LIMIT 60%,1730160000000,backtest,WIN,1730275200000,2693.70944,,,,,binance
3123,ETHUSDT,SHORT,4h,2514.33,2421.974726,2583.596456,66,SELL,SELL_LIMIT,-4,60,TRENDING,Oracle BULLISH -4/5 | SELL_LIMIT 60%,1730390400000,backtest,LOSS,1730462400000,2583.596456,,,,,binance
3124,ETHUSDT,LONG,4h,2579.31,2688.804482,2497.189138,66,STRONG_BUY,BUY_LIMIT,4,60,TRENDING,Oracle BULLISH +4/5 | BUY_LIMIT 60%,1730851200000,backtest,WIN,1730923200000,2688.804482,,,,,binance
2952,BTCUSDT,LONG,4h,73370.89,76265.483981,71199.944514,66,STRONG_BUY,BUY_LIMIT,4,60,TRENDING,Oracle BULLISH +4/5 | BUY_LIMIT 60%,1730865600000,backtest,WIN,1730923200000,76265.483981,,,,,binance
3125,ETHUSDT,LONG,4h,3309.28,3599.531638,3164.154181,66,STRONG_BUY,BUY_LIMIT,4,60,SUPER TREND,Oracle BULLISH +4/5 | BUY_LIMIT 60%,1731499200000,backtest,LOSS,1731513600000,3164.154181,,,,,binance
3126,ETHUSDT,LONG,4h,3217.21,3511.931323,3069.849339,48,STRONG_BUY,BUY_LIMIT,3,60,SUPER TREND,Oracle BULLISH +3/5 | BUY_LIMIT 60%,1731542400000,backtest,LOSS,1731585600000,3069.849339,,,,,binance
2953,BTCUSDT,LONG,4h,88218.21,94989.837522,84832.396239,48,STRONG_BUY,BUY_LIMIT,3,60,SUPER TREND,Oracle BULLISH +3/5 | BUY_LIMIT 60%,1731628800000,backtest,WIN,1732147200000,94989.837522,,,,,binance
2954,BTCUSDT,LONG,4h,89741.25,94152.128984,86433.090762,66,STRONG_BUY,BUY_LIMIT,4,60,TRENDING,Oracle BULLISH +4/5 | BUY_LIMIT 60%,1731657600000,backtest,WIN,1732104000000,94152.128984,,,,,binance
2955,BTCUSDT,LONG,4h,92309.51,95734.517944,89740.754042,48,STRONG_BUY,BUY_LIMIT,3,60,SLEEPING,Oracle BULLISH +3/5 | BUY_LIMIT 60%,1731931200000,backtest,LOSS,1731945600000,89740.754042,,,,,binance
2956,BTCUSDT,LONG,4h,91428,94929.963262,88801.527553,48,STRONG_BUY,BUY_LIMIT,3,60,SLEEPING,Oracle BULLISH +3/5 | BUY_LIMIT 60%,1731974400000,backtest,WIN,1732147200000,94929.963262,,,,,binance
3127,ETHUSDT,LONG,4h,3277.03,3433.753364,3159.487477,48,STRONG_BUY,BUY_LIMIT,3,60,TRENDING,Oracle BULLISH +3/5 | BUY_LIMIT 60%,1732190400000,backtest,WIN,1732363200000,3433.753364,,,,,binance
3128,ETHUSDT,LONG,4h,3362.66,3517.537735,3246.501699,48,STRONG_BUY,BUY_LIMIT,3,60,TRENDING,Oracle BULLISH +3/5 | BUY_LIMIT 60%,1732248000000,backtest,WIN,1732521600000,3517.537735,,,,,binance
3129,ETHUSDT,LONG,4h,3361.2,3500.698273,3256.576295,48,STRONG_BUY,BUY_LIMIT,3,60,TRENDING,Oracle BULLISH +3/5 | BUY_LIMIT 60%,1732478400000,backtest,WIN,1732521600000,3500.698273,,,,,binance
2957,BTCUSDT,LONG,4h,97900.04,100412.131648,96015.971264,48,STRONG_BUY,BUY_LIMIT,3,60,TRENDING,Oracle BULLISH +3/5 | BUY_LIMIT 60%,1732478400000,backtest,LOSS,1732536000000,96015.971264,,,,,binance
3130,ETHUSDT,LONG,4h,3361.03,3527.627859,3236.081606,48,STRONG_BUY,BUY_LIMIT,3,60,TRENDING,Oracle BULLISH +3/5 | BUY_LIMIT 60%,1732665600000,backtest,WIN,1732708800000,3527.627859,,,,,binance
2958,BTCUSDT,LONG,4h,97237.91,100186.643691,95026.359732,48,STRONG_BUY,BUY_LIMIT,3,60,SLEEPING,Oracle BULLISH +3/5 | BUY_LIMIT 60%,1732867200000,backtest,LOSS,1733126400000,95026.359732,,,,,binance
2959,BTCUSDT,LONG,4h,97108.89,99281.625675,95479.338244,48,STRONG_BUY,BUY_LIMIT,3,60,SLEEPING,Oracle BULLISH +3/5 | BUY_LIMIT 60%,1733040000000,backtest,LOSS,1733126400000,95479.338244,,,,,binance
3131,ETHUSDT,LONG,4h,3672.13,3811.146417,3567.867687,48,STRONG_BUY,BUY_LIMIT,3,60,SLEEPING,Oracle BULLISH +3/5 | BUY_LIMIT 60%,1733140800000,backtest,LOSS,1733155200000,3567.867687,,,,,binance
2960,BTCUSDT,LONG,4h,97048,99443.118809,95251.660893,48,STRONG_BUY,BUY_LIMIT,3,60,SLEEPING,Oracle BULLISH +3/5 | BUY_LIMIT 60%,1733140800000,backtest,LOSS,1733155200000,95251.660893,,,,,binance
3132,ETHUSDT,LONG,4h,3661.8,3805.518721,3554.01096,48,STRONG_BUY,BUY_LIMIT,3,60,SLEEPING,Oracle BULLISH +3/5 | BUY_LIMIT 60%,1733270400000,backtest,WIN,1733313600000,3805.518721,,,,,binance
2961,BTCUSDT,LONG,4h,96588.81,99181.026331,94644.647752,48,STRONG_BUY,BUY_LIMIT,3,60,SLEEPING,Oracle BULLISH +3/5 | BUY_LIMIT 60%,1733284800000,backtest,LOSS,1733328000000,94644.647752,,,,,binance
2962,BTCUSDT,LONG,4h,97209.64,99918.87637,95177.712723,48,STRONG_BUY,BUY_LIMIT,3,60,SLEEPING,Oracle BULLISH +3/5 | BUY_LIMIT 60%,1733328000000,backtest,WIN,1733356800000,99918.87637,,,,,binance
2963,BTCUSDT,LONG,4h,101292.01,104841.092412,98630.198191,66,STRONG_BUY,BUY_LIMIT,4,60,TRENDING,Oracle BULLISH +4/5 | BUY_LIMIT 60%,1733400000000,backtest,LOSS,1733414400000,98630.198191,,,,,binance
2964,BTCUSDT,LONG,4h,101122.71,104675.039472,98458.462896,48,STRONG_BUY,BUY_LIMIT,3,60,SLEEPING,Oracle BULLISH +3/5 | BUY_LIMIT 60%,1733932800000,backtest,WIN,1734292800000,104675.039472,,,,,binance
3133,ETHUSDT,LONG,4h,3935,4121.678524,3794.991107,66,STRONG_BUY,BUY_LIMIT,4,60,SLEEPING,Oracle BULLISH +4/5 | BUY_LIMIT 60%,1733961600000,backtest,LOSS,1734537600000,3794.991107,,,,,binance
2965,BTCUSDT,LONG,4h,101462.34,104582.314422,99122.359184,48,STRONG_BUY,BUY_LIMIT,3,60,SLEEPING,Oracle BULLISH +3/5 | BUY_LIMIT 60%,1734105600000,backtest,WIN,1734292800000,104582.314422,,,,,binance
3134,ETHUSDT,LONG,4h,3959.09,4093.789112,3858.065666,48,STRONG_BUY,BUY_LIMIT,3,60,TRENDING,Oracle BULLISH +3/5 | BUY_LIMIT 60%,1734292800000,backtest,WIN,1734364800000,4093.789112,,,,,binance
3135,ETHUSDT,LONG,4h,3941.21,4078.862986,3837.970261,48,STRONG_BUY,BUY_LIMIT,3,60,TRENDING,Oracle BULLISH +3/5 | BUY_LIMIT 60%,1734350400000,backtest,WIN,1734364800000,4078.862986,,,,,binance
3136,ETHUSDT,SHORT,4h,3613.92,3440.704367,3743.831725,66,SELL,SELL_LIMIT,-4,60,TRENDING,Oracle BULLISH -4/5 | SELL_LIMIT 60%,1734609600000,backtest,WIN,1734624000000,3440.704367,,,,,binance
2966,BTCUSDT,LONG,4h,99429.6,102786.138678,96912.195991,66,STRONG_BUY,BUY_LIMIT,4,60,TRENDING,Oracle BULLISH +4/5 | BUY_LIMIT 60%,1735156800000,backtest,LOSS,1735200000000,96912.195991,,,,,binance
3137,ETHUSDT,SHORT,4h,3422,3274.967567,3532.274325,48,SELL,SELL_LIMIT,-3,60,TRENDING,Oracle BULLISH -3/5 | SELL_LIMIT 60%,1735185600000,backtest,REVIEW,,,,,,,binance
2967,BTCUSDT,LONG,4h,96952.38,100195.886559,94519.750081,48,STRONG_BUY,BUY_LIMIT,3,60,TRENDING,Oracle BULLISH +3/5 | BUY_LIMIT 60%,1735286400000,backtest,LOSS,1735300800000,94519.750081,,,,,binance
3138,ETHUSDT,SHORT,4h,3355.38,3231.240265,3448.484801,48,SELL,SELL_LIMIT,-3,60,SLEEPING,Oracle NEUTRAL -3/5 | SELL_LIMIT 60%,1735660800000,backtest,LOSS,1735804800000,3448.484801,,,,,binance
2968,BTCUSDT,LONG,4h,96732.99,99156.201241,94915.581569,48,STRONG_BUY,BUY_LIMIT,3,60,SLEEPING,Oracle BULLISH +3/5 | BUY_LIMIT 60%,1735804800000,backtest,WIN,1736121600000,99156.201241,,,,,binance
3139,ETHUSDT,LONG,4h,3565.13,3673.643454,3483.74491,48,STRONG_BUY,BUY_LIMIT,3,60,TRENDING,Oracle BULLISH +3/5 | BUY_LIMIT 60%,1735905600000,backtest,WIN,1736035200000,3673.643454,,,,,binance
3140,ETHUSDT,SHORT,4h,3462.64,3339.389295,3555.078029,66,SELL,SELL_LIMIT,-4,60,TRENDING,Oracle BULLISH -4/5 | SELL_LIMIT 60%,1736251200000,backtest,WIN,1736308800000,3339.389295,,,,,binance
3141,ETHUSDT,SHORT,4h,3137.51,2984.667443,3252.141918,66,SELL,SELL_LIMIT,-4,60,TRENDING,Oracle NEUTRAL -4/5 | SELL_LIMIT 60%,1736798400000,backtest,LOSS,1736841600000,3252.141918,,,,,binance
2969,BTCUSDT,LONG,4h,96548.04,99657.453469,94215.979898,66,BUY,BUY_LIMIT,4,60,TRENDING,Oracle NEUTRAL +4/5 | BUY_LIMIT 60%,1736841600000,backtest,WIN,1736942400000,99657.453469,,,,,binance
3142,ETHUSDT,LONG,4h,3434.99,3585.594837,3322.036372,66,BUY,BUY_LIMIT,4,60,TRENDING,Oracle NEUTRAL +4/5 | BUY_LIMIT 60%,1736956800000,backtest,LOSS,1737014400000,3322.036372,,,,,binance
3143,ETHUSDT,LONG,4h,3423.24,3570.025869,3313.150598,48,BUY,BUY_LIMIT,3,60,TRENDING,Oracle NEUTRAL +3/5 | BUY_LIMIT 60%,1737100800000,backtest,LOSS,1737172800000,3313.150598,,,,,binance
3144,ETHUSDT,SHORT,4h,3149.97,2984.84035,3273.817237,48,SELL,SELL_LIMIT,-3,60,TRENDING,Oracle NEUTRAL -3/5 | SELL_LIMIT 60%,1737273600000,backtest,LOSS,1737288000000,3273.817237,,,,,binance
3145,ETHUSDT,SHORT,4h,3215.12,2999.58352,3376.77236,48,SELL,SELL_LIMIT,-3,60,TRENDING,Oracle NEUTRAL -3/5 | SELL_LIMIT 60%,1737316800000,backtest,LOSS,1737345600000,3376.77236,,,,,binance
2970,BTCUSDT,LONG,4h,107120.65,111952.096263,103497.065302,66,STRONG_BUY,BUY_LIMIT,4,60,TRENDING,Oracle BULLISH +4/5 | BUY_LIMIT 60%,1737345600000,backtest,LOSS,1737388800000,103497.065302,,,,,binance
3146,ETHUSDT,SHORT,4h,3284,3049.27748,3460.04189,48,SELL,SELL_LIMIT,-3,60,TRENDING,Oracle NEUTRAL -3/5 | SELL_LIMIT 60%,1737403200000,backtest,WIN,1737950400000,3049.27748,,,,,binance
2971,BTCUSDT,LONG,4h,103758.25,109209.797787,99669.58916,48,STRONG_BUY,BUY_LIMIT,3,60,TRENDING,Oracle BULLISH +3/5 | BUY_LIMIT 60%,1737446400000,backtest,LOSS,1737950400000,99669.58916,,,,,binance
3147,ETHUSDT,SHORT,4h,3278.39,3102.034287,3410.656785,48,SELL,SELL_LIMIT,-3,60,SLEEPING,Oracle NEUTRAL -3/5 | SELL_LIMIT 60%,1737547200000,backtest,LOSS,1737691200000,3410.656785,,,,,binance
2972,BTCUSDT,LONG,4h,105263.52,109728.013578,101915.149816,48,STRONG_BUY,BUY_LIMIT,3,60,SLEEPING,Oracle BULLISH +3/5 | BUY_LIMIT 60%,1737633600000,backtest,LOSS,1737936000000,101915.149816,,,,,binance
2973,BTCUSDT,LONG,4h,105046.8,109707.887067,101550.9847,48,STRONG_BUY,BUY_LIMIT,3,60,SLEEPING,Oracle BULLISH +3/5 | BUY_LIMIT 60%,1737691200000,backtest,LOSS,1737936000000,101550.9847,,,,,binance
2974,BTCUSDT,LONG,4h,105202.4,109193.608073,102208.993945,48,STRONG_BUY,BUY_LIMIT,3,60,SLEEPING,Oracle BULLISH +3/5 | BUY_LIMIT 60%,1737763200000,backtest,LOSS,1737936000000,102208.993945,,,,,binance
2975,BTCUSDT,LONG,4h,104897.79,108387.149897,102280.770077,48,STRONG_BUY,BUY_LIMIT,3,60,SLEEPING,Oracle BULLISH +3/5 | BUY_LIMIT 60%,1737806400000,backtest,LOSS,1737936000000,102280.770077,,,,,binance
2976,BTCUSDT,LONG,4h,105062.42,108142.692461,102752.215654,48,STRONG_BUY,BUY_LIMIT,3,60,SLEEPING,Oracle BULLISH +3/5 | BUY_LIMIT 60%,1737849600000,backtest,LOSS,1737921600000,102752.215654,,,,,binance
3148,ETHUSDT,SHORT,4h,3232.61,3112.453646,3322.727265,48,SELL,SELL_LIMIT,-3,60,SLEEPING,Oracle NEUTRAL -3/5 | SELL_LIMIT 60%,1737921600000,backtest,WIN,1737950400000,3112.453646,,,,,binance
3149,ETHUSDT,SHORT,4h,3133.4,2991.742795,3239.642904,48,SELL,SELL_LIMIT,-3,60,SLEEPING,Oracle NEUTRAL -3/5 | SELL_LIMIT 60%,1737979200000,backtest,LOSS,1738238400000,3239.642904,,,,,binance
2977,BTCUSDT,LONG,4h,103583.99,106812.617669,101162.519248,48,STRONG_BUY,BUY_LIMIT,3,60,SLEEPING,Oracle BULLISH +3/5 | BUY_LIMIT 60%,1738166400000,backtest,LOSS,1738440000000,101162.519248,,,,,binance
3150,ETHUSDT,LONG,4h,3335.16,3471.115208,3233.193594,48,STRONG_BUY,BUY_LIMIT,3,60,SLEEPING,Oracle BULLISH +3/5 | BUY_LIMIT 60%,1738310400000,backtest,LOSS,1738396800000,3233.193594,,,,,binance
3151,ETHUSDT,SHORT,4h,3077.97,2932.109831,3187.365127,48,STRONG_SELL,SELL_LIMIT,-3,60,SLEEPING,Oracle BEARISH -3/5 | SELL_LIMIT 60%,1738454400000,backtest,WIN,1738512000000,2932.109831,,,,,binance
2978,BTCUSDT,LONG,4h,101880,106390.62139,98497.033958,66,STRONG_BUY,BUY_LIMIT,4,60,TRENDING,Oracle BULLISH +4/5 | BUY_LIMIT 60%,1738598400000,backtest,LOSS,1738641600000,98497.033958,,,,,binance
3152,ETHUSDT,SHORT,4h,2721.73,2539.470002,2858.424998,66,STRONG_SELL,SELL_LIMIT,-4,60,TRENDING,Oracle BEARISH -4/5 | SELL_LIMIT 60%,1738929600000,backtest,WIN,1739131200000,2539.470002,,,,,binance
3153,ETHUSDT,SHORT,4h,2662.36,2541.173877,2753.249592,48,STRONG_SELL,SELL_LIMIT,-3,60,SLEEPING,Oracle BEARISH -3/5 | SELL_LIMIT 60%,1739275200000,backtest,LOSS,1739390400000,2753.249592,,,,,binance
3154,ETHUSDT,SHORT,4h,2683.47,2594.224733,2750.403951,48,STRONG_SELL,SELL_LIMIT,-3,60,SLEEPING,Oracle BEARISH -3/5 | SELL_LIMIT 60%,1739721600000,backtest,LOSS,1739779200000,2750.403951,,,,,binance
2979,BTCUSDT,LONG,4h,98422.8,100470.859642,96886.755269,48,BUY,BUY_LIMIT,3,60,SLEEPING,Oracle NEUTRAL +3/5 | BUY_LIMIT 60%,1740067200000,backtest,LOSS,1740153600000,96886.755269,,,,,binance
2980,BTCUSDT,LONG,4h,98179.76,100033.362534,96789.558099,66,BUY,BUY_LIMIT,4,60,TRENDING,Oracle NEUTRAL +4/5 | BUY_LIMIT 60%,1740110400000,backtest,LOSS,1740153600000,96789.558099,,,,,binance
3155,ETHUSDT,SHORT,4h,2223.31,1999.63491,2335.147545,66,STRONG_SELL,SELL_LIMIT,-4,60,SUPER TREND,Oracle BEARISH -4/5 | SELL_LIMIT 60%,1740844800000,backtest,LOSS,1740931200000,2335.147545,,,,,binance
3156,ETHUSDT,SHORT,4h,2172.65,1969.039345,2325.357991,66,STRONG_SELL,SELL_LIMIT,-4,60,TRENDING,Oracle BEARISH -4/5 | SELL_LIMIT 60%,1741104000000,backtest,WIN,1741622400000,1969.039345,,,,,binance
3157,ETHUSDT,SHORT,4h,2198.34,2041.478166,2315.986376,48,STRONG_SELL,SELL_LIMIT,-3,60,SLEEPING,Oracle BEARISH -3/5 | SELL_LIMIT 60%,1741276800000,backtest,WIN,1741536000000,2041.478166,,,,,binance
3158,ETHUSDT,SHORT,4h,1895.01,1818.285253,1952.55356,66,STRONG_SELL,SELL_LIMIT,-4,60,SLEEPING,Oracle BEARISH -4/5 | SELL_LIMIT 60%,1742126400000,backtest,LOSS,1742371200000,1952.55356,,,,,binance
2981,BTCUSDT,LONG,4h,87498.16,89361.704738,86100.501447,66,STRONG_BUY,BUY_LIMIT,4,60,TRENDING,Oracle BULLISH +4/5 | BUY_LIMIT 60%,1742846400000,backtest,LOSS,1743004800000,86100.501447,,,,,binance
2982,BTCUSDT,LONG,4h,87370.43,89260.402088,85952.950934,66,STRONG_BUY,BUY_LIMIT,4,60,TRENDING,Oracle BULLISH +4/5 | BUY_LIMIT 60%,1742889600000,backtest,LOSS,1743004800000,85952.950934,,,,,binance
2983,BTCUSDT,LONG,4h,88140.45,90132.520304,86646.397272,66,BUY,BUY_LIMIT,4,60,TRENDING,Oracle NEUTRAL +4/5 | BUY_LIMIT 60%,1742961600000,backtest,LOSS,1742990400000,86646.397272,,,,,binance
2984,BTCUSDT,LONG,4h,87670.18,89671.434988,86169.238759,66,STRONG_BUY,BUY_LIMIT,4,60,TRENDING,Oracle BULLISH +4/5 | BUY_LIMIT 60%,1743033600000,backtest,LOSS,1743076800000,86169.238759,,,,,binance
2985,BTCUSDT,LONG,4h,86757.67,89128.634432,84979.446676,66,BUY,BUY_LIMIT,4,60,TRENDING,Oracle BEARISH +4/5 | BUY_LIMIT 60%,1743595200000,backtest,LOSS,1743624000000,84979.446676,,,,,binance
3159,ETHUSDT,SHORT,4h,1817.93,1727.912527,1885.443105,66,STRONG_SELL,SELL_LIMIT,-4,60,TRENDING,Oracle BEARISH -4/5 | SELL_LIMIT 60%,1743739200000,backtest,WIN,1743955200000,1727.912527,,,,,binance
3160,ETHUSDT,SHORT,4h,1797.69,1727.454762,1850.366428,48,STRONG_SELL,SELL_LIMIT,-3,60,SLEEPING,Oracle BEARISH -3/5 | SELL_LIMIT 60%,1743912000000,backtest,WIN,1743955200000,1727.454762,,,,,binance
2986,BTCUSDT,LONG,4h,85008.4,88392.953608,82469.984794,48,STRONG_BUY,BUY_LIMIT,3,60,SLEEPING,Oracle BULLISH +3/5 | BUY_LIMIT 60%,1744459200000,backtest,REVIEW,,,,,,,binance
2987,BTCUSDT,LONG,4h,83981.31,86967.904695,81741.363979,66,BUY,BUY_LIMIT,4,60,TRENDING,Oracle NEUTRAL +4/5 | BUY_LIMIT 60%,1744560000000,backtest,REVIEW,,,,,,,binance
2988,BTCUSDT,LONG,4h,84566.03,87595.137058,82294.199706,66,BUY,BUY_LIMIT,4,60,TRENDING,Oracle NEUTRAL +4/5 | BUY_LIMIT 60%,1744588800000,backtest,WIN,1745193600000,87595.137058,,,,,binance
2989,BTCUSDT,LONG,4h,84846.58,87276.094228,83024.444329,66,BUY,BUY_LIMIT,4,60,TRENDING,Oracle NEUTRAL +4/5 | BUY_LIMIT 60%,1744804800000,backtest,WIN,1745193600000,87276.094228,,,,,binance
2990,BTCUSDT,LONG,4h,84669.98,87066.657145,82872.472141,48,BUY,BUY_LIMIT,3,60,TRENDING,Oracle NEUTRAL +3/5 | BUY_LIMIT 60%,1744862400000,backtest,WIN,1745193600000,87066.657145,,,,,binance
2991,BTCUSDT,LONG,4h,84849.06,87141.818552,83129.491086,48,BUY,BUY_LIMIT,3,60,SLEEPING,Oracle NEUTRAL +3/5 | BUY_LIMIT 60%,1744905600000,backtest,WIN,1745193600000,87141.818552,,,,,binance
2992,BTCUSDT,LONG,4h,84562.83,86308.595976,83253.505518,48,BUY,BUY_LIMIT,3,60,SLEEPING,Oracle NEUTRAL +3/5 | BUY_LIMIT 60%,1744992000000,backtest,WIN,1745193600000,86308.595976,,,,,binance
2993,BTCUSDT,LONG,4h,84883.71,86523.301684,83654.016237,48,STRONG_BUY,BUY_LIMIT,3,60,SLEEPING,Oracle BULLISH +3/5 | BUY_LIMIT 60%,1745020800000,backtest,WIN,1745193600000,86523.301684,,,,,binance
3787,DOGEUSDT,SHORT,4h,0.15526,0.149474,0.159599,48,SELL,SELL_LIMIT,-3,60,SLEEPING,Oracle NEUTRAL -3/5 | SELL_LIMIT 60%,1745179200000,backtest,LOSS,1745193600000,0.159599,,,,,binance
3701,ATOMUSDT,SHORT,4h,4.149,4.003563,4.258077,48,STRONG_SELL,SELL_LIMIT,-3,60,SLEEPING,Oracle BEARISH -3/5 | SELL_LIMIT 60%,1745179200000,backtest,LOSS,1745208000000,4.258077,,,,,binance
2994,BTCUSDT,LONG,4h,85179.24,86492.625562,84194.200828,48,STRONG_BUY,BUY_LIMIT,3,60,SLEEPING,Oracle BULLISH +3/5 | BUY_LIMIT 60%,1745179200000,backtest,WIN,1745193600000,86492.625562,,,,,binance
2995,BTCUSDT,LONG,4h,86971.92,88588.129709,85759.762718,66,STRONG_BUY,BUY_LIMIT,4,60,TRENDING,Oracle BULLISH +4/5 | BUY_LIMIT 60%,1745222400000,backtest,WIN,1745280000000,88588.129709,,,,,binance
3702,ATOMUSDT,SHORT,4h,4.154,3.997756,4.271183,48,STRONG_SELL,SELL_LIMIT,-3,60,TRENDING,Oracle BEARISH -3/5 | SELL_LIMIT 60%,1745251200000,backtest,WIN,1745280000000,3.997756,,,,,binance
3456,FETUSDT,LONG,4h,0.606,0.654132,0.569901,66,BUY,BUY_LIMIT,4,60,TRENDING,Oracle NEUTRAL +4/5 | BUY_LIMIT 60%,1745265600000,backtest,WIN,1745496000000,0.654132,,,,,binance
3864,APTUSDT,SHORT,4h,4.871,4.654093,5.03368,66,SELL,SELL_LIMIT,-4,60,TRENDING,Oracle NEUTRAL -4/5 | SELL_LIMIT 60%,1745280000000,backtest,LOSS,1745323200000,5.03368,,,,,binance
3299,TRXUSDT,LONG,4h,0.2482,0.25316,0.24448,48,STRONG_BUY,BUY_LIMIT,3,60,TRENDING,Oracle BULLISH +3/5 | BUY_LIMIT 60%,1745294400000,backtest,LOSS,1745323200000,0.24448,,,,,binance
3300,TRXUSDT,LONG,4h,0.2467,0.252115,0.242639,48,STRONG_BUY,BUY_LIMIT,3,60,TRENDING,Oracle BULLISH +3/5 | BUY_LIMIT 60%,1745323200000,backtest,LOSS,1745467200000,0.242639,,,,,binance
3865,APTUSDT,LONG,4h,5.266,5.515868,5.078599,66,BUY,BUY_LIMIT,4,60,TRENDING,Oracle NEUTRAL +4/5 | BUY_LIMIT 60%,1745352000000,backtest,WIN,1745496000000,5.515868,,,,,binance
3376,XRPUSDT,LONG,4h,2.228,2.368453,2.157774,66,BUY,BUY_LIMIT,4,60,SUPER TREND,Oracle NEUTRAL +4/5 | BUY_LIMIT 60%,1745409600000,backtest,LOSS,1745467200000,2.157774,,,,,binance
3161,ETHUSDT,LONG,4h,1768.18,1889.781594,1707.379203,66,BUY,BUY_LIMIT,4,60,SUPER TREND,Oracle NEUTRAL +4/5 | BUY_LIMIT 60%,1745452800000,backtest,REVIEW,,,,,,,binance
3788,DOGEUSDT,LONG,4h,0.17287,0.186972,0.165819,66,BUY,BUY_LIMIT,4,60,SUPER TREND,Oracle NEUTRAL +4/5 | BUY_LIMIT 60%,1745452800000,backtest,WIN,1745625600000,0.186972,,,,,binance
3618,ARBUSDT,LONG,4h,0.3319,0.358786,0.318457,66,BUY,BUY_LIMIT,4,60,SUPER TREND,Oracle NEUTRAL +4/5 | BUY_LIMIT 60%,1745452800000,backtest,WIN,1745712000000,0.358786,,,,,binance
3538,NEARUSDT,LONG,4h,2.422,2.622489,2.321756,66,BUY,BUY_LIMIT,4,60,SUPER TREND,Oracle NEUTRAL +4/5 | BUY_LIMIT 60%,1745481600000,backtest,WIN,1745568000000,2.622489,,,,,binance
3162,ETHUSDT,LONG,4h,1764.62,1881.285289,1706.287356,66,BUY,BUY_LIMIT,4,60,SUPER TREND,Oracle NEUTRAL +4/5 | BUY_LIMIT 60%,1745496000000,backtest,REVIEW,,,,,,,binance
3377,XRPUSDT,LONG,4h,2.2126,2.358131,2.139835,66,BUY,BUY_LIMIT,4,60,SUPER TREND,Oracle NEUTRAL +4/5 | BUY_LIMIT 60%,1745496000000,backtest,WIN,1745827200000,2.358131,,,,,binance
3301,TRXUSDT,LONG,4h,0.247,0.254914,0.243043,48,STRONG_BUY,BUY_LIMIT,3,60,SUPER TREND,Oracle BULLISH +3/5 | BUY_LIMIT 60%,1745496000000,backtest,LOSS,1745539200000,0.243043,,,,,binance
3703,ATOMUSDT,LONG,4h,4.556,4.871905,4.398048,48,BUY,BUY_LIMIT,3,60,SUPER TREND,Oracle NEUTRAL +3/5 | BUY_LIMIT 60%,1745496000000,backtest,LOSS,1745769600000,4.398048,,,,,binance
3302,TRXUSDT,LONG,4h,0.2456,0.252845,0.241978,48,STRONG_BUY,BUY_LIMIT,3,60,SUPER TREND,Oracle BULLISH +3/5 | BUY_LIMIT 60%,1745640000000,backtest,WIN,1745668800000,0.252845,,,,,binance
3378,XRPUSDT,LONG,4h,2.2197,2.347683,2.155709,48,BUY,BUY_LIMIT,3,60,SUPER TREND,Oracle NEUTRAL +3/5 | BUY_LIMIT 60%,1745640000000,backtest,WIN,1745827200000,2.347683,,,,,binance
3379,XRPUSDT,LONG,4h,2.2277,2.34786,2.16762,48,BUY,BUY_LIMIT,3,60,SUPER TREND,Oracle NEUTRAL +3/5 | BUY_LIMIT 60%,1745755200000,backtest,WIN,1745827200000,2.34786,,,,,binance
3789,DOGEUSDT,LONG,4h,0.18229,0.195847,0.175512,48,BUY,BUY_LIMIT,3,60,SUPER TREND,Oracle NEUTRAL +3/5 | BUY_LIMIT 60%,1745769600000,backtest,LOSS,1745798400000,0.175512,,,,,binance
3619,ARBUSDT,LONG,4h,0.3445,0.361502,0.331749,48,BUY,BUY_LIMIT,3,60,TRENDING,Oracle NEUTRAL +3/5 | BUY_LIMIT 60%,1745812800000,backtest,LOSS,1745841600000,0.331749,,,,,binance
3457,FETUSDT,LONG,4h,0.738,0.803612,0.688791,48,BUY,BUY_LIMIT,3,60,TRENDING,Oracle NEUTRAL +3/5 | BUY_LIMIT 60%,1745812800000,backtest,LOSS,1745956800000,0.688791,,,,,binance
2996,BTCUSDT,LONG,4h,94692.49,96532.062964,93312.810277,66,STRONG_BUY,BUY_LIMIT,4,60,TRENDING,Oracle BULLISH +4/5 | BUY_LIMIT 60%,1745812800000,backtest,LOSS,1746014400000,93312.810277,,,,,binance
3790,DOGEUSDT,LONG,4h,0.18128,0.190166,0.174616,48,BUY,BUY_LIMIT,3,60,TRENDING,Oracle NEUTRAL +3/5 | BUY_LIMIT 60%,1745812800000,backtest,LOSS,1745841600000,0.174616,,,,,binance
3163,ETHUSDT,LONG,4h,1804.79,1869.096047,1756.560465,66,BUY,BUY_LIMIT,4,60,TRENDING,Oracle NEUTRAL +4/5 | BUY_LIMIT 60%,1745812800000,backtest,LOSS,1745841600000,1756.560465,,,,,binance
3866,APTUSDT,LONG,4h,5.582,5.868271,5.367296,66,BUY,BUY_LIMIT,4,60,TRENDING,Oracle NEUTRAL +4/5 | BUY_LIMIT 60%,1745812800000,backtest,LOSS,1745971200000,5.367296,,,,,binance
3539,NEARUSDT,LONG,4h,2.576,2.714079,2.472441,48,BUY,BUY_LIMIT,3,60,TRENDING,Oracle NEUTRAL +3/5 | BUY_LIMIT 60%,1745827200000,backtest,LOSS,1745841600000,2.472441,,,,,binance
3540,NEARUSDT,LONG,4h,2.598,2.753058,2.481707,48,BUY,BUY_LIMIT,3,60,TRENDING,Oracle NEUTRAL +3/5 | BUY_LIMIT 60%,1745856000000,backtest,LOSS,1746014400000,2.481707,,,,,binance
2997,BTCUSDT,LONG,4h,94787.2,96891.452902,93209.010324,66,STRONG_BUY,BUY_LIMIT,4,60,TRENDING,Oracle BULLISH +4/5 | BUY_LIMIT 60%,1745856000000,backtest,LOSS,1746014400000,93209.010324,,,,,binance
3867,APTUSDT,LONG,4h,5.592,5.894919,5.364811,66,BUY,BUY_LIMIT,4,60,TRENDING,Oracle NEUTRAL +4/5 | BUY_LIMIT 60%,1745856000000,backtest,LOSS,1745971200000,5.364811,,,,,binance
3620,ARBUSDT,LONG,4h,0.3411,0.35913,0.327578,48,BUY,BUY_LIMIT,3,60,TRENDING,Oracle NEUTRAL +3/5 | BUY_LIMIT 60%,1745899200000,backtest,LOSS,1745956800000,0.327578,,,,,binance
3458,FETUSDT,LONG,4h,0.742,0.801409,0.697443,48,BUY,BUY_LIMIT,3,60,TRENDING,Oracle NEUTRAL +3/5 | BUY_LIMIT 60%,1745899200000,backtest,LOSS,1745956800000,0.697443,,,,,binance
3164,ETHUSDT,LONG,4h,1808.91,1876.392996,1758.297753,48,BUY,BUY_LIMIT,3,60,TRENDING,Oracle NEUTRAL +3/5 | BUY_LIMIT 60%,1745971200000,backtest,LOSS,1746014400000,1758.297753,,,,,binance
2998,BTCUSDT,LONG,4h,95032.84,97042.753719,93525.404711,66,STRONG_BUY,BUY_LIMIT,4,60,TRENDING,Oracle BULLISH +4/5 | BUY_LIMIT 60%,1745971200000,backtest,LOSS,1746014400000,93525.404711,,,,,binance
3704,ATOMUSDT,SHORT,4h,4.351,4.168719,4.487711,48,SELL,SELL_LIMIT,-3,60,TRENDING,Oracle NEUTRAL -3/5 | SELL_LIMIT 60%,1745985600000,backtest,LOSS,1746144000000,4.487711,,,,,binance
3621,ARBUSDT,SHORT,4h,0.3259,0.309191,0.338432,66,SELL,SELL_LIMIT,-4,60,TRENDING,Oracle NEUTRAL -4/5 | SELL_LIMIT 60%,1745985600000,backtest,LOSS,1746086400000,0.338432,,,,,binance
3165,ETHUSDT,LONG,4h,1815.7,1880.220542,1767.309593,66,BUY,BUY_LIMIT,4,60,TRENDING,Oracle NEUTRAL +4/5 | BUY_LIMIT 60%,1746000000000,backtest,LOSS,1746014400000,1767.309593,,,,,binance
3380,XRPUSDT,SHORT,4h,2.1581,2.064198,2.228527,66,SELL,SELL_LIMIT,-4,60,TRENDING,Oracle NEUTRAL -4/5 | SELL_LIMIT 60%,1746014400000,backtest,LOSS,1746086400000,2.228527,,,,,binance
3622,ARBUSDT,SHORT,4h,0.323,0.30441,0.336943,66,SELL,SELL_LIMIT,-4,60,TRENDING,Oracle NEUTRAL -4/5 | SELL_LIMIT 60%,1746014400000,backtest,LOSS,1746086400000,0.336943,,,,,binance
3541,NEARUSDT,SHORT,4h,2.42,2.274704,2.528972,66,SELL,SELL_LIMIT,-4,60,TRENDING,Oracle NEUTRAL -4/5 | SELL_LIMIT 60%,1746014400000,backtest,LOSS,1746086400000,2.528972,,,,,binance
3791,DOGEUSDT,SHORT,4h,0.16975,0.160868,0.176411,66,STRONG_SELL,SELL_LIMIT,-4,60,TRENDING,Oracle BEARISH -4/5 | SELL_LIMIT 60%,1746014400000,backtest,LOSS,1746086400000,0.176411,,,,,binance
3459,FETUSDT,LONG,4h,0.734,0.795232,0.688076,48,BUY,BUY_LIMIT,3,60,TRENDING,Oracle NEUTRAL +3/5 | BUY_LIMIT 60%,1746028800000,backtest,LOSS,1746259200000,0.688076,,,,,binance
3166,ETHUSDT,LONG,4h,1807.99,1877.305822,1756.003134,66,BUY,BUY_LIMIT,4,60,TRENDING,Oracle NEUTRAL +4/5 | BUY_LIMIT 60%,1746057600000,backtest,LOSS,1746532800000,1756.003134,,,,,binance
2999,BTCUSDT,LONG,4h,94782.6,96829.163868,93247.677099,48,STRONG_BUY,BUY_LIMIT,3,60,TRENDING,Oracle BULLISH +3/5 | BUY_LIMIT 60%,1746057600000,backtest,WIN,1746100800000,96829.163868,,,,,binance
3868,APTUSDT,LONG,4h,5.556,5.830462,5.350153,66,BUY,BUY_LIMIT,4,60,TRENDING,Oracle NEUTRAL +4/5 | BUY_LIMIT 60%,1746086400000,backtest,LOSS,1746244800000,5.350153,,,,,binance
3869,APTUSDT,LONG,4h,5.544,5.80749,5.346382,48,BUY,BUY_LIMIT,3,60,TRENDING,Oracle NEUTRAL +3/5 | BUY_LIMIT 60%,1746115200000,backtest,LOSS,1746244800000,5.346382,,,,,binance
3870,APTUSDT,LONG,4h,5.523,5.771928,5.336304,48,BUY,BUY_LIMIT,3,60,TRENDING,Oracle NEUTRAL +3/5 | BUY_LIMIT 60%,1746144000000,backtest,LOSS,1746259200000,5.336304,,,,,binance
3167,ETHUSDT,LONG,4h,1833.39,1897.616696,1785.219978,48,BUY,BUY_LIMIT,3,60,TRENDING,Oracle NEUTRAL +3/5 | BUY_LIMIT 60%,1746172800000,backtest,LOSS,1746403200000,1785.219978,,,,,binance
3705,ATOMUSDT,SHORT,4h,4.351,4.18981,4.471892,48,SELL,SELL_LIMIT,-3,60,TRENDING,Oracle NEUTRAL -3/5 | SELL_LIMIT 60%,1746230400000,backtest,WIN,1746288000000,4.18981,,,,,binance
3542,NEARUSDT,SHORT,4h,2.47,2.340446,2.567165,48,SELL,SELL_LIMIT,-3,60,TRENDING,Oracle NEUTRAL -3/5 | SELL_LIMIT 60%,1746244800000,backtest,WIN,1746374400000,2.340446,,,,,binance
3381,XRPUSDT,SHORT,4h,2.1881,2.118804,2.240072,48,SELL,SELL_LIMIT,-3,60,TRENDING,Oracle NEUTRAL -3/5 | SELL_LIMIT 60%,1746259200000,backtest,WIN,1746446400000,2.118804,,,,,binance
3871,APTUSDT,SHORT,4h,5.222,4.990478,5.395641,48,SELL,SELL_LIMIT,-3,60,TRENDING,Oracle NEUTRAL -3/5 | SELL_LIMIT 60%,1746259200000,backtest,WIN,1746475200000,4.990478,,,,,binance
3623,ARBUSDT,SHORT,4h,0.3261,0.311132,0.337326,48,SELL,SELL_LIMIT,-3,60,TRENDING,Oracle NEUTRAL -3/5 | SELL_LIMIT 60%,1746259200000,backtest,WIN,1746374400000,0.311132,,,,,binance
3168,ETHUSDT,LONG,4h,1834.53,1888.934632,1793.726526,48,BUY,BUY_LIMIT,3,60,TRENDING,Oracle NEUTRAL +3/5 | BUY_LIMIT 60%,1746273600000,backtest,LOSS,1746403200000,1793.726526,,,,,binance
3624,ARBUSDT,SHORT,4h,0.3246,0.308448,0.336714,48,SELL,SELL_LIMIT,-3,60,TRENDING,Oracle NEUTRAL -3/5 | SELL_LIMIT 60%,1746288000000,backtest,WIN,1746446400000,0.308448,,,,,binance
3382,XRPUSDT,SHORT,4h,2.1872,2.121351,2.236587,48,SELL,SELL_LIMIT,-3,60,TRENDING,Oracle NEUTRAL -3/5 | SELL_LIMIT 60%,1746302400000,backtest,WIN,1746446400000,2.121351,,,,,binance
3169,ETHUSDT,LONG,4h,1840.98,1893.226897,1801.794828,48,BUY,BUY_LIMIT,3,60,SLEEPING,Oracle NEUTRAL +3/5 | BUY_LIMIT 60%,1746331200000,backtest,LOSS,1746403200000,1801.794828,,,,,binance
3383,XRPUSDT,SHORT,4h,2.1891,2.124595,2.237479,48,STRONG_SELL,SELL_LIMIT,-3,60,SLEEPING,Oracle BEARISH -3/5 | SELL_LIMIT 60%,1746345600000,backtest,WIN,1746446400000,2.124595,,,,,binance
3792,DOGEUSDT,SHORT,4h,0.17202,0.165948,0.176574,48,STRONG_SELL,SELL_LIMIT,-3,60,SLEEPING,Oracle BEARISH -3/5 | SELL_LIMIT 60%,1746374400000,backtest,WIN,1746518400000,0.165948,,,,,binance
3384,XRPUSDT,SHORT,4h,2.1758,2.110708,2.224619,48,STRONG_SELL,SELL_LIMIT,-3,60,SLEEPING,Oracle BEARISH -3/5 | SELL_LIMIT 60%,1746374400000,backtest,WIN,1746446400000,2.110708,,,,,binance
3793,DOGEUSDT,SHORT,4h,0.17099,0.164549,0.175821,66,SELL,SELL_LIMIT,-4,60,TRENDING,Oracle NEUTRAL -4/5 | SELL_LIMIT 60%,1746432000000,backtest,WIN,1746518400000,0.164549,,,,,binance
3000,BTCUSDT,LONG,4h,96834.02,98837.065179,95331.736116,66,STRONG_BUY,BUY_LIMIT,4,60,TRENDING,Oracle BULLISH +4/5 | BUY_LIMIT 60%,1746561600000,backtest,WIN,1746662400000,98837.065179,,,,,binance
3170,ETHUSDT,LONG,4h,1826.48,1887.77455,1780.509087,48,BUY,BUY_LIMIT,3,60,TRENDING,Oracle BEARISH +3/5 | BUY_LIMIT 60%,1746576000000,backtest,WIN,1746662400000,1887.77455,,,,,binance
3794,DOGEUSDT,SHORT,4h,0.17184,0.1645,0.177345,48,SELL,SELL_LIMIT,-3,60,TRENDING,Oracle NEUTRAL -3/5 | SELL_LIMIT 60%,1746576000000,backtest,LOSS,1746662400000,0.177345,,,,,binance
3385,XRPUSDT,SHORT,4h,2.1268,2.057064,2.179102,48,STRONG_SELL,SELL_LIMIT,-3,60,TRENDING,Oracle BEARISH -3/5 | SELL_LIMIT 60%,1746619200000,backtest,LOSS,1746662400000,2.179102,,,,,binance
3303,TRXUSDT,LONG,4h,0.2501,0.253957,0.247207,48,STRONG_BUY,BUY_LIMIT,3,60,TRENDING,Oracle BULLISH +3/5 | BUY_LIMIT 60%,1746662400000,backtest,WIN,1746705600000,0.253957,,,,,binance
3460,FETUSDT,LONG,4h,0.715,0.765242,0.677319,66,BUY,BUY_LIMIT,4,60,TRENDING,Oracle NEUTRAL +4/5 | BUY_LIMIT 60%,1746662400000,backtest,WIN,1746720000000,0.765242,,,,,binance
3171,ETHUSDT,LONG,4h,1901.1,1968.77053,1850.347103,48,STRONG_BUY,BUY_LIMIT,3,60,TRENDING,Oracle BULLISH +3/5 | BUY_LIMIT 60%,1746662400000,backtest,WIN,1746705600000,1968.77053,,,,,binance
3625,ARBUSDT,LONG,4h,0.3259,0.342893,0.313155,66,BUY,BUY_LIMIT,4,60,TRENDING,Oracle NEUTRAL +4/5 | BUY_LIMIT 60%,1746662400000,backtest,WIN,1746705600000,0.342893,,,,,binance
3795,DOGEUSDT,LONG,4h,0.17947,0.186888,0.173907,66,BUY,BUY_LIMIT,4,60,TRENDING,Oracle NEUTRAL +4/5 | BUY_LIMIT 60%,1746662400000,backtest,WIN,1746705600000,0.186888,,,,,binance
3386,XRPUSDT,LONG,4h,2.2082,2.280866,2.1537,48,BUY,BUY_LIMIT,3,60,TRENDING,Oracle NEUTRAL +3/5 | BUY_LIMIT 60%,1746691200000,backtest,WIN,1746734400000,2.280866,,,,,binance
3543,NEARUSDT,LONG,4h,2.498,2.629081,2.399689,66,BUY,BUY_LIMIT,4,60,TRENDING,Oracle NEUTRAL +4/5 | BUY_LIMIT 60%,1746691200000,backtest,WIN,1746720000000,2.629081,,,,,binance
3304,TRXUSDT,LONG,4h,0.2545,0.259338,0.250872,66,STRONG_BUY,BUY_LIMIT,4,60,TRENDING,Oracle BULLISH +4/5 | BUY_LIMIT 60%,1746748800000,backtest,WIN,1746777600000,0.259338,,,,,binance
3872,APTUSDT,LONG,4h,5.544,5.992476,5.319762,66,STRONG_BUY,BUY_LIMIT,4,60,SUPER TREND,Oracle BULLISH +4/5 | BUY_LIMIT 60%,1746792000000,backtest,WIN,1746907200000,5.992476,,,,,binance
3172,ETHUSDT,LONG,4h,2462.51,2705.762718,2340.883641,66,STRONG_BUY,BUY_LIMIT,4,60,SUPER TREND,Oracle BULLISH +4/5 | BUY_LIMIT 60%,1746964800000,backtest,WIN,1747152000000,2705.762718,,,,,binance
3706,ATOMUSDT,LONG,4h,5.294,5.740269,5.070865,66,STRONG_BUY,BUY_LIMIT,4,60,SUPER TREND,Oracle BULLISH +4/5 | BUY_LIMIT 60%,1747036800000,backtest,LOSS,1747094400000,5.070865,,,,,binance
3173,ETHUSDT,LONG,4h,2460.72,2698.631523,2341.764239,48,STRONG_BUY,BUY_LIMIT,3,60,SUPER TREND,Oracle BULLISH +3/5 | BUY_LIMIT 60%,1747108800000,backtest,WIN,1747152000000,2698.631523,,,,,binance
3305,TRXUSDT,LONG,4h,0.2653,0.2804,0.25775,48,STRONG_BUY,BUY_LIMIT,3,60,SUPER TREND,Oracle BULLISH +3/5 | BUY_LIMIT 60%,1747123200000,backtest,REVIEW,,,,,,,binance
3001,BTCUSDT,LONG,4h,103729.2,107818.342069,101684.628965,48,STRONG_BUY,BUY_LIMIT,3,60,SUPER TREND,Oracle BULLISH +3/5 | BUY_LIMIT 60%,1747123200000,backtest,LOSS,1747296000000,101684.628965,,,,,binance
3796,DOGEUSDT,LONG,4h,0.23305,0.264518,0.217316,48,STRONG_BUY,BUY_LIMIT,3,60,SUPER TREND,Oracle BULLISH +3/5 | BUY_LIMIT 60%,1747137600000,backtest,LOSS,1747310400000,0.217316,,,,,binance
3544,NEARUSDT,LONG,4h,3.15,3.522119,2.963941,48,STRONG_BUY,BUY_LIMIT,3,60,SUPER TREND,Oracle BULLISH +3/5 | BUY_LIMIT 60%,1747137600000,backtest,LOSS,1747281600000,2.963941,,,,,binance
3461,FETUSDT,LONG,4h,0.841,0.953264,0.784868,48,STRONG_BUY,BUY_LIMIT,3,60,SUPER TREND,Oracle BULLISH +3/5 | BUY_LIMIT 60%,1747137600000,backtest,LOSS,1747281600000,0.784868,,,,,binance
3873,APTUSDT,LONG,4h,5.84,6.460455,5.529772,48,STRONG_BUY,BUY_LIMIT,3,60,SUPER TREND,Oracle BULLISH +3/5 | BUY_LIMIT 60%,1747137600000,backtest,LOSS,1747281600000,5.529772,,,,,binance
3707,ATOMUSDT,LONG,4h,5.318,5.638527,5.077605,66,STRONG_BUY,BUY_LIMIT,4,60,TRENDING,Oracle BULLISH +4/5 | BUY_LIMIT 60%,1747152000000,backtest,LOSS,1747224000000,5.077605,,,,,binance
3174,ETHUSDT,LONG,4h,2554.71,2705.839053,2441.36321,48,STRONG_BUY,BUY_LIMIT,3,60,TRENDING,Oracle BULLISH +3/5 | BUY_LIMIT 60%,1747296000000,backtest,LOSS,1747584000000,2441.36321,,,,,binance
3002,BTCUSDT,LONG,4h,103251.35,105695.476794,101418.254904,48,STRONG_BUY,BUY_LIMIT,3,60,TRENDING,Oracle BULLISH +3/5 | BUY_LIMIT 60%,1747310400000,backtest,WIN,1747584000000,105695.476794,,,,,binance
3874,APTUSDT,SHORT,4h,5.371,4.961101,5.678424,66,SELL,SELL_LIMIT,-4,60,TRENDING,Oracle NEUTRAL -4/5 | SELL_LIMIT 60%,1747324800000,backtest,WIN,1747598400000,4.961101,,,,,binance
3175,ETHUSDT,LONG,4h,2548.69,2702.098488,2433.633634,48,STRONG_BUY,BUY_LIMIT,3,60,TRENDING,Oracle BULLISH +3/5 | BUY_LIMIT 60%,1747339200000,backtest,LOSS,1747584000000,2433.633634,,,,,binance
3875,APTUSDT,SHORT,4h,5.391,5.004293,5.68103,66,SELL,SELL_LIMIT,-4,60,TRENDING,Oracle NEUTRAL -4/5 | SELL_LIMIT 60%,1747368000000,backtest,WIN,1747598400000,5.004293,,,,,binance
3797,DOGEUSDT,LONG,4h,0.22898,0.246898,0.215542,48,BUY,BUY_LIMIT,3,60,SLEEPING,Oracle NEUTRAL +3/5 | BUY_LIMIT 60%,1747396800000,backtest,LOSS,1747440000000,0.215542,,,,,binance
3876,APTUSDT,SHORT,4h,5.379,5.009411,5.656192,66,SELL,SELL_LIMIT,-4,60,SLEEPING,Oracle NEUTRAL -4/5 | SELL_LIMIT 60%,1747396800000,backtest,WIN,1747584000000,5.009411,,,,,binance
3003,BTCUSDT,LONG,4h,103919.39,105664.956368,102610.215224,48,STRONG_BUY,BUY_LIMIT,3,60,SLEEPING,Oracle BULLISH +3/5 | BUY_LIMIT 60%,1747540800000,backtest,WIN,1747569600000,105664.956368,,,,,binance
3306,TRXUSDT,LONG,4h,0.2732,0.280269,0.267898,48,STRONG_BUY,BUY_LIMIT,3,60,SLEEPING,Oracle BULLISH +3/5 | BUY_LIMIT 60%,1747540800000,backtest,LOSS,1747584000000,0.267898,,,,,binance
3307,TRXUSDT,LONG,4h,0.2729,0.279608,0.267869,48,STRONG_BUY,BUY_LIMIT,3,60,SLEEPING,Oracle BULLISH +3/5 | BUY_LIMIT 60%,1747569600000,backtest,LOSS,1747584000000,0.267869,,,,,binance
3798,DOGEUSDT,LONG,4h,0.23661,0.251679,0.225308,66,STRONG_BUY,BUY_LIMIT,4,60,SLEEPING,Oracle BULLISH +4/5 | BUY_LIMIT 60%,1747569600000,backtest,LOSS,1747584000000,0.225308,,,,,binance
3708,ATOMUSDT,LONG,4h,5.105,5.359056,4.914458,66,STRONG_BUY,BUY_LIMIT,4,60,SLEEPING,Oracle BULLISH +4/5 | BUY_LIMIT 60%,1747569600000,backtest,LOSS,1747584000000,4.914458,,,,,binance
3176,ETHUSDT,LONG,4h,2578.99,2694.490447,2492.364665,48,STRONG_BUY,BUY_LIMIT,3,60,SLEEPING,Oracle BULLISH +3/5 | BUY_LIMIT 60%,1747569600000,backtest,LOSS,1747584000000,2492.364665,,,,,binance
3799,DOGEUSDT,LONG,4h,0.23304,0.250433,0.219996,66,STRONG_BUY,BUY_LIMIT,4,60,SLEEPING,Oracle BULLISH +4/5 | BUY_LIMIT 60%,1747598400000,backtest,LOSS,1747612800000,0.219996,,,,,binance
3709,ATOMUSDT,LONG,4h,4.963,5.285568,4.721074,66,STRONG_BUY,BUY_LIMIT,4,60,SLEEPING,Oracle BULLISH +4/5 | BUY_LIMIT 60%,1747598400000,backtest,LOSS,1747612800000,4.721074,,,,,binance
3004,BTCUSDT,LONG,4h,104786.41,107644.74764,102642.65677,66,STRONG_BUY,BUY_LIMIT,4,60,TRENDING,Oracle BULLISH +4/5 | BUY_LIMIT 60%,1747656000000,backtest,WIN,1747800000000,107644.74764,,,,,binance
3800,DOGEUSDT,LONG,4h,0.22432,0.241464,0.211462,48,BUY,BUY_LIMIT,3,60,TRENDING,Oracle NEUTRAL +3/5 | BUY_LIMIT 60%,1747670400000,backtest,WIN,1747872000000,0.241464,,,,,binance
3877,APTUSDT,SHORT,4h,5.15,4.833884,5.387087,48,SELL,SELL_LIMIT,-3,60,TRENDING,Oracle NEUTRAL -3/5 | SELL_LIMIT 60%,1747713600000,backtest,LOSS,1747843200000,5.387087,,,,,binance
3801,DOGEUSDT,LONG,4h,0.22419,0.239114,0.212997,48,BUY,BUY_LIMIT,3,60,TRENDING,Oracle NEUTRAL +3/5 | BUY_LIMIT 60%,1747756800000,backtest,WIN,1747872000000,0.239114,,,,,binance
3710,ATOMUSDT,LONG,4h,4.848,5.130443,4.636167,48,STRONG_BUY,BUY_LIMIT,3,60,TRENDING,Oracle BULLISH +3/5 | BUY_LIMIT 60%,1747771200000,backtest,WIN,1747900800000,5.130443,,,,,binance
3545,NEARUSDT,LONG,4h,2.946,3.162779,2.783416,66,STRONG_BUY,BUY_LIMIT,4,60,TRENDING,Oracle BULLISH +4/5 | BUY_LIMIT 60%,1747872000000,backtest,LOSS,1748030400000,2.783416,,,,,binance
3626,ARBUSDT,LONG,4h,0.4204,0.450412,0.397891,48,STRONG_BUY,BUY_LIMIT,3,60,TRENDING,Oracle BULLISH +3/5 | BUY_LIMIT 60%,1747872000000,backtest,LOSS,1748001600000,0.397891,,,,,binance
3462,FETUSDT,LONG,4h,0.825,0.890367,0.775975,66,STRONG_BUY,BUY_LIMIT,4,60,TRENDING,Oracle BULLISH +4/5 | BUY_LIMIT 60%,1747872000000,backtest,WIN,1747929600000,0.890367,,,,,binance
3177,ETHUSDT,LONG,4h,2629.24,2785.450686,2512.081985,48,STRONG_BUY,BUY_LIMIT,3,60,TRENDING,Oracle BULLISH +3/5 | BUY_LIMIT 60%,1747872000000,backtest,LOSS,1748001600000,2512.081985,,,,,binance
3308,TRXUSDT,LONG,4h,0.2811,0.293359,0.27497,48,STRONG_BUY,BUY_LIMIT,3,60,SUPER TREND,Oracle BULLISH +3/5 | BUY_LIMIT 60%,1747900800000,backtest,LOSS,1747915200000,0.27497,,,,,binance
3878,APTUSDT,LONG,4h,5.769,6.258412,5.524294,66,STRONG_BUY,BUY_LIMIT,4,60,SUPER TREND,Oracle BULLISH +4/5 | BUY_LIMIT 60%,1747972800000,backtest,LOSS,1748001600000,5.524294,,,,,binance
3387,XRPUSDT,SHORT,4h,2.2966,2.189685,2.376786,66,SELL,SELL_LIMIT,-4,60,TRENDING,Oracle NEUTRAL -4/5 | SELL_LIMIT 60%,1748030400000,backtest,WIN,1748563200000,2.189685,,,,,binance
3879,APTUSDT,SHORT,4h,5.34,4.975377,5.613467,48,SELL,SELL_LIMIT,-3,60,TRENDING,Oracle BULLISH -3/5 | SELL_LIMIT 60%,1748030400000,backtest,WIN,1748563200000,4.975377,,,,,binance
3005,BTCUSDT,LONG,4h,109208.56,112438.956552,106785.762586,48,STRONG_BUY,BUY_LIMIT,3,60,TRENDING,Oracle BULLISH +3/5 | BUY_LIMIT 60%,1748073600000,backtest,LOSS,1748160000000,106785.762586,,,,,binance
3711,ATOMUSDT,SHORT,4h,4.715,4.473392,4.896206,66,SELL,SELL_LIMIT,-4,60,TRENDING,Oracle NEUTRAL -4/5 | SELL_LIMIT 60%,1748116800000,backtest,LOSS,1748232000000,4.896206,,,,,binance
3880,APTUSDT,SHORT,4h,5.314,5.012425,5.540181,48,SELL,SELL_LIMIT,-3,60,TRENDING,Oracle NEUTRAL -3/5 | SELL_LIMIT 60%,1748116800000,backtest,WIN,1748174400000,5.012425,,,,,binance
3388,XRPUSDT,SHORT,4h,2.308,2.22398,2.371015,66,SELL,SELL_LIMIT,-4,60,TRENDING,Oracle BULLISH -4/5 | SELL_LIMIT 60%,1748145600000,backtest,WIN,1748563200000,2.22398,,,,,binance
3546,NEARUSDT,SHORT,4h,2.696,2.522427,2.82618,66,SELL,SELL_LIMIT,-4,60,TRENDING,Oracle BULLISH -4/5 | SELL_LIMIT 60%,1748160000000,backtest,LOSS,1748217600000,2.82618,,,,,binance
3006,BTCUSDT,LONG,4h,109004.19,111836.089868,106880.265099,48,STRONG_BUY,BUY_LIMIT,3,60,TRENDING,Oracle BULLISH +3/5 | BUY_LIMIT 60%,1748203200000,backtest,LOSS,1748462400000,106880.265099,,,,,binance
3463,FETUSDT,LONG,4h,0.891,0.968496,0.832878,66,STRONG_BUY,BUY_LIMIT,4,60,TRENDING,Oracle BULLISH +4/5 | BUY_LIMIT 60%,1748217600000,backtest,LOSS,1748563200000,0.832878,,,,,binance
3178,ETHUSDT,LONG,4h,2580.8,2683.650233,2503.662325,48,STRONG_BUY,BUY_LIMIT,3,60,TRENDING,Oracle BULLISH +3/5 | BUY_LIMIT 60%,1748232000000,backtest,WIN,1748347200000,2683.650233,,,,,binance
3309,TRXUSDT,LONG,4h,0.2739,0.280019,0.269311,48,STRONG_BUY,BUY_LIMIT,3,60,TRENDING,Oracle BULLISH +3/5 | BUY_LIMIT 60%,1748246400000,backtest,LOSS,1748577600000,0.269311,,,,,binance
3389,XRPUSDT,SHORT,4h,2.3119,2.235802,2.368973,66,SELL,SELL_LIMIT,-4,60,SLEEPING,Oracle NEUTRAL -4/5 | SELL_LIMIT 60%,1748275200000,backtest,WIN,1748448000000,2.235802,,,,,binance
3179,ETHUSDT,LONG,4h,2563.7,2661.032789,2490.700408,48,STRONG_BUY,BUY_LIMIT,3,60,SLEEPING,Oracle BULLISH +3/5 | BUY_LIMIT 60%,1748289600000,backtest,WIN,1748347200000,2661.032789,,,,,binance
3180,ETHUSDT,LONG,4h,2607.59,2710.079803,2530.722648,48,STRONG_BUY,BUY_LIMIT,3,60,SLEEPING,Oracle BULLISH +3/5 | BUY_LIMIT 60%,1748318400000,backtest,WIN,1748361600000,2710.079803,,,,,binance
3007,BTCUSDT,LONG,4h,109547.16,112186.6599,107567.535075,48,STRONG_BUY,BUY_LIMIT,3,60,SLEEPING,Oracle BULLISH +3/5 | BUY_LIMIT 60%,1748318400000,backtest,LOSS,1748433600000,107567.535075,,,,,binance
3237,BNBUSDT,LONG,4h,691.02,706.65253,679.295602,48,STRONG_BUY,BUY_LIMIT,3,60,SLEEPING,Oracle BULLISH +3/5 | BUY_LIMIT 60%,1748347200000,backtest,LOSS,1748520000000,679.295602,,,,,binance
3390,XRPUSDT,SHORT,4h,2.3168,2.246335,2.369649,48,SELL,SELL_LIMIT,-3,60,SLEEPING,Oracle BULLISH -3/5 | SELL_LIMIT 60%,1748376000000,backtest,WIN,1748448000000,2.246335,,,,,binance
3712,ATOMUSDT,SHORT,4h,4.731,4.511043,4.895968,48,SELL,SELL_LIMIT,-3,60,SLEEPING,Oracle NEUTRAL -3/5 | SELL_LIMIT 60%,1748390400000,backtest,LOSS,1748476800000,4.895968,,,,,binance
3881,APTUSDT,SHORT,4h,5.249,4.970657,5.457757,48,SELL,SELL_LIMIT,-3,60,SLEEPING,Oracle BULLISH -3/5 | SELL_LIMIT 60%,1748433600000,backtest,LOSS,1748476800000,5.457757,,,,,binance
3713,ATOMUSDT,SHORT,4h,4.688,4.467197,4.853602,48,SELL,SELL_LIMIT,-3,60,SLEEPING,Oracle NEUTRAL -3/5 | SELL_LIMIT 60%,1748433600000,backtest,LOSS,1748476800000,4.853602,,,,,binance
3547,NEARUSDT,SHORT,4h,2.748,2.583776,2.871168,48,SELL,SELL_LIMIT,-3,60,SLEEPING,Oracle BULLISH -3/5 | SELL_LIMIT 60%,1748448000000,backtest,LOSS,1748462400000,2.871168,,,,,binance
3464,FETUSDT,LONG,4h,0.914,0.990947,0.85629,66,STRONG_BUY,BUY_LIMIT,4,60,SLEEPING,Oracle BULLISH +4/5 | BUY_LIMIT 60%,1748462400000,backtest,LOSS,1748534400000,0.85629,,,,,binance
3181,ETHUSDT,LONG,4h,2681.6,2785.930477,2603.352143,48,STRONG_BUY,BUY_LIMIT,3,60,SLEEPING,Oracle BULLISH +3/5 | BUY_LIMIT 60%,1748462400000,backtest,WIN,1748476800000,2785.930477,,,,,binance
3548,NEARUSDT,LONG,4h,2.947,3.12707,2.811947,48,BUY,BUY_LIMIT,3,60,SLEEPING,Oracle NEUTRAL +3/5 | BUY_LIMIT 60%,1748476800000,backtest,LOSS,1748520000000,2.811947,,,,,binance
3882,APTUSDT,LONG,4h,5.495,5.79249,5.271882,48,BUY,BUY_LIMIT,3,60,SLEEPING,Oracle NEUTRAL +3/5 | BUY_LIMIT 60%,1748476800000,backtest,LOSS,1748520000000,5.271882,,,,,binance
3627,ARBUSDT,LONG,4h,0.4325,0.461479,0.410766,48,BUY,BUY_LIMIT,3,60,SLEEPING,Oracle NEUTRAL +3/5 | BUY_LIMIT 60%,1748476800000,backtest,LOSS,1748520000000,0.410766,,,,,binance
3310,TRXUSDT,LONG,4h,0.2762,0.2815,0.272225,48,STRONG_BUY,BUY_LIMIT,3,60,SLEEPING,Oracle BULLISH +3/5 | BUY_LIMIT 60%,1748491200000,backtest,LOSS,1748563200000,0.272225,,,,,binance
3883,APTUSDT,LONG,4h,5.421,5.709816,5.204388,48,BUY,BUY_LIMIT,3,60,SLEEPING,Oracle NEUTRAL +3/5 | BUY_LIMIT 60%,1748505600000,backtest,LOSS,1748534400000,5.204388,,,,,binance
3714,ATOMUSDT,SHORT,4h,4.662,4.429341,4.836494,48,SELL,SELL_LIMIT,-3,60,TRENDING,Oracle NEUTRAL -3/5 | SELL_LIMIT 60%,1748534400000,backtest,WIN,1748563200000,4.429341,,,,,binance
3549,NEARUSDT,SHORT,4h,2.671,2.476293,2.81703,48,SELL,SELL_LIMIT,-3,60,TRENDING,Oracle NEUTRAL -3/5 | SELL_LIMIT 60%,1748563200000,backtest,WIN,1748620800000,2.476293,,,,,binance
3802,DOGEUSDT,SHORT,4h,0.20858,0.196348,0.217754,66,SELL,SELL_LIMIT,-4,60,TRENDING,Oracle NEUTRAL -4/5 | SELL_LIMIT 60%,1748563200000,backtest,WIN,1748620800000,0.196348,,,,,binance
3884,APTUSDT,SHORT,4h,4.977,4.656867,5.2171,48,STRONG_SELL,SELL_LIMIT,-3,60,TRENDING,Oracle BEARISH -3/5 | SELL_LIMIT 60%,1748563200000,backtest,WIN,1748649600000,4.656867,,,,,binance
3628,ARBUSDT,SHORT,4h,0.371,0.340505,0.393871,48,SELL,SELL_LIMIT,-3,60,TRENDING,Oracle NEUTRAL -3/5 | SELL_LIMIT 60%,1748577600000,backtest,WIN,1748635200000,0.340505,,,,,binance
3465,FETUSDT,SHORT,4h,0.748,0.680659,0.798506,66,SELL,SELL_LIMIT,-4,60,TRENDING,Oracle BULLISH -4/5 | SELL_LIMIT 60%,1748692800000,backtest,LOSS,1748908800000,0.798506,,,,,binance
3629,ARBUSDT,SHORT,4h,0.3411,0.319138,0.357571,48,SELL,SELL_LIMIT,-3,60,TRENDING,Oracle BULLISH -3/5 | SELL_LIMIT 60%,1748880000000,backtest,LOSS,1748894400000,0.357571,,,,,binance
3182,ETHUSDT,LONG,4h,2623.58,2719.76684,2551.43987,66,STRONG_BUY,BUY_LIMIT,4,60,TRENDING,Oracle BULLISH +4/5 | BUY_LIMIT 60%,1748952000000,backtest,LOSS,1749139200000,2551.43987,,,,,binance
3466,FETUSDT,LONG,4h,0.84,0.901144,0.794142,66,STRONG_BUY,BUY_LIMIT,4,60,TRENDING,Oracle BULLISH +4/5 | BUY_LIMIT 60%,1748966400000,backtest,LOSS,1749067200000,0.794142,,,,,binance
3391,XRPUSDT,LONG,4h,2.2814,2.358569,2.223523,66,STRONG_BUY,BUY_LIMIT,4,60,TRENDING,Oracle BULLISH +4/5 | BUY_LIMIT 60%,1748966400000,backtest,LOSS,1749038400000,2.223523,,,,,binance
3803,DOGEUSDT,SHORT,4h,0.19311,0.183498,0.200319,48,SELL,SELL_LIMIT,-3,60,TRENDING,Oracle NEUTRAL -3/5 | SELL_LIMIT 60%,1748980800000,backtest,WIN,1749139200000,0.183498,,,,,binance
3238,BNBUSDT,LONG,4h,670.86,683.721547,661.21384,48,STRONG_BUY,BUY_LIMIT,3,60,TRENDING,Oracle BULLISH +3/5 | BUY_LIMIT 60%,1749009600000,backtest,LOSS,1749124800000,661.21384,,,,,binance
3804,DOGEUSDT,SHORT,4h,0.19381,0.184821,0.200552,48,SELL,SELL_LIMIT,-3,60,TRENDING,Oracle NEUTRAL -3/5 | SELL_LIMIT 60%,1749024000000,backtest,WIN,1749139200000,0.184821,,,,,binance
3715,ATOMUSDT,SHORT,4h,4.361,4.19995,4.481788,48,STRONG_SELL,SELL_LIMIT,-3,60,SLEEPING,Oracle BEARISH -3/5 | SELL_LIMIT 60%,1749038400000,backtest,WIN,1749139200000,4.19995,,,,,binance
3885,APTUSDT,SHORT,4h,4.794,4.57583,4.957628,48,STRONG_SELL,SELL_LIMIT,-3,60,SLEEPING,Oracle BEARISH -3/5 | SELL_LIMIT 60%,1749067200000,backtest,WIN,1749153600000,4.57583,,,,,binance
3311,TRXUSDT,LONG,4h,0.2744,0.278988,0.270959,48,STRONG_BUY,BUY_LIMIT,3,60,SLEEPING,Oracle BULLISH +3/5 | BUY_LIMIT 60%,1749067200000,backtest,LOSS,1749139200000,0.270959,,,,,binance
3550,NEARUSDT,SHORT,4h,2.435,2.299564,2.536577,48,STRONG_SELL,SELL_LIMIT,-3,60,SLEEPING,Oracle BEARISH -3/5 | SELL_LIMIT 60%,1749067200000,backtest,WIN,1749139200000,2.299564,,,,,binance
3239,BNBUSDT,LONG,4h,665.78,677.508342,656.983744,48,STRONG_BUY,BUY_LIMIT,3,60,SLEEPING,Oracle BULLISH +3/5 | BUY_LIMIT 60%,1749081600000,backtest,LOSS,1749124800000,656.983744,,,,,binance
3551,NEARUSDT,SHORT,4h,2.444,2.313844,2.541617,48,STRONG_SELL,SELL_LIMIT,-3,60,SLEEPING,Oracle BEARISH -3/5 | SELL_LIMIT 60%,1749124800000,backtest,WIN,1749139200000,2.313844,,,,,binance
3392,XRPUSDT,SHORT,4h,2.0936,2.010966,2.155575,66,STRONG_SELL,SELL_LIMIT,-4,60,SLEEPING,Oracle BEARISH -4/5 | SELL_LIMIT 60%,1749153600000,backtest,LOSS,1749196800000,2.155575,,,,,binance
3630,ARBUSDT,SHORT,4h,0.3232,0.298616,0.341638,66,STRONG_SELL,SELL_LIMIT,-4,60,SLEEPING,Oracle BEARISH -4/5 | SELL_LIMIT 60%,1749153600000,backtest,LOSS,1749211200000,0.341638,,,,,binance
3467,FETUSDT,SHORT,4h,0.722,0.664473,0.765145,48,SELL,SELL_LIMIT,-3,60,SLEEPING,Oracle NEUTRAL -3/5 | SELL_LIMIT 60%,1749153600000,backtest,LOSS,1749268800000,0.765145,,,,,binance
3312,TRXUSDT,LONG,4h,0.2784,0.285902,0.272774,66,STRONG_BUY,BUY_LIMIT,4,60,SLEEPING,Oracle BULLISH +4/5 | BUY_LIMIT 60%,1749196800000,backtest,WIN,1749326400000,0.285902,,,,,binance
3240,BNBUSDT,SHORT,4h,646.32,630.376065,658.277952,66,SELL,SELL_LIMIT,-4,60,SLEEPING,Oracle BULLISH -4/5 | SELL_LIMIT 60%,1749196800000,backtest,LOSS,1749484800000,658.277952,,,,,binance
3008,BTCUSDT,LONG,4h,105092.28,107490.899848,103293.315114,48,STRONG_BUY,BUY_LIMIT,3,60,SLEEPING,Oracle BULLISH +3/5 | BUY_LIMIT 60%,1749211200000,backtest,WIN,1749456000000,107490.899848,,,,,binance
3241,BNBUSDT,SHORT,4h,645.11,629.906198,656.512851,66,SELL,SELL_LIMIT,-4,60,SLEEPING,Oracle BULLISH -4/5 | SELL_LIMIT 60%,1749225600000,backtest,LOSS,1749470400000,656.512851,,,,,binance
3393,XRPUSDT,SHORT,4h,2.1736,2.096798,2.231202,66,STRONG_SELL,SELL_LIMIT,-4,60,SLEEPING,Oracle BEARISH -4/5 | SELL_LIMIT 60%,1749225600000,backtest,LOSS,1749369600000,2.231202,,,,,binance
3009,BTCUSDT,LONG,4h,104871.58,107156.746365,103157.705226,48,STRONG_BUY,BUY_LIMIT,3,60,SLEEPING,Oracle BULLISH +3/5 | BUY_LIMIT 60%,1749254400000,backtest,WIN,1749456000000,107156.746365,,,,,binance
3886,APTUSDT,SHORT,4h,4.718,4.512075,4.872444,48,STRONG_SELL,SELL_LIMIT,-3,60,SLEEPING,Oracle BEARISH -3/5 | SELL_LIMIT 60%,1749283200000,backtest,LOSS,1749499200000,4.872444,,,,,binance
3805,DOGEUSDT,SHORT,4h,0.18326,0.173952,0.190241,48,STRONG_SELL,SELL_LIMIT,-3,60,SLEEPING,Oracle BEARISH -3/5 | SELL_LIMIT 60%,1749312000000,backtest,LOSS,1749499200000,0.190241,,,,,binance
3716,ATOMUSDT,SHORT,4h,4.258,4.119933,4.361551,48,STRONG_SELL,SELL_LIMIT,-3,60,SLEEPING,Oracle BEARISH -3/5 | SELL_LIMIT 60%,1749355200000,backtest,LOSS,1749484800000,4.361551,,,,,binance
3394,XRPUSDT,LONG,4h,2.2774,2.344485,2.227086,48,BUY,BUY_LIMIT,3,60,SLEEPING,Oracle NEUTRAL +3/5 | BUY_LIMIT 60%,1749384000000,backtest,LOSS,1749441600000,2.227086,,,,,binance
3717,ATOMUSDT,SHORT,4h,4.267,4.136136,4.365148,48,STRONG_SELL,SELL_LIMIT,-3,60,SLEEPING,Oracle BEARISH -3/5 | SELL_LIMIT 60%,1749412800000,backtest,LOSS,1749484800000,4.365148,,,,,binance
3468,FETUSDT,SHORT,4h,0.741,0.698355,0.772984,48,SELL,SELL_LIMIT,-3,60,SLEEPING,Oracle BULLISH -3/5 | SELL_LIMIT 60%,1749427200000,backtest,LOSS,1749456000000,0.772984,,,,,binance
3395,XRPUSDT,LONG,4h,2.2689,2.335698,2.218801,48,BUY,BUY_LIMIT,3,60,SLEEPING,Oracle NEUTRAL +3/5 | BUY_LIMIT 60%,1749456000000,backtest,WIN,1749643200000,2.335698,,,,,binance
3469,FETUSDT,LONG,4h,0.795,0.842103,0.759673,48,STRONG_BUY,BUY_LIMIT,3,60,TRENDING,Oracle BULLISH +3/5 | BUY_LIMIT 60%,1749499200000,backtest,LOSS,1749686400000,0.759673,,,,,binance
3631,ARBUSDT,LONG,4h,0.3689,0.386163,0.355952,48,BUY,BUY_LIMIT,3,60,TRENDING,Oracle NEUTRAL +3/5 | BUY_LIMIT 60%,1749499200000,backtest,WIN,1749542400000,0.386163,,,,,binance
3242,BNBUSDT,LONG,4h,665.58,676.207975,657.609019,66,STRONG_BUY,BUY_LIMIT,4,60,TRENDING,Oracle BULLISH +4/5 | BUY_LIMIT 60%,1749499200000,backtest,LOSS,1749542400000,657.609019,,,,,binance
3010,BTCUSDT,LONG,4h,109205.14,111165.088643,107735.178517,66,STRONG_BUY,BUY_LIMIT,4,60,TRENDING,Oracle BULLISH +4/5 | BUY_LIMIT 60%,1749528000000,backtest,LOSS,1749686400000,107735.178517,,,,,binance
3183,ETHUSDT,LONG,4h,2677.35,2767.176298,2609.980276,48,STRONG_BUY,BUY_LIMIT,3,60,TRENDING,Oracle BULLISH +3/5 | BUY_LIMIT 60%,1749528000000,backtest,WIN,1749542400000,2767.176298,,,,,binance
3552,NEARUSDT,LONG,4h,2.627,2.744896,2.538578,48,BUY,BUY_LIMIT,3,60,TRENDING,Oracle NEUTRAL +3/5 | BUY_LIMIT 60%,1749542400000,backtest,LOSS,1749686400000,2.538578,,,,,binance
3887,APTUSDT,LONG,4h,5.071,5.258779,4.930166,48,BUY,BUY_LIMIT,3,60,TRENDING,Oracle NEUTRAL +3/5 | BUY_LIMIT 60%,1749542400000,backtest,WIN,1749643200000,5.258779,,,,,binance
3718,ATOMUSDT,LONG,4h,4.537,4.68259,4.427808,48,BUY,BUY_LIMIT,3,60,TRENDING,Oracle NEUTRAL +3/5 | BUY_LIMIT 60%,1749542400000,backtest,LOSS,1749700800000,4.427808,,,,,binance
3553,NEARUSDT,LONG,4h,2.611,2.737421,2.516184,66,BUY,BUY_LIMIT,4,60,TRENDING,Oracle NEUTRAL +4/5 | BUY_LIMIT 60%,1749571200000,backtest,LOSS,1749686400000,2.516184,,,,,binance
3888,APTUSDT,LONG,4h,5.103,5.304628,4.951779,66,BUY,BUY_LIMIT,4,60,TRENDING,Oracle BEARISH +4/5 | BUY_LIMIT 60%,1749600000000,backtest,LOSS,1749672000000,4.951779,,,,,binance
3719,ATOMUSDT,LONG,4h,4.585,4.742224,4.467082,66,BUY,BUY_LIMIT,4,60,TRENDING,Oracle BEARISH +4/5 | BUY_LIMIT 60%,1749600000000,backtest,LOSS,1749672000000,4.467082,,,,,binance
3806,DOGEUSDT,LONG,4h,0.20249,0.212948,0.194646,66,BUY,BUY_LIMIT,4,60,TRENDING,Oracle BEARISH +4/5 | BUY_LIMIT 60%,1749614400000,backtest,LOSS,1749657600000,0.194646,,,,,binance
3632,ARBUSDT,LONG,4h,0.4011,0.423497,0.384302,66,BUY,BUY_LIMIT,4,60,TRENDING,Oracle NEUTRAL +4/5 | BUY_LIMIT 60%,1749628800000,backtest,WIN,1749643200000,0.423497,,,,,binance
3889,APTUSDT,LONG,4h,5.226,5.460269,5.050298,66,BUY,BUY_LIMIT,4,60,TRENDING,Oracle BEARISH +4/5 | BUY_LIMIT 60%,1749643200000,backtest,LOSS,1749672000000,5.050298,,,,,binance
3720,ATOMUSDT,LONG,4h,4.612,4.778056,4.487458,66,BUY,BUY_LIMIT,4,60,TRENDING,Oracle BEARISH +4/5 | BUY_LIMIT 60%,1749643200000,backtest,LOSS,1749672000000,4.487458,,,,,binance
3807,DOGEUSDT,LONG,4h,0.20321,0.213732,0.195319,66,BUY,BUY_LIMIT,4,60,TRENDING,Oracle BEARISH +4/5 | BUY_LIMIT 60%,1749643200000,backtest,LOSS,1749657600000,0.195319,,,,,binance
3243,BNBUSDT,LONG,4h,667.05,678.818392,658.223706,48,STRONG_BUY,BUY_LIMIT,3,60,TRENDING,Oracle BULLISH +3/5 | BUY_LIMIT 60%,1749700800000,backtest,LOSS,1749744000000,658.223706,,,,,binance
3721,ATOMUSDT,SHORT,4h,4.343,4.176538,4.467846,48,STRONG_SELL,SELL_LIMIT,-3,60,TRENDING,Oracle BEARISH -3/5 | SELL_LIMIT 60%,1749715200000,backtest,WIN,1749772800000,4.176538,,,,,binance
3470,FETUSDT,SHORT,4h,0.73,0.676227,0.77033,48,STRONG_SELL,SELL_LIMIT,-3,60,TRENDING,Oracle BEARISH -3/5 | SELL_LIMIT 60%,1749715200000,backtest,WIN,1749772800000,0.676227,,,,,binance
3554,NEARUSDT,SHORT,4h,2.447,2.304245,2.554066,66,STRONG_SELL,SELL_LIMIT,-4,60,TRENDING,Oracle BEARISH -4/5 | SELL_LIMIT 60%,1749715200000,backtest,WIN,1749772800000,2.304245,,,,,binance
3808,DOGEUSDT,SHORT,4h,0.18474,0.174376,0.192513,66,STRONG_SELL,SELL_LIMIT,-4,60,TRENDING,Oracle BEARISH -4/5 | SELL_LIMIT 60%,1749744000000,backtest,WIN,1749772800000,0.174376,,,,,binance
3396,XRPUSDT,SHORT,4h,2.2037,2.13151,2.257843,48,STRONG_SELL,SELL_LIMIT,-3,60,TRENDING,Oracle BEARISH -3/5 | SELL_LIMIT 60%,1749744000000,backtest,WIN,1749772800000,2.13151,,,,,binance
3890,APTUSDT,SHORT,4h,4.761,4.515697,4.944977,66,STRONG_SELL,SELL_LIMIT,-4,60,TRENDING,Oracle BEARISH -4/5 | SELL_LIMIT 60%,1749744000000,backtest,WIN,1749772800000,4.515697,,,,,binance
3633,ARBUSDT,SHORT,4h,0.366,0.3408,0.3849,66,STRONG_SELL,SELL_LIMIT,-4,60,TRENDING,Oracle BEARISH -4/5 | SELL_LIMIT 60%,1749758400000,backtest,WIN,1749772800000,0.3408,,,,,binance
3313,TRXUSDT,SHORT,4h,0.2696,0.261951,0.275337,66,SELL,SELL_LIMIT,-4,60,TRENDING,Oracle BULLISH -4/5 | SELL_LIMIT 60%,1749816000000,backtest,LOSS,1750075200000,0.275337,,,,,binance
3244,BNBUSDT,SHORT,4h,650.71,638.645455,659.758409,66,SELL,SELL_LIMIT,-4,60,TRENDING,Oracle BULLISH -4/5 | SELL_LIMIT 60%,1749888000000,backtest,WIN,1750248000000,638.645455,,,,,binance
3314,TRXUSDT,SHORT,4h,0.271,0.265632,0.275026,48,SELL,SELL_LIMIT,-3,60,SLEEPING,Oracle BULLISH -3/5 | SELL_LIMIT 60%,1750032000000,backtest,LOSS,1750075200000,0.275026,,,,,binance
3315,TRXUSDT,SHORT,4h,0.2704,0.265041,0.274419,66,SELL,SELL_LIMIT,-4,60,SLEEPING,Oracle BULLISH -4/5 | SELL_LIMIT 60%,1750060800000,backtest,LOSS,1750075200000,0.274419,,,,,binance
3634,ARBUSDT,SHORT,4h,0.3371,0.316495,0.352554,48,STRONG_SELL,SELL_LIMIT,-3,60,SLEEPING,Oracle BEARISH -3/5 | SELL_LIMIT 60%,1750060800000,backtest,WIN,1750118400000,0.316495,,,,,binance
3809,DOGEUSDT,SHORT,4h,0.1767,0.168935,0.182524,48,STRONG_SELL,SELL_LIMIT,-3,60,SLEEPING,Oracle BEARISH -3/5 | SELL_LIMIT 60%,1750060800000,backtest,WIN,1750118400000,0.168935,,,,,binance
3397,XRPUSDT,LONG,4h,2.2456,2.311541,2.196144,66,BUY,BUY_LIMIT,4,60,SLEEPING,Oracle BEARISH +4/5 | BUY_LIMIT 60%,1750060800000,backtest,WIN,1750089600000,2.311541,,,,,binance
3316,TRXUSDT,LONG,4h,0.282,0.290705,0.275471,66,STRONG_BUY,BUY_LIMIT,4,60,SLEEPING,Oracle BULLISH +4/5 | BUY_LIMIT 60%,1750075200000,backtest,LOSS,1750104000000,0.275471,,,,,binance
3011,BTCUSDT,LONG,4h,108652,110725.158109,107097.131418,48,STRONG_BUY,BUY_LIMIT,3,60,SLEEPING,Oracle BULLISH +3/5 | BUY_LIMIT 60%,1750089600000,backtest,LOSS,1750104000000,107097.131418,,,,,binance
3184,ETHUSDT,LONG,4h,2660.53,2760.020491,2585.912131,66,STRONG_BUY,BUY_LIMIT,4,60,SLEEPING,Oracle BULLISH +4/5 | BUY_LIMIT 60%,1750089600000,backtest,LOSS,1750104000000,2585.912131,,,,,binance
3722,ATOMUSDT,SHORT,4h,4.141,3.982144,4.260142,48,STRONG_SELL,SELL_LIMIT,-3,60,SLEEPING,Oracle BEARISH -3/5 | SELL_LIMIT 60%,1750104000000,backtest,WIN,1750176000000,3.982144,,,,,binance
3810,DOGEUSDT,SHORT,4h,0.17272,0.16441,0.178953,66,STRONG_SELL,SELL_LIMIT,-4,60,SLEEPING,Oracle BEARISH -4/5 | SELL_LIMIT 60%,1750104000000,backtest,WIN,1750176000000,0.16441,,,,,binance
3245,BNBUSDT,SHORT,4h,650.74,639.612245,659.085816,48,SELL,SELL_LIMIT,-3,60,SLEEPING,Oracle BULLISH -3/5 | SELL_LIMIT 60%,1750104000000,backtest,WIN,1750248000000,639.612245,,,,,binance
3185,ETHUSDT,LONG,4h,2607.4,2725.902107,2518.523419,66,STRONG_BUY,BUY_LIMIT,4,60,SLEEPING,Oracle BULLISH +4/5 | BUY_LIMIT 60%,1750118400000,backtest,LOSS,1750161600000,2518.523419,,,,,binance
3317,TRXUSDT,LONG,4h,0.2761,0.285321,0.269184,66,STRONG_BUY,BUY_LIMIT,4,60,SLEEPING,Oracle BULLISH +4/5 | BUY_LIMIT 60%,1750118400000,backtest,LOSS,1750233600000,0.269184,,,,,binance
3398,XRPUSDT,LONG,4h,2.2493,2.332396,2.186978,66,BUY,BUY_LIMIT,4,60,SLEEPING,Oracle BEARISH +4/5 | BUY_LIMIT 60%,1750118400000,backtest,LOSS,1750161600000,2.186978,,,,,binance
3723,ATOMUSDT,SHORT,4h,4.132,3.969833,4.253625,48,STRONG_SELL,SELL_LIMIT,-3,60,SLEEPING,Oracle BEARISH -3/5 | SELL_LIMIT 60%,1750132800000,backtest,WIN,1750233600000,3.969833,,,,,binance
3555,NEARUSDT,SHORT,4h,2.235,2.107737,2.330448,48,STRONG_SELL,SELL_LIMIT,-3,60,SLEEPING,Oracle BEARISH -3/5 | SELL_LIMIT 60%,1750132800000,backtest,WIN,1750176000000,2.107737,,,,,binance
3399,XRPUSDT,SHORT,4h,2.1939,2.111497,2.255702,48,STRONG_SELL,SELL_LIMIT,-3,60,SLEEPING,Oracle BEARISH -3/5 | SELL_LIMIT 60%,1750147200000,backtest,WIN,1750435200000,2.111497,,,,,binance
3891,APTUSDT,SHORT,4h,4.487,4.259381,4.657715,48,STRONG_SELL,SELL_LIMIT,-3,60,SLEEPING,Oracle BEARISH -3/5 | SELL_LIMIT 60%,1750204800000,backtest,WIN,1750435200000,4.259381,,,,,binance
3471,FETUSDT,SHORT,4h,0.659,0.613009,0.693493,66,STRONG_SELL,SELL_LIMIT,-4,60,SLEEPING,Oracle BEARISH -4/5 | SELL_LIMIT 60%,1750204800000,backtest,LOSS,1750320000000,0.693493,,,,,binance
3246,BNBUSDT,SHORT,4h,645.1,632.48549,654.560882,66,SELL,SELL_LIMIT,-4,60,SLEEPING,Oracle NEUTRAL -4/5 | SELL_LIMIT 60%,1750233600000,backtest,WIN,1750521600000,632.48549,,,,,binance
3318,TRXUSDT,LONG,4h,0.274,0.281454,0.26841,48,STRONG_BUY,BUY_LIMIT,3,60,TRENDING,Oracle BULLISH +3/5 | BUY_LIMIT 60%,1750291200000,backtest,LOSS,1750593600000,0.26841,,,,,binance
3319,TRXUSDT,LONG,4h,0.2748,0.280638,0.270421,48,STRONG_BUY,BUY_LIMIT,3,60,TRENDING,Oracle BULLISH +3/5 | BUY_LIMIT 60%,1750406400000,backtest,LOSS,1750435200000,0.270421,,,,,binance
3400,XRPUSDT,SHORT,4h,2.058,1.956711,2.133967,48,STRONG_SELL,SELL_LIMIT,-3,60,TRENDING,Oracle BEARISH -3/5 | SELL_LIMIT 60%,1750694400000,backtest,LOSS,1750708800000,2.133967,,,,,binance
3247,BNBUSDT,SHORT,4h,629.8,613.12885,642.303363,48,SELL,SELL_LIMIT,-3,60,TRENDING,Oracle NEUTRAL -3/5 | SELL_LIMIT 60%,1750694400000,backtest,LOSS,1750708800000,642.303363,,,,,binance
3472,FETUSDT,SHORT,4h,0.623,0.574691,0.659232,48,STRONG_SELL,SELL_LIMIT,-3,60,TRENDING,Oracle BEARISH -3/5 | SELL_LIMIT 60%,1750694400000,backtest,LOSS,1750708800000,0.659232,,,,,binance
3811,DOGEUSDT,SHORT,4h,0.15721,0.147544,0.16446,48,STRONG_SELL,SELL_LIMIT,-3,60,TRENDING,Oracle BEARISH -3/5 | SELL_LIMIT 60%,1750694400000,backtest,LOSS,1750708800000,0.16446,,,,,binance
3186,ETHUSDT,SHORT,4h,2312.77,2179.667561,2412.596829,48,STRONG_SELL,SELL_LIMIT,-3,60,TRENDING,Oracle BEARISH -3/5 | SELL_LIMIT 60%,1750694400000,backtest,LOSS,1750708800000,2412.596829,,,,,binance
3012,BTCUSDT,LONG,4h,105333.93,108660.27898,102839.168265,66,BUY,BUY_LIMIT,4,60,TRENDING,Oracle NEUTRAL +4/5 | BUY_LIMIT 60%,1750708800000,backtest,WIN,1751241600000,108660.27898,,,,,binance
3320,TRXUSDT,LONG,4h,0.2741,0.280299,0.269451,48,STRONG_BUY,BUY_LIMIT,3,60,TRENDING,Oracle BULLISH +3/5 | BUY_LIMIT 60%,1750780800000,backtest,WIN,1751313600000,0.280299,,,,,binance
3401,XRPUSDT,LONG,4h,2.2073,2.307443,2.132193,66,BUY,BUY_LIMIT,4,60,TRENDING,Oracle BEARISH +4/5 | BUY_LIMIT 60%,1750780800000,backtest,LOSS,1750939200000,2.132193,,,,,binance
3248,BNBUSDT,LONG,4h,648.2,662.516505,637.462621,66,BUY,BUY_LIMIT,4,60,TRENDING,Oracle NEUTRAL +4/5 | BUY_LIMIT 60%,1750809600000,backtest,REVIEW,,,,,,,binance
3892,APTUSDT,LONG,4h,4.806,5.205456,4.506408,66,BUY,BUY_LIMIT,4,60,TRENDING,Oracle BEARISH +4/5 | BUY_LIMIT 60%,1750824000000,backtest,WIN,1750996800000,5.205456,,,,,binance
3249,BNBUSDT,LONG,4h,647.41,661.95413,636.501903,66,BUY,BUY_LIMIT,4,60,TRENDING,Oracle NEUTRAL +4/5 | BUY_LIMIT 60%,1750838400000,backtest,REVIEW,,,,,,,binance
3321,TRXUSDT,LONG,4h,0.2722,0.2777,0.268075,48,STRONG_BUY,BUY_LIMIT,3,60,TRENDING,Oracle BULLISH +3/5 | BUY_LIMIT 60%,1750867200000,backtest,WIN,1751256000000,0.2777,,,,,binance
3250,BNBUSDT,LONG,4h,647.6,661.698663,637.026003,66,BUY,BUY_LIMIT,4,60,TRENDING,Oracle NEUTRAL +4/5 | BUY_LIMIT 60%,1750867200000,backtest,WIN,1751457600000,661.698663,,,,,binance
3402,XRPUSDT,LONG,4h,2.2057,2.293286,2.140011,66,BUY,BUY_LIMIT,4,60,TRENDING,Oracle BEARISH +4/5 | BUY_LIMIT 60%,1750867200000,backtest,LOSS,1750939200000,2.140011,,,,,binance
3893,APTUSDT,LONG,4h,4.896,5.294383,4.597213,66,BUY,BUY_LIMIT,4,60,TRENDING,Oracle BEARISH +4/5 | BUY_LIMIT 60%,1750867200000,backtest,WIN,1751011200000,5.294383,,,,,binance
3187,ETHUSDT,LONG,4h,2488.78,2605.537504,2401.211872,66,BUY,BUY_LIMIT,4,60,TRENDING,Oracle BEARISH +4/5 | BUY_LIMIT 60%,1750896000000,backtest,LOSS,1750968000000,2401.211872,,,,,binance
3251,BNBUSDT,LONG,4h,646.61,657.726325,638.272756,48,BUY,BUY_LIMIT,3,60,TRENDING,Oracle NEUTRAL +3/5 | BUY_LIMIT 60%,1751025600000,backtest,WIN,1751299200000,657.726325,,,,,binance
3322,TRXUSDT,LONG,4h,0.2732,0.277492,0.269981,48,STRONG_BUY,BUY_LIMIT,3,60,SLEEPING,Oracle BULLISH +3/5 | BUY_LIMIT 60%,1751054400000,backtest,WIN,1751256000000,0.277492,,,,,binance
3013,BTCUSDT,LONG,4h,107485,109405.909111,106044.318167,48,STRONG_BUY,BUY_LIMIT,3,60,SLEEPING,Oracle BULLISH +3/5 | BUY_LIMIT 60%,1751083200000,backtest,LOSS,1751371200000,106044.318167,,,,,binance
3403,XRPUSDT,LONG,4h,2.1906,2.272488,2.129184,48,BUY,BUY_LIMIT,3,60,SLEEPING,Oracle BEARISH +3/5 | BUY_LIMIT 60%,1751083200000,backtest,WIN,1751299200000,2.272488,,,,,binance
3252,BNBUSDT,LONG,4h,647.01,656.826561,639.647579,48,BUY,BUY_LIMIT,3,60,SLEEPING,Oracle NEUTRAL +3/5 | BUY_LIMIT 60%,1751083200000,backtest,WIN,1751241600000,656.826561,,,,,binance
3014,BTCUSDT,LONG,4h,107449.28,109207.987448,106130.249414,48,STRONG_BUY,BUY_LIMIT,3,60,SLEEPING,Oracle BULLISH +3/5 | BUY_LIMIT 60%,1751112000000,backtest,LOSS,1751371200000,106130.249414,,,,,binance
3894,APTUSDT,LONG,4h,4.85,5.154227,4.62183,48,BUY,BUY_LIMIT,3,60,SLEEPING,Oracle BEARISH +3/5 | BUY_LIMIT 60%,1751140800000,backtest,LOSS,1751371200000,4.62183,,,,,binance
3404,XRPUSDT,LONG,4h,2.1959,2.25707,2.150022,48,BUY,BUY_LIMIT,3,60,SLEEPING,Oracle NEUTRAL +3/5 | BUY_LIMIT 60%,1751184000000,backtest,WIN,1751299200000,2.25707,,,,,binance
3895,APTUSDT,LONG,4h,4.868,5.154654,4.65301,48,BUY,BUY_LIMIT,3,60,SLEEPING,Oracle BEARISH +3/5 | BUY_LIMIT 60%,1751184000000,backtest,LOSS,1751356800000,4.65301,,,,,binance
3015,BTCUSDT,LONG,4h,108477.11,109971.422451,107356.375662,48,STRONG_BUY,BUY_LIMIT,3,60,SLEEPING,Oracle BULLISH +3/5 | BUY_LIMIT 60%,1751184000000,backtest,LOSS,1751212800000,107356.375662,,,,,binance
3896,APTUSDT,LONG,4h,4.844,5.123033,4.634725,48,BUY,BUY_LIMIT,3,60,SLEEPING,Oracle BEARISH +3/5 | BUY_LIMIT 60%,1751212800000,backtest,LOSS,1751371200000,4.634725,,,,,binance
3405,XRPUSDT,LONG,4h,2.1886,2.245644,2.145817,48,BUY,BUY_LIMIT,3,60,SLEEPING,Oracle NEUTRAL +3/5 | BUY_LIMIT 60%,1751212800000,backtest,WIN,1751299200000,2.245644,,,,,binance
3016,BTCUSDT,LONG,4h,108356.93,109894.156113,107204.010415,66,STRONG_BUY,BUY_LIMIT,4,60,TRENDING,Oracle BULLISH +4/5 | BUY_LIMIT 60%,1751227200000,backtest,LOSS,1751284800000,107204.010415,,,,,binance
3188,ETHUSDT,LONG,4h,2500.09,2576.119181,2443.068114,48,BUY,BUY_LIMIT,3,60,TRENDING,Oracle NEUTRAL +3/5 | BUY_LIMIT 60%,1751227200000,backtest,LOSS,1751284800000,2443.068114,,,,,binance
3473,FETUSDT,LONG,4h,0.712,0.751404,0.682447,48,BUY,BUY_LIMIT,3,60,TRENDING,Oracle BEARISH +3/5 | BUY_LIMIT 60%,1751227200000,backtest,LOSS,1751270400000,0.682447,,,,,binance
3406,XRPUSDT,LONG,4h,2.1928,2.24917,2.150523,48,BUY,BUY_LIMIT,3,60,SLEEPING,Oracle NEUTRAL +3/5 | BUY_LIMIT 60%,1751284800000,backtest,WIN,1751299200000,2.24917,,,,,binance
3635,ARBUSDT,LONG,4h,0.3399,0.371174,0.316444,66,BUY,BUY_LIMIT,4,60,SLEEPING,Oracle BEARISH +4/5 | BUY_LIMIT 60%,1751284800000,backtest,LOSS,1751644800000,0.316444,,,,,binance
3189,ETHUSDT,LONG,4h,2474.78,2554.109001,2415.283249,48,BUY,BUY_LIMIT,3,60,SLEEPING,Oracle NEUTRAL +3/5 | BUY_LIMIT 60%,1751284800000,backtest,LOSS,1751371200000,2415.283249,,,,,binance
3724,ATOMUSDT,LONG,4h,4.181,4.321734,4.07545,66,BUY,BUY_LIMIT,4,60,SLEEPING,Oracle BEARISH +4/5 | BUY_LIMIT 60%,1751299200000,backtest,LOSS,1751328000000,4.07545,,,,,binance
3017,BTCUSDT,LONG,4h,107745.97,109302.497364,106578.574477,48,STRONG_BUY,BUY_LIMIT,3,60,SLEEPING,Oracle BULLISH +3/5 | BUY_LIMIT 60%,1751299200000,backtest,LOSS,1751356800000,106578.574477,,,,,binance
3897,APTUSDT,LONG,4h,4.902,5.166998,4.703252,66,BUY,BUY_LIMIT,4,60,SLEEPING,Oracle BEARISH +4/5 | BUY_LIMIT 60%,1751299200000,backtest,LOSS,1751342400000,4.703252,,,,,binance
3812,DOGEUSDT,SHORT,4h,0.15936,0.153509,0.163748,48,STRONG_SELL,SELL_LIMIT,-3,60,SLEEPING,Oracle BEARISH -3/5 | SELL_LIMIT 60%,1751371200000,backtest,LOSS,1751457600000,0.163748,,,,,binance
3253,BNBUSDT,SHORT,4h,645.98,637.695739,652.193196,66,SELL,SELL_LIMIT,-4,60,SLEEPING,Oracle BULLISH -4/5 | SELL_LIMIT 60%,1751371200000,backtest,LOSS,1751428800000,652.193196,,,,,binance
3725,ATOMUSDT,SHORT,4h,3.946,3.809145,4.048641,48,STRONG_SELL,SELL_LIMIT,-3,60,SLEEPING,Oracle BEARISH -3/5 | SELL_LIMIT 60%,1751385600000,backtest,LOSS,1751457600000,4.048641,,,,,binance
3898,APTUSDT,SHORT,4h,4.535,4.272465,4.731901,66,STRONG_SELL,SELL_LIMIT,-4,60,SLEEPING,Oracle BEARISH -4/5 | SELL_LIMIT 60%,1751385600000,backtest,LOSS,1751472000000,4.731901,,,,,binance
3556,NEARUSDT,SHORT,4h,2.031,1.927558,2.108582,48,STRONG_SELL,SELL_LIMIT,-3,60,SLEEPING,Oracle BEARISH -3/5 | SELL_LIMIT 60%,1751385600000,backtest,LOSS,1751428800000,2.108582,,,,,binance
3190,ETHUSDT,SHORT,4h,2402.87,2324.892752,2461.352936,48,STRONG_SELL,SELL_LIMIT,-3,60,SLEEPING,Oracle BEARISH -3/5 | SELL_LIMIT 60%,1751385600000,backtest,LOSS,1751457600000,2461.352936,,,,,binance
3636,ARBUSDT,LONG,4h,0.3484,0.375719,0.327911,66,BUY,BUY_LIMIT,4,60,TRENDING,Oracle BEARISH +4/5 | BUY_LIMIT 60%,1751428800000,backtest,LOSS,1751616000000,0.327911,,,,,binance
3018,BTCUSDT,LONG,4h,108737.74,110551.406789,107377.489908,48,STRONG_BUY,BUY_LIMIT,3,60,SLEEPING,Oracle BULLISH +3/5 | BUY_LIMIT 60%,1751457600000,backtest,LOSS,1751644800000,107377.489908,,,,,binance
3254,BNBUSDT,LONG,4h,661.64,670.624141,654.901894,66,STRONG_BUY,BUY_LIMIT,4,60,SLEEPING,Oracle BULLISH +4/5 | BUY_LIMIT 60%,1751457600000,backtest,LOSS,1751616000000,654.901894,,,,,binance
3474,FETUSDT,LONG,4h,0.703,0.743167,0.672875,48,BUY,BUY_LIMIT,3,60,SLEEPING,Oracle BEARISH +3/5 | BUY_LIMIT 60%,1751457600000,backtest,WIN,1751515200000,0.743167,,,,,binance
3726,ATOMUSDT,LONG,4h,4.237,4.387065,4.124451,48,BUY,BUY_LIMIT,3,60,TRENDING,Oracle BEARISH +3/5 | BUY_LIMIT 60%,1751472000000,backtest,LOSS,1751601600000,4.124451,,,,,binance
3191,ETHUSDT,LONG,4h,2570.41,2661.709137,2501.935647,48,STRONG_BUY,BUY_LIMIT,3,60,TRENDING,Oracle BULLISH +3/5 | BUY_LIMIT 60%,1751486400000,backtest,LOSS,1751630400000,2501.935647,,,,,binance
3557,NEARUSDT,LONG,4h,2.335,2.453612,2.246041,66,BUY,BUY_LIMIT,4,60,TRENDING,Oracle NEUTRAL +4/5 | BUY_LIMIT 60%,1751515200000,backtest,LOSS,1751587200000,2.246041,,,,,binance
3899,APTUSDT,LONG,4h,4.835,5.080968,4.650524,48,BUY,BUY_LIMIT,3,60,TRENDING,Oracle BEARISH +3/5 | BUY_LIMIT 60%,1751515200000,backtest,LOSS,1751544000000,4.650524,,,,,binance
3558,NEARUSDT,LONG,4h,2.277,2.39796,2.18628,66,BUY,BUY_LIMIT,4,60,TRENDING,Oracle NEUTRAL +4/5 | BUY_LIMIT 60%,1751558400000,backtest,LOSS,1751601600000,2.18628,,,,,binance
3255,BNBUSDT,LONG,4h,659.62,668.857481,652.691889,48,STRONG_BUY,BUY_LIMIT,3,60,TRENDING,Oracle BULLISH +3/5 | BUY_LIMIT 60%,1751616000000,backtest,LOSS,1751630400000,652.691889,,,,,binance
3407,XRPUSDT,LONG,4h,2.2384,2.315464,2.180602,48,BUY,BUY_LIMIT,3,60,TRENDING,Oracle NEUTRAL +3/5 | BUY_LIMIT 60%,1751616000000,backtest,WIN,1751889600000,2.315464,,,,,binance
3900,APTUSDT,SHORT,4h,4.346,4.086228,4.540829,48,STRONG_SELL,SELL_LIMIT,-3,60,TRENDING,Oracle BEARISH -3/5 | SELL_LIMIT 60%,1751630400000,backtest,LOSS,1752048000000,4.540829,,,,,binance
3813,DOGEUSDT,SHORT,4h,0.16316,0.156142,0.168423,48,STRONG_SELL,SELL_LIMIT,-3,60,TRENDING,Oracle BEARISH -3/5 | SELL_LIMIT 60%,1751630400000,backtest,LOSS,1751803200000,0.168423,,,,,binance
3637,ARBUSDT,SHORT,4h,0.3211,0.2989,0.33775,66,STRONG_SELL,SELL_LIMIT,-4,60,TRENDING,Oracle BEARISH -4/5 | SELL_LIMIT 60%,1751630400000,backtest,LOSS,1751832000000,0.33775,,,,,binance
3727,ATOMUSDT,SHORT,4h,3.971,3.825511,4.080117,48,STRONG_SELL,SELL_LIMIT,-3,60,TRENDING,Oracle BEARISH -3/5 | SELL_LIMIT 60%,1751644800000,backtest,LOSS,1751803200000,4.080117,,,,,binance
3475,FETUSDT,SHORT,4h,0.671,0.630373,0.70147,66,SELL,SELL_LIMIT,-4,60,TRENDING,Oracle NEUTRAL -4/5 | SELL_LIMIT 60%,1751644800000,backtest,LOSS,1752076800000,0.70147,,,,,binance
3559,NEARUSDT,SHORT,4h,2.105,1.99048,2.19089,66,SELL,SELL_LIMIT,-4,60,TRENDING,Oracle NEUTRAL -4/5 | SELL_LIMIT 60%,1751644800000,backtest,LOSS,1751803200000,2.19089,,,,,binance
3192,ETHUSDT,LONG,4h,2518.24,2599.849775,2457.032669,48,STRONG_BUY,BUY_LIMIT,3,60,SLEEPING,Oracle BULLISH +3/5 | BUY_LIMIT 60%,1751673600000,backtest,WIN,1751832000000,2599.849775,,,,,binance
3408,XRPUSDT,LONG,4h,2.2256,2.296393,2.172505,48,BUY,BUY_LIMIT,3,60,SLEEPING,Oracle NEUTRAL +3/5 | BUY_LIMIT 60%,1751673600000,backtest,WIN,1751875200000,2.296393,,,,,binance
3323,TRXUSDT,LONG,4h,0.2837,0.287777,0.280642,48,STRONG_BUY,BUY_LIMIT,3,60,SLEEPING,Oracle BULLISH +3/5 | BUY_LIMIT 60%,1751774400000,backtest,WIN,1751846400000,0.287777,,,,,binance
3409,XRPUSDT,LONG,4h,2.2617,2.321629,2.216753,48,BUY,BUY_LIMIT,3,60,SLEEPING,Oracle NEUTRAL +3/5 | BUY_LIMIT 60%,1751788800000,backtest,WIN,1751889600000,2.321629,,,,,binance
3193,ETHUSDT,LONG,4h,2558.72,2623.818882,2509.895839,48,STRONG_BUY,BUY_LIMIT,3,60,SLEEPING,Oracle BULLISH +3/5 | BUY_LIMIT 60%,1751803200000,backtest,WIN,1751990400000,2623.818882,,,,,binance
3019,BTCUSDT,LONG,4h,108905.99,110197.114275,107937.646794,48,STRONG_BUY,BUY_LIMIT,3,60,SLEEPING,Oracle BULLISH +3/5 | BUY_LIMIT 60%,1751803200000,backtest,LOSS,1751904000000,107937.646794,,,,,binance
3256,BNBUSDT,LONG,4h,662.85,670.680683,656.976988,48,STRONG_BUY,BUY_LIMIT,3,60,SLEEPING,Oracle BULLISH +3/5 | BUY_LIMIT 60%,1751803200000,backtest,LOSS,1751904000000,656.976988,,,,,binance
3194,ETHUSDT,LONG,4h,2570.35,2640.730158,2517.564881,48,STRONG_BUY,BUY_LIMIT,3,60,SLEEPING,Oracle BULLISH +3/5 | BUY_LIMIT 60%,1751832000000,backtest,LOSS,1751904000000,2517.564881,,,,,binance
3020,BTCUSDT,LONG,4h,109203.84,110576.118686,108174.630985,48,STRONG_BUY,BUY_LIMIT,3,60,SLEEPING,Oracle BULLISH +3/5 | BUY_LIMIT 60%,1751832000000,backtest,LOSS,1751889600000,108174.630985,,,,,binance
3814,DOGEUSDT,LONG,4h,0.17501,0.18202,0.169753,66,BUY,BUY_LIMIT,4,60,SLEEPING,Oracle NEUTRAL +4/5 | BUY_LIMIT 60%,1751846400000,backtest,LOSS,1751889600000,0.169753,,,,,binance
3901,APTUSDT,SHORT,4h,4.375,4.207581,4.500564,48,STRONG_SELL,SELL_LIMIT,-3,60,SLEEPING,Oracle BEARISH -3/5 | SELL_LIMIT 60%,1751932800000,backtest,LOSS,1752033600000,4.500564,,,,,binance
3728,ATOMUSDT,SHORT,4h,4.011,3.898934,4.09505,48,SELL,SELL_LIMIT,-3,60,SLEEPING,Oracle NEUTRAL -3/5 | SELL_LIMIT 60%,1751932800000,backtest,LOSS,1751976000000,4.09505,,,,,binance
3638,ARBUSDT,SHORT,4h,0.3258,0.310397,0.337353,48,STRONG_SELL,SELL_LIMIT,-3,60,SLEEPING,Oracle BEARISH -3/5 | SELL_LIMIT 60%,1751932800000,backtest,LOSS,1751976000000,0.337353,,,,,binance
3560,NEARUSDT,SHORT,4h,2.135,2.046277,2.201542,48,SELL,SELL_LIMIT,-3,60,SLEEPING,Oracle NEUTRAL -3/5 | SELL_LIMIT 60%,1751932800000,backtest,LOSS,1751990400000,2.201542,,,,,binance
3195,ETHUSDT,LONG,4h,2553.42,2622.158113,2501.866416,48,STRONG_BUY,BUY_LIMIT,3,60,SLEEPING,Oracle BULLISH +3/5 | BUY_LIMIT 60%,1751947200000,backtest,WIN,1751990400000,2622.158113,,,,,binance
3021,BTCUSDT,LONG,4h,108756.37,110230.3508,107650.8844,48,STRONG_BUY,BUY_LIMIT,3,60,SLEEPING,Oracle BULLISH +3/5 | BUY_LIMIT 60%,1751961600000,backtest,WIN,1752076800000,110230.3508,,,,,binance
3257,BNBUSDT,LONG,4h,661.11,668.170102,655.814924,48,STRONG_BUY,BUY_LIMIT,3,60,SLEEPING,Oracle BULLISH +3/5 | BUY_LIMIT 60%,1751961600000,backtest,WIN,1752076800000,668.170102,,,,,binance
3902,APTUSDT,SHORT,4h,4.375,4.211174,4.497869,48,STRONG_SELL,SELL_LIMIT,-3,60,SLEEPING,Oracle BEARISH -3/5 | SELL_LIMIT 60%,1751976000000,backtest,LOSS,1752033600000,4.497869,,,,,binance
3022,BTCUSDT,LONG,4h,108771.88,110325.542118,107606.633411,48,STRONG_BUY,BUY_LIMIT,3,60,SLEEPING,Oracle BULLISH +3/5 | BUY_LIMIT 60%,1751990400000,backtest,WIN,1752076800000,110325.542118,,,,,binance
3258,BNBUSDT,LONG,4h,660.96,668.26621,655.480342,48,STRONG_BUY,BUY_LIMIT,3,60,SLEEPING,Oracle BULLISH +3/5 | BUY_LIMIT 60%,1751990400000,backtest,WIN,1752076800000,668.26621,,,,,binance
3729,ATOMUSDT,LONG,4h,4.152,4.276499,4.058625,48,BUY,BUY_LIMIT,3,60,SLEEPING,Oracle NEUTRAL +3/5 | BUY_LIMIT 60%,1751990400000,backtest,WIN,1752076800000,4.276499,,,,,binance
3903,APTUSDT,SHORT,4h,4.422,4.260666,4.543001,48,STRONG_SELL,SELL_LIMIT,-3,60,SLEEPING,Oracle BEARISH -3/5 | SELL_LIMIT 60%,1752019200000,backtest,LOSS,1752048000000,4.543001,,,,,binance
3259,BNBUSDT,LONG,4h,661.61,668.676783,656.309912,48,STRONG_BUY,BUY_LIMIT,3,60,SLEEPING,Oracle BULLISH +3/5 | BUY_LIMIT 60%,1752019200000,backtest,WIN,1752076800000,668.676783,,,,,binance
3561,NEARUSDT,LONG,4h,2.263,2.357594,2.192054,48,BUY,BUY_LIMIT,3,60,SLEEPING,Oracle NEUTRAL +3/5 | BUY_LIMIT 60%,1752033600000,backtest,WIN,1752091200000,2.357594,,,,,binance
3023,BTCUSDT,LONG,4h,108714.39,110194.220289,107604.517283,48,STRONG_BUY,BUY_LIMIT,3,60,SLEEPING,Oracle BULLISH +3/5 | BUY_LIMIT 60%,1752033600000,backtest,WIN,1752076800000,110194.220289,,,,,binance
3730,ATOMUSDT,LONG,4h,4.163,4.284112,4.072166,48,BUY,BUY_LIMIT,3,60,SLEEPING,Oracle NEUTRAL +3/5 | BUY_LIMIT 60%,1752033600000,backtest,WIN,1752076800000,4.284112,,,,,binance
3815,DOGEUSDT,LONG,4h,0.17329,0.179493,0.168638,66,BUY,BUY_LIMIT,4,60,SLEEPING,Oracle NEUTRAL +4/5 | BUY_LIMIT 60%,1752048000000,backtest,WIN,1752091200000,0.179493,,,,,binance
3260,BNBUSDT,LONG,4h,662.46,669.507392,657.174456,48,STRONG_BUY,BUY_LIMIT,3,60,SLEEPING,Oracle BULLISH +3/5 | BUY_LIMIT 60%,1752062400000,backtest,WIN,1752076800000,669.507392,,,,,binance
3639,ARBUSDT,LONG,4h,0.3534,0.369756,0.341133,66,BUY,BUY_LIMIT,4,60,SLEEPING,Oracle NEUTRAL +4/5 | BUY_LIMIT 60%,1752076800000,backtest,WIN,1752163200000,0.369756,,,,,binance
3476,FETUSDT,LONG,4h,0.705,0.738106,0.680171,48,BUY,BUY_LIMIT,3,60,SLEEPING,Oracle NEUTRAL +3/5 | BUY_LIMIT 60%,1752076800000,backtest,WIN,1752177600000,0.738106,,,,,binance
3024,BTCUSDT,LONG,4h,111233.99,113145.296125,109800.510406,48,STRONG_BUY,BUY_LIMIT,3,60,SLEEPING,Oracle BULLISH +3/5 | BUY_LIMIT 60%,1752091200000,backtest,WIN,1752163200000,113145.296125,,,,,binance
3477,FETUSDT,LONG,4h,0.713,0.747034,0.687475,66,BUY,BUY_LIMIT,4,60,TRENDING,Oracle NEUTRAL +4/5 | BUY_LIMIT 60%,1752163200000,backtest,WIN,1752177600000,0.747034,,,,,binance
3904,APTUSDT,LONG,4h,4.69,4.860863,4.561853,66,BUY,BUY_LIMIT,4,60,TRENDING,Oracle NEUTRAL +4/5 | BUY_LIMIT 60%,1752163200000,backtest,WIN,1752177600000,4.860863,,,,,binance
3478,FETUSDT,SHORT,4h,0.676,0.599914,0.714043,66,STRONG_SELL,SELL_LIMIT,-4,60,SUPER TREND,Oracle BEARISH -4/5 | SELL_LIMIT 60%,1752321600000,backtest,LOSS,1752379200000,0.714043,,,,,binance
3905,APTUSDT,LONG,4h,4.793,5.179285,4.599858,48,BUY,BUY_LIMIT,3,60,SUPER TREND,Oracle NEUTRAL +3/5 | BUY_LIMIT 60%,1752336000000,backtest,WIN,1752451200000,5.179285,,,,,binance
3324,TRXUSDT,LONG,4h,0.3019,0.309571,0.298064,48,STRONG_BUY,BUY_LIMIT,3,60,SUPER TREND,Oracle BULLISH +3/5 | BUY_LIMIT 60%,1752508800000,backtest,LOSS,1752566400000,0.298064,,,,,binance
3479,FETUSDT,SHORT,4h,0.689,0.613874,0.726563,48,SELL,SELL_LIMIT,-3,60,SUPER TREND,Oracle NEUTRAL -3/5 | SELL_LIMIT 60%,1752537600000,backtest,LOSS,1752595200000,0.726563,,,,,binance
3196,ETHUSDT,LONG,4h,2977.49,3144.662684,2893.903658,48,STRONG_BUY,BUY_LIMIT,3,60,SUPER TREND,Oracle BULLISH +3/5 | BUY_LIMIT 60%,1752552000000,backtest,WIN,1752624000000,3144.662684,,,,,binance
3906,APTUSDT,LONG,4h,4.899,5.161499,4.702126,48,BUY,BUY_LIMIT,3,60,TRENDING,Oracle NEUTRAL +3/5 | BUY_LIMIT 60%,1752580800000,backtest,WIN,1752624000000,5.161499,,,,,binance
3562,NEARUSDT,LONG,4h,2.557,2.709645,2.442517,48,BUY,BUY_LIMIT,3,60,TRENDING,Oracle NEUTRAL +3/5 | BUY_LIMIT 60%,1752580800000,backtest,WIN,1752667200000,2.709645,,,,,binance
3640,ARBUSDT,LONG,4h,0.4139,0.441388,0.393284,66,STRONG_BUY,BUY_LIMIT,4,60,TRENDING,Oracle BULLISH +4/5 | BUY_LIMIT 60%,1752580800000,backtest,WIN,1752609600000,0.441388,,,,,binance
3816,DOGEUSDT,LONG,4h,0.19919,0.211344,0.190075,48,BUY,BUY_LIMIT,3,60,TRENDING,Oracle NEUTRAL +3/5 | BUY_LIMIT 60%,1752609600000,backtest,WIN,1752696000000,0.211344,,,,,binance
3731,ATOMUSDT,LONG,4h,4.668,4.901303,4.493023,66,BUY,BUY_LIMIT,4,60,TRENDING,Oracle NEUTRAL +4/5 | BUY_LIMIT 60%,1752609600000,backtest,WIN,1752796800000,4.901303,,,,,binance
3325,TRXUSDT,LONG,4h,0.3012,0.306101,0.297524,48,STRONG_BUY,BUY_LIMIT,3,60,TRENDING,Oracle BULLISH +3/5 | BUY_LIMIT 60%,1752624000000,backtest,WIN,1752696000000,0.306101,,,,,binance
3480,FETUSDT,LONG,4h,0.773,0.826964,0.732527,66,BUY,BUY_LIMIT,4,60,TRENDING,Oracle NEUTRAL +4/5 | BUY_LIMIT 60%,1752681600000,backtest,WIN,1752811200000,0.826964,,,,,binance
3261,BNBUSDT,LONG,4h,706.83,723.652404,694.213197,66,STRONG_BUY,BUY_LIMIT,4,60,TRENDING,Oracle BULLISH +4/5 | BUY_LIMIT 60%,1752681600000,backtest,WIN,1752753600000,723.652404,,,,,binance
3481,FETUSDT,LONG,4h,0.797,0.856038,0.752722,66,BUY,BUY_LIMIT,4,60,SLEEPING,Oracle NEUTRAL +4/5 | BUY_LIMIT 60%,1752940800000,backtest,WIN,1753099200000,0.856038,,,,,binance
3907,APTUSDT,LONG,4h,5.314,5.64103,5.068728,48,STRONG_BUY,BUY_LIMIT,3,60,SLEEPING,Oracle BULLISH +3/5 | BUY_LIMIT 60%,1752940800000,backtest,WIN,1753257600000,5.64103,,,,,binance
3908,APTUSDT,LONG,4h,5.458,5.775523,5.219858,48,STRONG_BUY,BUY_LIMIT,3,60,SLEEPING,Oracle BULLISH +3/5 | BUY_LIMIT 60%,1753056000000,backtest,LOSS,1753156800000,5.219858,,,,,binance
3909,APTUSDT,LONG,4h,5.406,5.718864,5.171352,48,STRONG_BUY,BUY_LIMIT,3,60,SLEEPING,Oracle BULLISH +3/5 | BUY_LIMIT 60%,1753128000000,backtest,LOSS,1753156800000,5.171352,,,,,binance
3563,NEARUSDT,LONG,4h,2.964,3.163561,2.814329,48,STRONG_BUY,BUY_LIMIT,3,60,SLEEPING,Oracle BULLISH +3/5 | BUY_LIMIT 60%,1753171200000,backtest,LOSS,1753272000000,2.814329,,,,,binance
3732,ATOMUSDT,LONG,4h,5.05,5.318577,4.848567,48,STRONG_BUY,BUY_LIMIT,3,60,SLEEPING,Oracle BULLISH +3/5 | BUY_LIMIT 60%,1753171200000,backtest,LOSS,1753272000000,4.848567,,,,,binance
3641,ARBUSDT,LONG,4h,0.4785,0.516839,0.449746,48,STRONG_BUY,BUY_LIMIT,3,60,SLEEPING,Oracle BULLISH +3/5 | BUY_LIMIT 60%,1753185600000,backtest,LOSS,1753272000000,0.449746,,,,,binance
3197,ETHUSDT,LONG,4h,3746.21,3916.659667,3618.37275,48,STRONG_BUY,BUY_LIMIT,3,60,SLEEPING,Oracle BULLISH +3/5 | BUY_LIMIT 60%,1753214400000,backtest,LOSS,1753272000000,3618.37275,,,,,binance
3564,NEARUSDT,LONG,4h,3.03,3.234762,2.876429,48,STRONG_BUY,BUY_LIMIT,3,60,SLEEPING,Oracle BULLISH +3/5 | BUY_LIMIT 60%,1753214400000,backtest,LOSS,1753272000000,2.876429,,,,,binance
3910,APTUSDT,LONG,4h,5.473,5.807826,5.221881,48,STRONG_BUY,BUY_LIMIT,3,60,SLEEPING,Oracle BULLISH +3/5 | BUY_LIMIT 60%,1753214400000,backtest,LOSS,1753272000000,5.221881,,,,,binance
3642,ARBUSDT,LONG,4h,0.482,0.520733,0.45295,48,STRONG_BUY,BUY_LIMIT,3,60,SLEEPING,Oracle BULLISH +3/5 | BUY_LIMIT 60%,1753214400000,backtest,LOSS,1753257600000,0.45295,,,,,binance
3482,FETUSDT,LONG,4h,0.824,0.88626,0.777305,66,STRONG_BUY,BUY_LIMIT,4,60,SLEEPING,Oracle BULLISH +4/5 | BUY_LIMIT 60%,1753214400000,backtest,LOSS,1753257600000,0.777305,,,,,binance
3911,APTUSDT,LONG,4h,5.512,5.841233,5.265076,48,BUY,BUY_LIMIT,3,60,SLEEPING,Oracle NEUTRAL +3/5 | BUY_LIMIT 60%,1753243200000,backtest,LOSS,1753272000000,5.265076,,,,,binance
3912,APTUSDT,SHORT,4h,4.874,4.48818,5.163365,48,SELL,SELL_LIMIT,-3,60,SLEEPING,Oracle NEUTRAL -3/5 | SELL_LIMIT 60%,1753286400000,backtest,WIN,1753329600000,4.48818,,,,,binance
3262,BNBUSDT,LONG,4h,770.21,806.573317,742.937512,48,STRONG_BUY,BUY_LIMIT,3,60,SLEEPING,Oracle BULLISH +3/5 | BUY_LIMIT 60%,1753344000000,backtest,WIN,1753617600000,806.573317,,,,,binance
3198,ETHUSDT,LONG,4h,3730.76,3915.144106,3592.47192,66,STRONG_BUY,BUY_LIMIT,4,60,SLEEPING,Oracle BULLISH +4/5 | BUY_LIMIT 60%,1753358400000,backtest,LOSS,1753401600000,3592.47192,,,,,binance
3483,FETUSDT,SHORT,4h,0.723,0.656811,0.772642,48,STRONG_SELL,SELL_LIMIT,-3,60,SLEEPING,Oracle BEARISH -3/5 | SELL_LIMIT 60%,1753387200000,backtest,LOSS,1753660800000,0.772642,,,,,binance
3263,BNBUSDT,LONG,4h,771.67,805.924647,745.979015,48,STRONG_BUY,BUY_LIMIT,3,60,SLEEPING,Oracle BULLISH +3/5 | BUY_LIMIT 60%,1753430400000,backtest,WIN,1753617600000,805.924647,,,,,binance
3199,ETHUSDT,LONG,4h,3721.37,3908.474725,3581.041456,66,STRONG_BUY,BUY_LIMIT,4,60,SLEEPING,Oracle BULLISH +4/5 | BUY_LIMIT 60%,1753430400000,backtest,WIN,1753675200000,3908.474725,,,,,binance
3484,FETUSDT,SHORT,4h,0.713,0.648384,0.761462,48,STRONG_SELL,SELL_LIMIT,-3,60,SLEEPING,Oracle BEARISH -3/5 | SELL_LIMIT 60%,1753444800000,backtest,LOSS,1753660800000,0.761462,,,,,binance
3264,BNBUSDT,LONG,4h,774.31,808.49018,748.674865,48,STRONG_BUY,BUY_LIMIT,3,60,SLEEPING,Oracle BULLISH +3/5 | BUY_LIMIT 60%,1753459200000,backtest,WIN,1753617600000,808.49018,,,,,binance
3200,ETHUSDT,LONG,4h,3724.96,3910.068164,3586.128877,66,STRONG_BUY,BUY_LIMIT,4,60,SLEEPING,Oracle BULLISH +4/5 | BUY_LIMIT 60%,1753473600000,backtest,WIN,1753675200000,3910.068164,,,,,binance
3485,FETUSDT,SHORT,4h,0.731,0.675294,0.77278,48,STRONG_SELL,SELL_LIMIT,-3,60,SLEEPING,Oracle BEARISH -3/5 | SELL_LIMIT 60%,1753502400000,backtest,LOSS,1753660800000,0.77278,,,,,binance
3326,TRXUSDT,LONG,4h,0.3201,0.326972,0.314946,48,STRONG_BUY,BUY_LIMIT,3,60,SLEEPING,Oracle BULLISH +3/5 | BUY_LIMIT 60%,1753560000000,backtest,WIN,1753704000000,0.326972,,,,,binance
3913,APTUSDT,SHORT,4h,4.736,4.503999,4.91,48,SELL,SELL_LIMIT,-3,60,SLEEPING,Oracle NEUTRAL -3/5 | SELL_LIMIT 60%,1753704000000,backtest,WIN,1753804800000,4.503999,,,,,binance
3486,FETUSDT,SHORT,4h,0.725,0.676905,0.761071,48,STRONG_SELL,SELL_LIMIT,-3,60,SLEEPING,Oracle BEARISH -3/5 | SELL_LIMIT 60%,1753704000000,backtest,WIN,1753862400000,0.676905,,,,,binance
3201,ETHUSDT,LONG,4h,3877.36,4024.049676,3767.342743,48,STRONG_BUY,BUY_LIMIT,3,60,SLEEPING,Oracle BULLISH +3/5 | BUY_LIMIT 60%,1753761600000,backtest,LOSS,1753790400000,3767.342743,,,,,binance
3733,ATOMUSDT,SHORT,4h,4.553,4.316648,4.730264,48,SELL,SELL_LIMIT,-3,60,SLEEPING,Oracle NEUTRAL -3/5 | SELL_LIMIT 60%,1753804800000,backtest,WIN,1753891200000,4.316648,,,,,binance
3734,ATOMUSDT,SHORT,4h,4.568,4.33535,4.742488,48,STRONG_SELL,SELL_LIMIT,-3,60,SLEEPING,Oracle BEARISH -3/5 | SELL_LIMIT 60%,1753833600000,backtest,WIN,1753891200000,4.33535,,,,,binance
3565,NEARUSDT,SHORT,4h,2.623,2.448692,2.753731,66,SELL,SELL_LIMIT,-4,60,SLEEPING,Oracle NEUTRAL -4/5 | SELL_LIMIT 60%,1753862400000,backtest,WIN,1754035200000,2.448692,,,,,binance
3643,ARBUSDT,SHORT,4h,0.4063,0.376266,0.428825,66,SELL,SELL_LIMIT,-4,60,SLEEPING,Oracle BULLISH -4/5 | SELL_LIMIT 60%,1753862400000,backtest,LOSS,1753934400000,0.428825,,,,,binance
3327,TRXUSDT,LONG,4h,0.3274,0.338297,0.319227,48,STRONG_BUY,BUY_LIMIT,3,60,SLEEPING,Oracle BULLISH +3/5 | BUY_LIMIT 60%,1753891200000,backtest,LOSS,1754150400000,0.319227,,,,,binance
3566,NEARUSDT,SHORT,4h,2.625,2.438203,2.765097,66,SELL,SELL_LIMIT,-4,60,SLEEPING,Oracle NEUTRAL -4/5 | SELL_LIMIT 60%,1753891200000,backtest,WIN,1754035200000,2.438203,,,,,binance
3202,ETHUSDT,LONG,4h,3863.31,4020.212217,3745.633337,48,STRONG_BUY,BUY_LIMIT,3,60,SLEEPING,Oracle BULLISH +3/5 | BUY_LIMIT 60%,1753920000000,backtest,LOSS,1753977600000,3745.633337,,,,,binance
3328,TRXUSDT,LONG,4h,0.3297,0.339229,0.322553,48,STRONG_BUY,BUY_LIMIT,3,60,SLEEPING,Oracle BULLISH +3/5 | BUY_LIMIT 60%,1753948800000,backtest,LOSS,1754078400000,0.322553,,,,,binance
3567,NEARUSDT,SHORT,4h,2.628,2.455982,2.757013,66,SELL,SELL_LIMIT,-4,60,SLEEPING,Oracle NEUTRAL -4/5 | SELL_LIMIT 60%,1753963200000,backtest,WIN,1754006400000,2.455982,,,,,binance
3644,ARBUSDT,SHORT,4h,0.4103,0.380272,0.432821,66,SELL,SELL_LIMIT,-4,60,SLEEPING,Oracle NEUTRAL -4/5 | SELL_LIMIT 60%,1753963200000,backtest,WIN,1754035200000,0.380272,,,,,binance
3817,DOGEUSDT,SHORT,4h,0.21379,0.199781,0.224297,66,SELL,SELL_LIMIT,-4,60,SLEEPING,Oracle NEUTRAL -4/5 | SELL_LIMIT 60%,1753977600000,backtest,WIN,1754078400000,0.199781,,,,,binance
3818,DOGEUSDT,SHORT,4h,0.20104,0.190292,0.209101,48,SELL,SELL_LIMIT,-3,60,TRENDING,Oracle NEUTRAL -3/5 | SELL_LIMIT 60%,1754294400000,backtest,LOSS,1754323200000,0.209101,,,,,binance
3487,FETUSDT,SHORT,4h,0.64,0.606651,0.665012,48,STRONG_SELL,SELL_LIMIT,-3,60,TRENDING,Oracle BEARISH -3/5 | SELL_LIMIT 60%,1754294400000,backtest,LOSS,1754323200000,0.665012,,,,,binance
3203,ETHUSDT,LONG,4h,3648.89,3789.28421,3543.594343,66,STRONG_BUY,BUY_LIMIT,4,60,TRENDING,Oracle BULLISH +4/5 | BUY_LIMIT 60%,1754308800000,backtest,WIN,1754553600000,3789.28421,,,,,binance
3410,XRPUSDT,LONG,4h,3.0492,3.196772,2.938521,66,BUY,BUY_LIMIT,4,60,TRENDING,Oracle NEUTRAL +4/5 | BUY_LIMIT 60%,1754323200000,backtest,LOSS,1754424000000,2.938521,,,,,binance
3329,TRXUSDT,LONG,4h,0.3339,0.339783,0.329488,48,STRONG_BUY,BUY_LIMIT,3,60,TRENDING,Oracle BULLISH +3/5 | BUY_LIMIT 60%,1754352000000,backtest,WIN,1754539200000,0.339783,,,,,binance
3819,DOGEUSDT,SHORT,4h,0.19981,0.188365,0.208394,48,SELL,SELL_LIMIT,-3,60,SLEEPING,Oracle NEUTRAL -3/5 | SELL_LIMIT 60%,1754424000000,backtest,LOSS,1754553600000,0.208394,,,,,binance
3735,ATOMUSDT,SHORT,4h,4.23,4.054206,4.361846,48,STRONG_SELL,SELL_LIMIT,-3,60,SLEEPING,Oracle BEARISH -3/5 | SELL_LIMIT 60%,1754424000000,backtest,LOSS,1754553600000,4.361846,,,,,binance
3568,NEARUSDT,SHORT,4h,2.468,2.329047,2.572215,48,STRONG_SELL,SELL_LIMIT,-3,60,SLEEPING,Oracle BEARISH -3/5 | SELL_LIMIT 60%,1754424000000,backtest,LOSS,1754553600000,2.572215,,,,,binance
3488,FETUSDT,SHORT,4h,0.646,0.610972,0.672271,48,STRONG_SELL,SELL_LIMIT,-3,60,SLEEPING,Oracle BEARISH -3/5 | SELL_LIMIT 60%,1754424000000,backtest,LOSS,1754553600000,0.672271,,,,,binance
3645,ARBUSDT,SHORT,4h,0.3837,0.361077,0.400667,48,SELL,SELL_LIMIT,-3,60,SLEEPING,Oracle NEUTRAL -3/5 | SELL_LIMIT 60%,1754424000000,backtest,LOSS,1754553600000,0.400667,,,,,binance
3489,FETUSDT,SHORT,4h,0.64,0.604554,0.666584,48,STRONG_SELL,SELL_LIMIT,-3,60,SLEEPING,Oracle BEARISH -3/5 | SELL_LIMIT 60%,1754467200000,backtest,LOSS,1754553600000,0.666584,,,,,binance
3569,NEARUSDT,SHORT,4h,2.461,2.319906,2.56682,48,SELL,SELL_LIMIT,-3,60,SLEEPING,Oracle NEUTRAL -3/5 | SELL_LIMIT 60%,1754467200000,backtest,LOSS,1754553600000,2.56682,,,,,binance
3914,APTUSDT,SHORT,4h,4.243,4.04294,4.393045,48,STRONG_SELL,SELL_LIMIT,-3,60,SLEEPING,Oracle BEARISH -3/5 | SELL_LIMIT 60%,1754467200000,backtest,LOSS,1754596800000,4.393045,,,,,binance
3411,XRPUSDT,LONG,4h,3.0042,3.142839,2.900221,48,BUY,BUY_LIMIT,3,60,SLEEPING,Oracle NEUTRAL +3/5 | BUY_LIMIT 60%,1754481600000,backtest,WIN,1754596800000,3.142839,,,,,binance
3646,ARBUSDT,SHORT,4h,0.3888,0.366413,0.405591,48,SELL,SELL_LIMIT,-3,60,SLEEPING,Oracle NEUTRAL -3/5 | SELL_LIMIT 60%,1754496000000,backtest,LOSS,1754553600000,0.405591,,,,,binance
3915,APTUSDT,SHORT,4h,4.255,4.059193,4.401855,48,STRONG_SELL,SELL_LIMIT,-3,60,SLEEPING,Oracle BEARISH -3/5 | SELL_LIMIT 60%,1754496000000,backtest,LOSS,1754596800000,4.401855,,,,,binance
3490,FETUSDT,SHORT,4h,0.647,0.613915,0.671814,48,STRONG_SELL,SELL_LIMIT,-3,60,SLEEPING,Oracle BEARISH -3/5 | SELL_LIMIT 60%,1754524800000,backtest,LOSS,1754553600000,0.671814,,,,,binance
3647,ARBUSDT,LONG,4h,0.4091,0.430768,0.392849,66,BUY,BUY_LIMIT,4,60,SLEEPING,Oracle NEUTRAL +4/5 | BUY_LIMIT 60%,1754553600000,backtest,WIN,1754654400000,0.430768,,,,,binance
3570,NEARUSDT,LONG,4h,2.597,2.731492,2.496131,48,BUY,BUY_LIMIT,3,60,SLEEPING,Oracle NEUTRAL +3/5 | BUY_LIMIT 60%,1754553600000,backtest,WIN,1754668800000,2.731492,,,,,binance
3820,DOGEUSDT,LONG,4h,0.21426,0.224761,0.206384,66,BUY,BUY_LIMIT,4,60,SLEEPING,Oracle NEUTRAL +4/5 | BUY_LIMIT 60%,1754553600000,backtest,WIN,1754611200000,0.224761,,,,,binance
3025,BTCUSDT,LONG,4h,116519.53,118598.055986,114960.63551,48,STRONG_BUY,BUY_LIMIT,3,60,SLEEPING,Oracle BULLISH +3/5 | BUY_LIMIT 60%,1754553600000,backtest,WIN,1754798400000,118598.055986,,,,,binance
3412,XRPUSDT,LONG,4h,3.0793,3.210598,2.980826,48,BUY,BUY_LIMIT,3,60,SLEEPING,Oracle NEUTRAL +3/5 | BUY_LIMIT 60%,1754553600000,backtest,WIN,1754596800000,3.210598,,,,,binance
3265,BNBUSDT,LONG,4h,788.67,809.258064,773.228952,66,STRONG_BUY,BUY_LIMIT,4,60,TRENDING,Oracle BULLISH +4/5 | BUY_LIMIT 60%,1754596800000,backtest,WIN,1754712000000,809.258064,,,,,binance
3736,ATOMUSDT,LONG,4h,4.471,4.634289,4.348533,66,BUY,BUY_LIMIT,4,60,TRENDING,Oracle NEUTRAL +4/5 | BUY_LIMIT 60%,1754596800000,backtest,WIN,1754654400000,4.634289,,,,,binance
3413,XRPUSDT,LONG,4h,3.2216,3.391205,3.094396,66,BUY,BUY_LIMIT,4,60,TRENDING,Oracle NEUTRAL +4/5 | BUY_LIMIT 60%,1754654400000,backtest,LOSS,1755172800000,3.094396,,,,,binance
3491,FETUSDT,LONG,4h,0.705,0.739207,0.679345,66,BUY,BUY_LIMIT,4,60,TRENDING,Oracle BEARISH +4/5 | BUY_LIMIT 60%,1754668800000,backtest,WIN,1754870400000,0.739207,,,,,binance
3916,APTUSDT,LONG,4h,4.673,4.882902,4.515574,66,BUY,BUY_LIMIT,4,60,TRENDING,Oracle BEARISH +4/5 | BUY_LIMIT 60%,1754668800000,backtest,LOSS,1754942400000,4.515574,,,,,binance
3330,TRXUSDT,LONG,4h,0.3393,0.343965,0.335801,48,STRONG_BUY,BUY_LIMIT,3,60,TRENDING,Oracle BULLISH +3/5 | BUY_LIMIT 60%,1754784000000,backtest,WIN,1754913600000,0.343965,,,,,binance
3331,TRXUSDT,LONG,4h,0.3402,0.345215,0.336439,48,STRONG_BUY,BUY_LIMIT,3,60,TRENDING,Oracle BULLISH +3/5 | BUY_LIMIT 60%,1754812800000,backtest,WIN,1754928000000,0.345215,,,,,binance
3917,APTUSDT,LONG,4h,4.706,4.915061,4.549205,48,BUY,BUY_LIMIT,3,60,TRENDING,Oracle NEUTRAL +3/5 | BUY_LIMIT 60%,1754827200000,backtest,LOSS,1754942400000,4.549205,,,,,binance
3492,FETUSDT,LONG,4h,0.711,0.743661,0.686505,66,BUY,BUY_LIMIT,4,60,TRENDING,Oracle BEARISH +4/5 | BUY_LIMIT 60%,1754827200000,backtest,WIN,1754884800000,0.743661,,,,,binance
3332,TRXUSDT,LONG,4h,0.3406,0.345492,0.336931,48,STRONG_BUY,BUY_LIMIT,3,60,TRENDING,Oracle BULLISH +3/5 | BUY_LIMIT 60%,1754870400000,backtest,WIN,1754928000000,0.345492,,,,,binance
3821,DOGEUSDT,LONG,4h,0.23153,0.244495,0.221806,48,BUY,BUY_LIMIT,3,60,TRENDING,Oracle NEUTRAL +3/5 | BUY_LIMIT 60%,1754913600000,backtest,LOSS,1754942400000,0.221806,,,,,binance
3266,BNBUSDT,LONG,4h,807.43,831.928352,789.056236,66,STRONG_BUY,BUY_LIMIT,4,60,TRENDING,Oracle BULLISH +4/5 | BUY_LIMIT 60%,1754913600000,backtest,WIN,1755014400000,831.928352,,,,,binance
3918,APTUSDT,SHORT,4h,4.526,4.292423,4.701183,66,STRONG_SELL,SELL_LIMIT,-4,60,TRENDING,Oracle BEARISH -4/5 | SELL_LIMIT 60%,1754942400000,backtest,LOSS,1755000000000,4.701183,,,,,binance
3571,NEARUSDT,SHORT,4h,2.601,2.450119,2.714161,48,SELL,SELL_LIMIT,-3,60,TRENDING,Oracle NEUTRAL -3/5 | SELL_LIMIT 60%,1754942400000,backtest,LOSS,1755000000000,2.714161,,,,,binance
3737,ATOMUSDT,SHORT,4h,4.487,4.278442,4.643419,66,SELL,SELL_LIMIT,-4,60,TRENDING,Oracle NEUTRAL -4/5 | SELL_LIMIT 60%,1754942400000,backtest,LOSS,1755014400000,4.643419,,,,,binance
3572,NEARUSDT,SHORT,4h,2.604,2.459558,2.712332,48,SELL,SELL_LIMIT,-3,60,TRENDING,Oracle NEUTRAL -3/5 | SELL_LIMIT 60%,1754985600000,backtest,LOSS,1755000000000,2.712332,,,,,binance
3267,BNBUSDT,LONG,4h,820.68,845.921122,801.749159,66,STRONG_BUY,BUY_LIMIT,4,60,TRENDING,Oracle BULLISH +4/5 | BUY_LIMIT 60%,1755000000000,backtest,WIN,1755057600000,845.921122,,,,,binance
3493,FETUSDT,LONG,4h,0.718,0.759352,0.686986,66,BUY,BUY_LIMIT,4,60,TRENDING,Oracle BEARISH +4/5 | BUY_LIMIT 60%,1755000000000,backtest,WIN,1755115200000,0.759352,,,,,binance
3414,XRPUSDT,LONG,4h,3.2888,3.429349,3.183388,48,BUY,BUY_LIMIT,3,60,TRENDING,Oracle NEUTRAL +3/5 | BUY_LIMIT 60%,1755014400000,backtest,LOSS,1755172800000,3.183388,,,,,binance
3573,NEARUSDT,LONG,4h,2.828,2.980363,2.713728,48,STRONG_BUY,BUY_LIMIT,3,60,TRENDING,Oracle BULLISH +3/5 | BUY_LIMIT 60%,1755043200000,backtest,WIN,1755100800000,2.980363,,,,,binance
3822,DOGEUSDT,LONG,4h,0.24488,0.258801,0.234439,66,STRONG_BUY,BUY_LIMIT,4,60,TRENDING,Oracle BULLISH +4/5 | BUY_LIMIT 60%,1755057600000,backtest,LOSS,1755172800000,0.234439,,,,,binance
3738,ATOMUSDT,LONG,4h,4.82,5.02764,4.66427,66,STRONG_BUY,BUY_LIMIT,4,60,TRENDING,Oracle BULLISH +4/5 | BUY_LIMIT 60%,1755072000000,backtest,LOSS,1755172800000,4.66427,,,,,binance
3648,ARBUSDT,LONG,4h,0.4934,0.52377,0.470623,66,STRONG_BUY,BUY_LIMIT,4,60,TRENDING,Oracle BULLISH +4/5 | BUY_LIMIT 60%,1755072000000,backtest,WIN,1755086400000,0.52377,,,,,binance
3919,APTUSDT,LONG,4h,4.964,5.215796,4.775153,48,STRONG_BUY,BUY_LIMIT,3,60,TRENDING,Oracle BULLISH +3/5 | BUY_LIMIT 60%,1755072000000,backtest,LOSS,1755172800000,4.775153,,,,,binance
3739,ATOMUSDT,SHORT,4h,4.526,4.28939,4.703457,66,SELL,SELL_LIMIT,-4,60,TRENDING,Oracle NEUTRAL -4/5 | SELL_LIMIT 60%,1755187200000,backtest,LOSS,1755432000000,4.703457,,,,,binance
3920,APTUSDT,LONG,4h,4.818,5.109223,4.599583,48,BUY,BUY_LIMIT,3,60,TRENDING,Oracle BEARISH +3/5 | BUY_LIMIT 60%,1755216000000,backtest,LOSS,1755259200000,4.599583,,,,,binance
3740,ATOMUSDT,SHORT,4h,4.494,4.269592,4.662306,66,STRONG_SELL,SELL_LIMIT,-4,60,TRENDING,Oracle BEARISH -4/5 | SELL_LIMIT 60%,1755244800000,backtest,LOSS,1755403200000,4.662306,,,,,binance
3415,XRPUSDT,SHORT,4h,3.0269,2.878044,3.138542,48,SELL,SELL_LIMIT,-3,60,TRENDING,Oracle NEUTRAL -3/5 | SELL_LIMIT 60%,1755259200000,backtest,LOSS,1755331200000,3.138542,,,,,binance
3921,APTUSDT,SHORT,4h,4.584,4.287152,4.806636,48,STRONG_SELL,SELL_LIMIT,-3,60,TRENDING,Oracle BEARISH -3/5 | SELL_LIMIT 60%,1755259200000,backtest,LOSS,1755403200000,4.806636,,,,,binance
3494,FETUSDT,SHORT,4h,0.684,0.64081,0.716393,48,STRONG_SELL,SELL_LIMIT,-3,60,TRENDING,Oracle BEARISH -3/5 | SELL_LIMIT 60%,1755259200000,backtest,LOSS,1755417600000,0.716393,,,,,binance
3495,FETUSDT,SHORT,4h,0.704,0.666392,0.732206,48,STRONG_SELL,SELL_LIMIT,-3,60,TRENDING,Oracle BEARISH -3/5 | SELL_LIMIT 60%,1755360000000,backtest,LOSS,1755432000000,0.732206,,,,,binance
3649,ARBUSDT,LONG,4h,0.5574,0.597536,0.527298,66,STRONG_BUY,BUY_LIMIT,4,60,TRENDING,Oracle BULLISH +4/5 | BUY_LIMIT 60%,1755432000000,backtest,LOSS,1755475200000,0.527298,,,,,binance
4017,ATOMUSDT,LONG,4h,4.626,4.938458,4.469771,48,STRONG_BUY,BUY_LIMIT,3,60,SUPER TREND,Oracle BULLISH +3/5 | BUY_LIMIT 60%,1755864000000,backtest,WIN,1756051200000,4.938458,,,,,okx
3268,BNBUSDT,LONG,4h,876.22,921.970979,853.344511,48,STRONG_BUY,BUY_LIMIT,3,60,SUPER TREND,Oracle BULLISH +3/5 | BUY_LIMIT 60%,1755864000000,backtest,LOSS,1756108800000,853.344511,,,,,binance
3971,ETHUSDT,LONG,4h,4616.17,4960.814176,4443.847912,48,STRONG_BUY,BUY_LIMIT,3,60,SUPER TREND,Oracle BULLISH +3/5 | BUY_LIMIT 60%,1755864000000,backtest,LOSS,1756137600000,4443.847912,,,,,okx
3026,BTCUSDT,LONG,4h,116370.75,120431.272597,114340.488701,66,STRONG_BUY,BUY_LIMIT,4,60,SUPER TREND,Oracle BULLISH +4/5 | BUY_LIMIT 60%,1755864000000,backtest,LOSS,1756051200000,114340.488701,,,,,binance
3204,ETHUSDT,LONG,4h,4616.08,4960.434393,4443.902804,48,STRONG_BUY,BUY_LIMIT,3,60,SUPER TREND,Oracle BULLISH +3/5 | BUY_LIMIT 60%,1755864000000,backtest,LOSS,1756137600000,4443.902804,,,,,binance
3333,TRXUSDT,LONG,4h,0.3594,0.370262,0.353969,48,STRONG_BUY,BUY_LIMIT,3,60,SUPER TREND,Oracle BULLISH +3/5 | BUY_LIMIT 60%,1755864000000,backtest,LOSS,1756094400000,0.353969,,,,,binance
4167,DOGEUSDT,LONG,4h,0.23007,0.250725,0.219742,48,STRONG_BUY,BUY_LIMIT,3,60,SUPER TREND,Oracle BULLISH +3/5 | BUY_LIMIT 60%,1755864000000,backtest,LOSS,1756094400000,0.219742,,,,,okx
3823,DOGEUSDT,LONG,4h,0.23013,0.25079,0.2198,48,STRONG_BUY,BUY_LIMIT,3,60,SUPER TREND,Oracle BULLISH +3/5 | BUY_LIMIT 60%,1755864000000,backtest,LOSS,1756108800000,0.2198,,,,,binance
3741,ATOMUSDT,LONG,4h,4.626,4.940023,4.468989,48,STRONG_BUY,BUY_LIMIT,3,60,SUPER TREND,Oracle BULLISH +3/5 | BUY_LIMIT 60%,1755864000000,backtest,WIN,1756051200000,4.940023,,,,,binance
3416,XRPUSDT,LONG,4h,3.073,3.219855,2.962859,66,BUY,BUY_LIMIT,4,60,TRENDING,Oracle BEARISH +4/5 | BUY_LIMIT 60%,1755878400000,backtest,LOSS,1756094400000,2.962859,,,,,binance
3922,APTUSDT,LONG,4h,4.727,4.955844,4.555367,48,BUY,BUY_LIMIT,3,60,TRENDING,Oracle BEARISH +3/5 | BUY_LIMIT 60%,1755878400000,backtest,LOSS,1756022400000,4.555367,,,,,binance
3574,NEARUSDT,LONG,4h,2.69,2.838946,2.578291,66,BUY,BUY_LIMIT,4,60,TRENDING,Oracle BEARISH +4/5 | BUY_LIMIT 60%,1755878400000,backtest,LOSS,1756022400000,2.578291,,,,,binance
3496,FETUSDT,LONG,4h,0.705,0.741432,0.677676,66,BUY,BUY_LIMIT,4,60,TRENDING,Oracle BEARISH +4/5 | BUY_LIMIT 60%,1755878400000,backtest,LOSS,1755907200000,0.677676,,,,,binance
4049,STRKUSDT,LONG,4h,0.1399,0.149534,0.132675,48,STRONG_BUY,BUY_LIMIT,3,60,TRENDING,Oracle BULLISH +3/5 | BUY_LIMIT 60%,1755878400000,backtest,LOSS,1756094400000,0.132675,,,,,okx
4108,POLUSDT,LONG,4h,0.2538,0.267493,0.24353,48,STRONG_BUY,BUY_LIMIT,3,60,TRENDING,Oracle BULLISH +3/5 | BUY_LIMIT 60%,1755892800000,backtest,LOSS,1756022400000,0.24353,,,,,okx
4076,BTCUSDT,LONG,4h,116943.7,119558.049499,114982.937876,66,STRONG_BUY,BUY_LIMIT,4,60,TRENDING,Oracle BULLISH +4/5 | BUY_LIMIT 60%,1755892800000,backtest,LOSS,1755950400000,114982.937876,,,,,okx
3650,ARBUSDT,LONG,4h,0.5867,0.637494,0.548605,66,STRONG_BUY,BUY_LIMIT,4,60,TRENDING,Oracle BULLISH +4/5 | BUY_LIMIT 60%,1755892800000,backtest,LOSS,1756094400000,0.548605,,,,,binance
4018,ATOMUSDT,LONG,4h,4.71,4.930447,4.544665,48,STRONG_BUY,BUY_LIMIT,3,60,TRENDING,Oracle BULLISH +3/5 | BUY_LIMIT 60%,1755907200000,backtest,WIN,1755964800000,4.930447,,,,,okx
3269,BNBUSDT,LONG,4h,882.78,914.517716,858.976713,48,STRONG_BUY,BUY_LIMIT,3,60,TRENDING,Oracle BULLISH +3/5 | BUY_LIMIT 60%,1755907200000,backtest,LOSS,1756094400000,858.976713,,,,,binance
3742,ATOMUSDT,LONG,4h,4.711,4.932671,4.544747,48,STRONG_BUY,BUY_LIMIT,3,60,TRENDING,Oracle BULLISH +3/5 | BUY_LIMIT 60%,1755907200000,backtest,WIN,1755979200000,4.932671,,,,,binance
3923,APTUSDT,LONG,4h,4.664,4.905704,4.482722,48,BUY,BUY_LIMIT,3,60,TRENDING,Oracle BEARISH +3/5 | BUY_LIMIT 60%,1755921600000,backtest,LOSS,1756094400000,4.482722,,,,,binance
3417,XRPUSDT,LONG,4h,3.0619,3.210319,2.950586,66,BUY,BUY_LIMIT,4,60,TRENDING,Oracle BEARISH +4/5 | BUY_LIMIT 60%,1755921600000,backtest,LOSS,1756094400000,2.950586,,,,,binance
4138,NEARUSDT,LONG,4h,2.676,2.814572,2.572071,66,BUY,BUY_LIMIT,4,60,TRENDING,Oracle NEUTRAL +4/5 | BUY_LIMIT 60%,1755950400000,backtest,LOSS,1756094400000,2.572071,,,,,okx
3418,XRPUSDT,LONG,4h,3.0297,3.162209,2.930319,66,BUY,BUY_LIMIT,4,60,TRENDING,Oracle BEARISH +4/5 | BUY_LIMIT 60%,1755964800000,backtest,LOSS,1756094400000,2.930319,,,,,binance
3990,FETUSDT,SHORT,4h,0.6407,0.613125,0.661381,66,STRONG_SELL,SELL_LIMIT,-4,60,TRENDING,Oracle BEARISH -4/5 | SELL_LIMIT 60%,1756310400000,backtest,WIN,1756483200000,0.613125,,,,,okx
3497,FETUSDT,SHORT,4h,0.64,0.611078,0.661692,66,STRONG_SELL,SELL_LIMIT,-4,60,TRENDING,Oracle BEARISH -4/5 | SELL_LIMIT 60%,1756310400000,backtest,WIN,1756483200000,0.611078,,,,,binance
3498,FETUSDT,SHORT,4h,0.636,0.608587,0.65656,66,STRONG_SELL,SELL_LIMIT,-4,60,SLEEPING,Oracle BEARISH -4/5 | SELL_LIMIT 60%,1756396800000,backtest,WIN,1756512000000,0.608587,,,,,binance
4109,POLUSDT,LONG,4h,0.2809,0.300136,0.266473,66,STRONG_BUY,BUY_LIMIT,4,60,TRENDING,Oracle BULLISH +4/5 | BUY_LIMIT 60%,1756699200000,backtest,REVIEW,,,,,,,okx
3575,NEARUSDT,SHORT,4h,2.412,2.310649,2.488013,48,STRONG_SELL,SELL_LIMIT,-3,60,TRENDING,Oracle BEARISH -3/5 | SELL_LIMIT 60%,1756699200000,backtest,WIN,1756756800000,2.310649,,,,,binance
4091,XRPUSDT,SHORT,4h,2.7941,2.699631,2.864952,66,SELL,SELL_LIMIT,-4,60,TRENDING,Oracle NEUTRAL -4/5 | SELL_LIMIT 60%,1756699200000,backtest,WIN,1756756800000,2.699631,,,,,okx
3419,XRPUSDT,SHORT,4h,2.7943,2.699631,2.865302,66,STRONG_SELL,SELL_LIMIT,-4,60,TRENDING,Oracle BEARISH -4/5 | SELL_LIMIT 60%,1756699200000,backtest,WIN,1756756800000,2.699631,,,,,binance
3991,FETUSDT,SHORT,4h,0.6154,0.591411,0.633392,66,STRONG_SELL,SELL_LIMIT,-4,60,TRENDING,Oracle BEARISH -4/5 | SELL_LIMIT 60%,1756699200000,backtest,WIN,1756756800000,0.591411,,,,,okx
3499,FETUSDT,SHORT,4h,0.616,0.591062,0.634703,66,STRONG_SELL,SELL_LIMIT,-4,60,TRENDING,Oracle BEARISH -4/5 | SELL_LIMIT 60%,1756699200000,backtest,WIN,1756756800000,0.591062,,,,,binance
3334,TRXUSDT,SHORT,4h,0.3402,0.334871,0.344197,48,SELL,SELL_LIMIT,-3,60,TRENDING,Oracle BULLISH -3/5 | SELL_LIMIT 60%,1756699200000,backtest,WIN,1756756800000,0.334871,,,,,binance
4050,STRKUSDT,SHORT,4h,0.127,0.120902,0.131573,48,STRONG_SELL,SELL_LIMIT,-3,60,TRENDING,Oracle BEARISH -3/5 | SELL_LIMIT 60%,1756699200000,backtest,WIN,1756756800000,0.120902,,,,,okx
4139,NEARUSDT,SHORT,4h,2.412,2.311103,2.487673,48,STRONG_SELL,SELL_LIMIT,-3,60,TRENDING,Oracle BEARISH -3/5 | SELL_LIMIT 60%,1756699200000,backtest,WIN,1756756800000,2.311103,,,,,okx
3743,ATOMUSDT,SHORT,4h,4.445,4.260366,4.583476,48,STRONG_SELL,SELL_LIMIT,-3,60,TRENDING,Oracle BEARISH -3/5 | SELL_LIMIT 60%,1756742400000,backtest,LOSS,1757332800000,4.583476,,,,,binance
4019,ATOMUSDT,SHORT,4h,4.445,4.259237,4.584323,48,STRONG_SELL,SELL_LIMIT,-3,60,TRENDING,Oracle BEARISH -3/5 | SELL_LIMIT 60%,1756742400000,backtest,LOSS,1757332800000,4.584323,,,,,okx
3824,DOGEUSDT,SHORT,4h,0.21237,0.203151,0.219284,48,STRONG_SELL,SELL_LIMIT,-3,60,TRENDING,Oracle BEARISH -3/5 | SELL_LIMIT 60%,1756742400000,backtest,LOSS,1756900800000,0.219284,,,,,binance
3924,APTUSDT,SHORT,4h,4.234,4.066891,4.359331,48,STRONG_SELL,SELL_LIMIT,-3,60,TRENDING,Oracle BEARISH -3/5 | SELL_LIMIT 60%,1756742400000,backtest,LOSS,1756900800000,4.359331,,,,,binance
4168,DOGEUSDT,SHORT,4h,0.21237,0.203122,0.219306,48,STRONG_SELL,SELL_LIMIT,-3,60,TRENDING,Oracle BEARISH -3/5 | SELL_LIMIT 60%,1756742400000,backtest,LOSS,1756900800000,0.219306,,,,,okx
3651,ARBUSDT,SHORT,4h,0.4772,0.448015,0.499089,48,SELL,SELL_LIMIT,-3,60,TRENDING,Oracle NEUTRAL -3/5 | SELL_LIMIT 60%,1756756800000,backtest,LOSS,1756814400000,0.499089,,,,,binance
3925,APTUSDT,SHORT,4h,4.263,4.09151,4.391618,48,STRONG_SELL,SELL_LIMIT,-3,60,TRENDING,Oracle BEARISH -3/5 | SELL_LIMIT 60%,1756785600000,backtest,LOSS,1756929600000,4.391618,,,,,binance
3652,ARBUSDT,SHORT,4h,0.4846,0.455539,0.506396,48,SELL,SELL_LIMIT,-3,60,TRENDING,Oracle NEUTRAL -3/5 | SELL_LIMIT 60%,1756814400000,backtest,LOSS,1756900800000,0.506396,,,,,binance
3926,APTUSDT,SHORT,4h,4.254,4.079888,4.384584,48,STRONG_SELL,SELL_LIMIT,-3,60,TRENDING,Oracle BEARISH -3/5 | SELL_LIMIT 60%,1756814400000,backtest,LOSS,1756915200000,4.384584,,,,,binance
3744,ATOMUSDT,SHORT,4h,4.429,4.260364,4.555477,48,SELL,SELL_LIMIT,-3,60,TRENDING,Oracle NEUTRAL -3/5 | SELL_LIMIT 60%,1756872000000,backtest,LOSS,1756915200000,4.555477,,,,,binance
3500,FETUSDT,SHORT,4h,0.611,0.587068,0.628949,48,STRONG_SELL,SELL_LIMIT,-3,60,SLEEPING,Oracle BEARISH -3/5 | SELL_LIMIT 60%,1756944000000,backtest,LOSS,1757246400000,0.628949,,,,,binance
3745,ATOMUSDT,SHORT,4h,4.422,4.264729,4.539953,48,STRONG_SELL,SELL_LIMIT,-3,60,SLEEPING,Oracle BEARISH -3/5 | SELL_LIMIT 60%,1756958400000,backtest,LOSS,1757073600000,4.539953,,,,,binance
3335,TRXUSDT,SHORT,4h,0.3381,0.333122,0.341833,48,SELL,SELL_LIMIT,-3,60,SLEEPING,Oracle BULLISH -3/5 | SELL_LIMIT 60%,1756958400000,backtest,WIN,1757073600000,0.333122,,,,,binance
3927,APTUSDT,SHORT,4h,4.276,4.136059,4.380956,48,STRONG_SELL,SELL_LIMIT,-3,60,SLEEPING,Oracle BEARISH -3/5 | SELL_LIMIT 60%,1756972800000,backtest,LOSS,1757318400000,4.380956,,,,,binance
3420,XRPUSDT,SHORT,4h,2.7946,2.708901,2.858874,48,STRONG_SELL,SELL_LIMIT,-3,60,SLEEPING,Oracle BEARISH -3/5 | SELL_LIMIT 60%,1757016000000,backtest,LOSS,1757073600000,2.858874,,,,,binance
3825,DOGEUSDT,SHORT,4h,0.21241,0.204163,0.218595,48,STRONG_SELL,SELL_LIMIT,-3,60,SLEEPING,Oracle BEARISH -3/5 | SELL_LIMIT 60%,1757016000000,backtest,LOSS,1757073600000,0.218595,,,,,binance
3653,ARBUSDT,SHORT,4h,0.4823,0.45696,0.501305,48,SELL,SELL_LIMIT,-3,60,SLEEPING,Oracle NEUTRAL -3/5 | SELL_LIMIT 60%,1757016000000,backtest,LOSS,1757059200000,0.501305,,,,,binance
3928,APTUSDT,SHORT,4h,4.26,4.12599,4.360507,48,STRONG_SELL,SELL_LIMIT,-3,60,SLEEPING,Oracle BEARISH -3/5 | SELL_LIMIT 60%,1757088000000,backtest,LOSS,1757318400000,4.360507,,,,,binance
3270,BNBUSDT,LONG,4h,866.12,879.354153,856.194385,66,STRONG_BUY,BUY_LIMIT,4,60,SLEEPING,Oracle BULLISH +4/5 | BUY_LIMIT 60%,1757203200000,backtest,WIN,1757275200000,879.354153,,,,,binance
3929,APTUSDT,SHORT,4h,4.231,4.12888,4.30759,48,STRONG_SELL,SELL_LIMIT,-3,60,SLEEPING,Oracle BEARISH -3/5 | SELL_LIMIT 60%,1757217600000,backtest,LOSS,1757289600000,4.30759,,,,,binance
3826,DOGEUSDT,LONG,4h,0.22368,0.231059,0.218146,48,BUY,BUY_LIMIT,3,60,SLEEPING,Oracle NEUTRAL +3/5 | BUY_LIMIT 60%,1757246400000,backtest,WIN,1757289600000,0.231059,,,,,binance
3421,XRPUSDT,LONG,4h,2.9362,3.012845,2.878716,66,BUY,BUY_LIMIT,4,60,SLEEPING,Oracle BEARISH +4/5 | BUY_LIMIT 60%,1757318400000,backtest,WIN,1757390400000,3.012845,,,,,binance
3746,ATOMUSDT,LONG,4h,4.574,4.694668,4.483499,66,BUY,BUY_LIMIT,4,60,SLEEPING,Oracle NEUTRAL +4/5 | BUY_LIMIT 60%,1757332800000,backtest,WIN,1757505600000,4.694668,,,,,binance
3576,NEARUSDT,LONG,4h,2.554,2.634549,2.493588,66,BUY,BUY_LIMIT,4,60,SLEEPING,Oracle NEUTRAL +4/5 | BUY_LIMIT 60%,1757347200000,backtest,WIN,1757390400000,2.634549,,,,,binance
3501,FETUSDT,LONG,4h,0.656,0.682384,0.636212,66,BUY,BUY_LIMIT,4,60,SLEEPING,Oracle BEARISH +4/5 | BUY_LIMIT 60%,1757376000000,backtest,WIN,1757390400000,0.682384,,,,,binance
3827,DOGEUSDT,LONG,4h,0.23648,0.246069,0.229288,66,STRONG_BUY,BUY_LIMIT,4,60,SLEEPING,Oracle BULLISH +4/5 | BUY_LIMIT 60%,1757376000000,backtest,WIN,1757419200000,0.246069,,,,,binance
3930,APTUSDT,LONG,4h,4.489,4.61222,4.396585,66,BUY,BUY_LIMIT,4,60,SLEEPING,Oracle BEARISH +4/5 | BUY_LIMIT 60%,1757390400000,backtest,LOSS,1757419200000,4.396585,,,,,binance
3027,BTCUSDT,LONG,4h,112991.11,114775.476406,111652.835196,48,BUY,BUY_LIMIT,3,60,SLEEPING,Oracle NEUTRAL +3/5 | BUY_LIMIT 60%,1757390400000,backtest,LOSS,1757419200000,111652.835196,,,,,binance
3654,ARBUSDT,LONG,4h,0.5288,0.552535,0.510999,66,BUY,BUY_LIMIT,4,60,SLEEPING,Oracle NEUTRAL +4/5 | BUY_LIMIT 60%,1757390400000,backtest,LOSS,1757419200000,0.510999,,,,,binance
3502,FETUSDT,LONG,4h,0.656,0.685413,0.63394,66,BUY,BUY_LIMIT,4,60,SLEEPING,Oracle NEUTRAL +4/5 | BUY_LIMIT 60%,1757505600000,backtest,WIN,1757721600000,0.685413,,,,,binance
3336,TRXUSDT,LONG,4h,0.3387,0.345454,0.333635,66,STRONG_BUY,BUY_LIMIT,4,60,SLEEPING,Oracle BULLISH +4/5 | BUY_LIMIT 60%,1757505600000,backtest,WIN,1757563200000,0.345454,,,,,binance
3931,APTUSDT,LONG,4h,4.462,4.595286,4.362036,66,BUY,BUY_LIMIT,4,60,SLEEPING,Oracle NEUTRAL +4/5 | BUY_LIMIT 60%,1757505600000,backtest,WIN,1757692800000,4.595286,,,,,binance
3028,BTCUSDT,LONG,4h,113853.99,115851.493061,112355.862705,48,STRONG_BUY,BUY_LIMIT,3,60,SLEEPING,Oracle BULLISH +3/5 | BUY_LIMIT 60%,1757505600000,backtest,WIN,1757635200000,115851.493061,,,,,binance
3655,ARBUSDT,LONG,4h,0.5165,0.542726,0.496831,48,STRONG_BUY,BUY_LIMIT,3,60,SLEEPING,Oracle BULLISH +3/5 | BUY_LIMIT 60%,1757505600000,backtest,WIN,1757692800000,0.542726,,,,,binance
3503,FETUSDT,LONG,4h,0.657,0.686871,0.634597,66,BUY,BUY_LIMIT,4,60,SLEEPING,Oracle NEUTRAL +4/5 | BUY_LIMIT 60%,1757534400000,backtest,WIN,1757736000000,0.686871,,,,,binance
3932,APTUSDT,LONG,4h,4.483,4.615353,4.383735,66,BUY,BUY_LIMIT,4,60,SLEEPING,Oracle NEUTRAL +4/5 | BUY_LIMIT 60%,1757534400000,backtest,WIN,1757707200000,4.615353,,,,,binance
3656,ARBUSDT,LONG,4h,0.5249,0.551237,0.505147,48,STRONG_BUY,BUY_LIMIT,3,60,SLEEPING,Oracle BULLISH +3/5 | BUY_LIMIT 60%,1757548800000,backtest,WIN,1757750400000,0.551237,,,,,binance
3205,ETHUSDT,LONG,4h,4440.41,4556.508132,4353.336401,48,STRONG_BUY,BUY_LIMIT,3,60,SLEEPING,Oracle BULLISH +3/5 | BUY_LIMIT 60%,1757563200000,backtest,LOSS,1757592000000,4353.336401,,,,,binance
3992,FETUSDT,LONG,4h,0.6584,0.685216,0.638288,66,BUY,BUY_LIMIT,4,60,TRENDING,Oracle NEUTRAL +4/5 | BUY_LIMIT 60%,1757592000000,backtest,WIN,1757721600000,0.685216,,,,,okx
4140,NEARUSDT,LONG,4h,2.69,2.798862,2.608353,66,BUY,BUY_LIMIT,4,60,TRENDING,Oracle NEUTRAL +4/5 | BUY_LIMIT 60%,1757592000000,backtest,WIN,1757692800000,2.798862,,,,,okx
3972,ETHUSDT,LONG,4h,4412.64,4536.880233,4319.459825,66,STRONG_BUY,BUY_LIMIT,4,60,TRENDING,Oracle BULLISH +4/5 | BUY_LIMIT 60%,1757592000000,backtest,WIN,1757635200000,4536.880233,,,,,okx
4077,BTCUSDT,LONG,4h,114186,116013.837751,112815.121687,66,STRONG_BUY,BUY_LIMIT,4,60,TRENDING,Oracle BULLISH +4/5 | BUY_LIMIT 60%,1757592000000,backtest,WIN,1757635200000,116013.837751,,,,,okx
4169,DOGEUSDT,LONG,4h,0.24694,0.259117,0.237807,66,STRONG_BUY,BUY_LIMIT,4,60,TRENDING,Oracle BULLISH +4/5 | BUY_LIMIT 60%,1757592000000,backtest,WIN,1757635200000,0.259117,,,,,okx
4020,ATOMUSDT,LONG,4h,4.629,4.769331,4.523751,48,STRONG_BUY,BUY_LIMIT,3,60,TRENDING,Oracle BULLISH +3/5 | BUY_LIMIT 60%,1757592000000,backtest,WIN,1757721600000,4.769331,,,,,okx
4092,XRPUSDT,LONG,4h,2.995,3.07774,2.932945,66,BUY,BUY_LIMIT,4,60,TRENDING,Oracle NEUTRAL +4/5 | BUY_LIMIT 60%,1757592000000,backtest,WIN,1757692800000,3.07774,,,,,okx
4051,STRKUSDT,LONG,4h,0.132,0.138101,0.127424,48,STRONG_BUY,BUY_LIMIT,3,60,TRENDING,Oracle BULLISH +3/5 | BUY_LIMIT 60%,1757592000000,backtest,WIN,1757736000000,0.138101,,,,,okx
3657,ARBUSDT,LONG,4h,0.5221,0.547958,0.502707,48,STRONG_BUY,BUY_LIMIT,3,60,TRENDING,Oracle BULLISH +3/5 | BUY_LIMIT 60%,1757606400000,backtest,WIN,1757707200000,0.547958,,,,,binance
3747,ATOMUSDT,LONG,4h,4.741,4.876876,4.639093,48,STRONG_BUY,BUY_LIMIT,3,60,TRENDING,Oracle BULLISH +3/5 | BUY_LIMIT 60%,1757692800000,backtest,WIN,1757764800000,4.876876,,,,,binance
4021,ATOMUSDT,LONG,4h,4.738,4.873485,4.636387,48,STRONG_BUY,BUY_LIMIT,3,60,TRENDING,Oracle BULLISH +3/5 | BUY_LIMIT 60%,1757692800000,backtest,WIN,1757764800000,4.873485,,,,,okx
4110,POLUSDT,LONG,4h,0.2733,0.281977,0.266793,48,STRONG_BUY,BUY_LIMIT,3,60,TRENDING,Oracle BULLISH +3/5 | BUY_LIMIT 60%,1757707200000,backtest,WIN,1757750400000,0.281977,,,,,okx
3933,APTUSDT,LONG,4h,4.575,4.736197,4.454102,48,BUY,BUY_LIMIT,3,60,TRENDING,Oracle NEUTRAL +3/5 | BUY_LIMIT 60%,1757894400000,backtest,LOSS,1757923200000,4.454102,,,,,binance
3337,TRXUSDT,LONG,4h,0.3512,0.356212,0.347441,66,STRONG_BUY,BUY_LIMIT,4,60,TRENDING,Oracle BULLISH +4/5 | BUY_LIMIT 60%,1757894400000,backtest,LOSS,1757923200000,0.347441,,,,,binance
3504,FETUSDT,SHORT,4h,0.651,0.624478,0.670892,66,SELL,SELL_LIMIT,-4,60,TRENDING,Oracle NEUTRAL -4/5 | SELL_LIMIT 60%,1757908800000,backtest,LOSS,1758139200000,0.670892,,,,,binance
4078,BTCUSDT,LONG,4h,115809.9,117310.008649,114684.818513,66,STRONG_BUY,BUY_LIMIT,4,60,TRENDING,Oracle BULLISH +4/5 | BUY_LIMIT 60%,1757908800000,backtest,LOSS,1757923200000,114684.818513,,,,,okx
4022,ATOMUSDT,SHORT,4h,4.559,4.406417,4.673437,66,SELL,SELL_LIMIT,-4,60,TRENDING,Oracle NEUTRAL -4/5 | SELL_LIMIT 60%,1757908800000,backtest,LOSS,1758211200000,4.673437,,,,,okx
4052,STRKUSDT,LONG,4h,0.1359,0.142374,0.131045,48,BUY,BUY_LIMIT,3,60,TRENDING,Oracle NEUTRAL +3/5 | BUY_LIMIT 60%,1757908800000,backtest,WIN,1757923200000,0.142374,,,,,okx
3993,FETUSDT,SHORT,4h,0.6518,0.626384,0.670862,66,SELL,SELL_LIMIT,-4,60,TRENDING,Oracle NEUTRAL -4/5 | SELL_LIMIT 60%,1757908800000,backtest,LOSS,1758139200000,0.670862,,,,,okx
3029,BTCUSDT,LONG,4h,115806.62,117302.175371,114684.953472,66,STRONG_BUY,BUY_LIMIT,4,60,TRENDING,Oracle BULLISH +4/5 | BUY_LIMIT 60%,1757908800000,backtest,LOSS,1757923200000,114684.953472,,,,,binance
3748,ATOMUSDT,SHORT,4h,4.56,4.404342,4.676743,66,SELL,SELL_LIMIT,-4,60,TRENDING,Oracle NEUTRAL -4/5 | SELL_LIMIT 60%,1757908800000,backtest,LOSS,1758211200000,4.676743,,,,,binance
3658,ARBUSDT,SHORT,4h,0.4969,0.470964,0.516352,66,SELL,SELL_LIMIT,-4,60,TRENDING,Oracle NEUTRAL -4/5 | SELL_LIMIT 60%,1757923200000,backtest,LOSS,1758139200000,0.516352,,,,,binance
3934,APTUSDT,SHORT,4h,4.409,4.235131,4.539401,66,SELL,SELL_LIMIT,-4,60,TRENDING,Oracle NEUTRAL -4/5 | SELL_LIMIT 60%,1757923200000,backtest,LOSS,1758139200000,4.539401,,,,,binance
4111,POLUSDT,SHORT,4h,0.2594,0.248689,0.267433,48,SELL,SELL_LIMIT,-3,60,TRENDING,Oracle NEUTRAL -3/5 | SELL_LIMIT 60%,1757937600000,backtest,WIN,1758297600000,0.248689,,,,,okx
4053,STRKUSDT,SHORT,4h,0.1304,0.122222,0.136533,66,SELL,SELL_LIMIT,-4,60,TRENDING,Oracle NEUTRAL -4/5 | SELL_LIMIT 60%,1757952000000,backtest,LOSS,1758052800000,0.136533,,,,,okx
3271,BNBUSDT,LONG,4h,930.89,950.901264,915.881552,66,STRONG_BUY,BUY_LIMIT,4,60,TRENDING,Oracle BULLISH +4/5 | BUY_LIMIT 60%,1757995200000,backtest,WIN,1758038400000,950.901264,,,,,binance
4079,BTCUSDT,LONG,4h,115833.5,117380.494019,114673.254486,66,STRONG_BUY,BUY_LIMIT,4,60,TRENDING,Oracle BULLISH +4/5 | BUY_LIMIT 60%,1757995200000,backtest,WIN,1758153600000,117380.494019,,,,,okx
3030,BTCUSDT,LONG,4h,115840,117382.455406,114683.158445,66,STRONG_BUY,BUY_LIMIT,4,60,TRENDING,Oracle BULLISH +4/5 | BUY_LIMIT 60%,1757995200000,backtest,WIN,1758153600000,117382.455406,,,,,binance
4080,BTCUSDT,LONG,4h,115919.9,117530.346883,114712.064837,66,STRONG_BUY,BUY_LIMIT,4,60,TRENDING,Oracle BULLISH +4/5 | BUY_LIMIT 60%,1758024000000,backtest,WIN,1758153600000,117530.346883,,,,,okx
3031,BTCUSDT,LONG,4h,115905.88,117505.631651,114706.066262,66,STRONG_BUY,BUY_LIMIT,4,60,TRENDING,Oracle BULLISH +4/5 | BUY_LIMIT 60%,1758024000000,backtest,WIN,1758153600000,117505.631651,,,,,binance
3338,TRXUSDT,SHORT,4h,0.3408,0.335614,0.34469,66,SELL,SELL_LIMIT,-4,60,TRENDING,Oracle BULLISH -4/5 | SELL_LIMIT 60%,1758096000000,backtest,LOSS,1758139200000,0.34469,,,,,binance
3577,NEARUSDT,LONG,4h,2.824,2.952144,2.727892,48,STRONG_BUY,BUY_LIMIT,3,60,TRENDING,Oracle BULLISH +3/5 | BUY_LIMIT 60%,1758139200000,backtest,WIN,1758196800000,2.952144,,,,,binance
4141,NEARUSDT,LONG,4h,2.824,2.951247,2.728565,66,STRONG_BUY,BUY_LIMIT,4,60,TRENDING,Oracle BULLISH +4/5 | BUY_LIMIT 60%,1758139200000,backtest,WIN,1758196800000,2.951247,,,,,okx
3505,FETUSDT,LONG,4h,0.667,0.694078,0.646692,66,BUY,BUY_LIMIT,4,60,TRENDING,Oracle NEUTRAL +4/5 | BUY_LIMIT 60%,1758139200000,backtest,LOSS,1758283200000,0.646692,,,,,binance
4081,BTCUSDT,LONG,4h,116451.3,118369.993854,115012.279609,66,STRONG_BUY,BUY_LIMIT,4,60,TRENDING,Oracle BULLISH +4/5 | BUY_LIMIT 60%,1758139200000,backtest,LOSS,1758499200000,115012.279609,,,,,okx
3032,BTCUSDT,LONG,4h,116447.59,118358.341318,115014.526512,66,STRONG_BUY,BUY_LIMIT,4,60,TRENDING,Oracle BULLISH +4/5 | BUY_LIMIT 60%,1758139200000,backtest,LOSS,1758499200000,115014.526512,,,,,binance
3659,ARBUSDT,LONG,4h,0.5204,0.545296,0.501728,66,STRONG_BUY,BUY_LIMIT,4,60,TRENDING,Oracle BULLISH +4/5 | BUY_LIMIT 60%,1758139200000,backtest,LOSS,1758268800000,0.501728,,,,,binance
3994,FETUSDT,LONG,4h,0.6674,0.692984,0.648212,66,BUY,BUY_LIMIT,4,60,TRENDING,Oracle NEUTRAL +4/5 | BUY_LIMIT 60%,1758139200000,backtest,LOSS,1758283200000,0.648212,,,,,okx
3935,APTUSDT,LONG,4h,4.637,4.799173,4.51537,66,BUY,BUY_LIMIT,4,60,TRENDING,Oracle NEUTRAL +4/5 | BUY_LIMIT 60%,1758153600000,backtest,LOSS,1758499200000,4.51537,,,,,binance
3422,XRPUSDT,LONG,4h,3.1368,3.230675,3.066394,48,STRONG_BUY,BUY_LIMIT,3,60,SLEEPING,Oracle BULLISH +3/5 | BUY_LIMIT 60%,1758182400000,backtest,LOSS,1758225600000,3.066394,,,,,binance
3828,DOGEUSDT,LONG,4h,0.28662,0.302556,0.274668,66,STRONG_BUY,BUY_LIMIT,4,60,SLEEPING,Oracle BULLISH +4/5 | BUY_LIMIT 60%,1758196800000,backtest,LOSS,1758254400000,0.274668,,,,,binance
3339,TRXUSDT,LONG,4h,0.3504,0.356047,0.346164,66,STRONG_BUY,BUY_LIMIT,4,60,SLEEPING,Oracle BULLISH +4/5 | BUY_LIMIT 60%,1758211200000,backtest,LOSS,1758254400000,0.346164,,,,,binance
3749,ATOMUSDT,SHORT,4h,4.546,4.392774,4.660919,66,SELL,SELL_LIMIT,-4,60,SLEEPING,Oracle NEUTRAL -4/5 | SELL_LIMIT 60%,1758283200000,backtest,WIN,1758412800000,4.392774,,,,,binance
3660,ARBUSDT,SHORT,4h,0.4899,0.464932,0.508626,66,SELL,SELL_LIMIT,-4,60,SLEEPING,Oracle NEUTRAL -4/5 | SELL_LIMIT 60%,1758297600000,backtest,WIN,1758499200000,0.464932,,,,,binance
3936,APTUSDT,LONG,4h,4.56,4.73066,4.432005,48,BUY,BUY_LIMIT,3,60,SLEEPING,Oracle NEUTRAL +3/5 | BUY_LIMIT 60%,1758326400000,backtest,LOSS,1758499200000,4.432005,,,,,binance
3340,TRXUSDT,LONG,4h,0.3476,0.353155,0.343433,48,STRONG_BUY,BUY_LIMIT,3,60,SLEEPING,Oracle BULLISH +3/5 | BUY_LIMIT 60%,1758340800000,backtest,LOSS,1758441600000,0.343433,,,,,binance
3423,XRPUSDT,SHORT,4h,2.9744,2.900125,3.030106,66,SELL,SELL_LIMIT,-4,60,SLEEPING,Oracle NEUTRAL -4/5 | SELL_LIMIT 60%,1758384000000,backtest,WIN,1758499200000,2.900125,,,,,binance
3424,XRPUSDT,SHORT,4h,2.9751,2.906644,3.026442,66,STRONG_SELL,SELL_LIMIT,-4,60,SLEEPING,Oracle BEARISH -4/5 | SELL_LIMIT 60%,1758441600000,backtest,WIN,1758499200000,2.906644,,,,,binance
3506,FETUSDT,SHORT,4h,0.636,0.61218,0.653865,48,SELL,SELL_LIMIT,-3,60,SLEEPING,Oracle NEUTRAL -3/5 | SELL_LIMIT 60%,1758441600000,backtest,WIN,1758499200000,0.61218,,,,,binance
3937,APTUSDT,LONG,4h,4.659,4.840959,4.522531,66,BUY,BUY_LIMIT,4,60,SLEEPING,Oracle NEUTRAL +4/5 | BUY_LIMIT 60%,1758470400000,backtest,LOSS,1758499200000,4.522531,,,,,binance
3938,APTUSDT,SHORT,4h,4.463,4.264933,4.61155,66,STRONG_SELL,SELL_LIMIT,-4,60,TRENDING,Oracle BEARISH -4/5 | SELL_LIMIT 60%,1758499200000,backtest,WIN,1758513600000,4.264933,,,,,binance
3341,TRXUSDT,SHORT,4h,0.3401,0.335079,0.343866,48,SELL,SELL_LIMIT,-3,60,TRENDING,Oracle NEUTRAL -3/5 | SELL_LIMIT 60%,1758499200000,backtest,WIN,1758513600000,0.335079,,,,,binance
4054,STRKUSDT,SHORT,4h,0.1244,0.117997,0.129202,48,STRONG_SELL,SELL_LIMIT,-3,60,TRENDING,Oracle BEARISH -3/5 | SELL_LIMIT 60%,1758499200000,backtest,WIN,1758513600000,0.117997,,,,,okx
3829,DOGEUSDT,SHORT,4h,0.22983,0.216079,0.236706,48,STRONG_SELL,SELL_LIMIT,-3,60,SUPER TREND,Oracle BEARISH -3/5 | SELL_LIMIT 60%,1759060800000,backtest,LOSS,1759089600000,0.236706,,,,,binance
4170,DOGEUSDT,SHORT,4h,0.22981,0.215912,0.236759,48,SELL,SELL_LIMIT,-3,60,SUPER TREND,Oracle NEUTRAL -3/5 | SELL_LIMIT 60%,1759060800000,backtest,LOSS,1759089600000,0.236759,,,,,okx
3578,NEARUSDT,SHORT,4h,2.698,2.482373,2.805814,66,SELL,SELL_LIMIT,-4,60,SUPER TREND,Oracle NEUTRAL -4/5 | SELL_LIMIT 60%,1759060800000,backtest,LOSS,1759089600000,2.805814,,,,,binance
3995,FETUSDT,SHORT,4h,0.5672,0.538149,0.581726,66,STRONG_SELL,SELL_LIMIT,-4,60,SUPER TREND,Oracle BEARISH -4/5 | SELL_LIMIT 60%,1759060800000,backtest,LOSS,1759089600000,0.581726,,,,,okx
4142,NEARUSDT,SHORT,4h,2.698,2.482964,2.805518,66,SELL,SELL_LIMIT,-4,60,SUPER TREND,Oracle NEUTRAL -4/5 | SELL_LIMIT 60%,1759060800000,backtest,LOSS,1759089600000,2.805518,,,,,okx
3272,BNBUSDT,LONG,4h,1010.26,1040.535871,987.553097,66,STRONG_BUY,BUY_LIMIT,4,60,TRENDING,Oracle BULLISH +4/5 | BUY_LIMIT 60%,1759104000000,backtest,WIN,1759377600000,1040.535871,,,,,binance
3507,FETUSDT,SHORT,4h,0.569,0.548996,0.584003,66,STRONG_SELL,SELL_LIMIT,-4,60,TRENDING,Oracle BEARISH -4/5 | SELL_LIMIT 60%,1759118400000,backtest,WIN,1759248000000,0.548996,,,,,binance
3996,FETUSDT,SHORT,4h,0.5698,0.55079,0.584057,66,STRONG_SELL,SELL_LIMIT,-4,60,TRENDING,Oracle BEARISH -4/5 | SELL_LIMIT 60%,1759118400000,backtest,WIN,1759248000000,0.55079,,,,,okx
3661,ARBUSDT,SHORT,4h,0.4207,0.403447,0.43364,48,STRONG_SELL,SELL_LIMIT,-3,60,TRENDING,Oracle BEARISH -3/5 | SELL_LIMIT 60%,1759118400000,backtest,WIN,1759233600000,0.403447,,,,,binance
3830,DOGEUSDT,SHORT,4h,0.2309,0.221846,0.23769,48,STRONG_SELL,SELL_LIMIT,-3,60,TRENDING,Oracle BEARISH -3/5 | SELL_LIMIT 60%,1759132800000,backtest,LOSS,1759176000000,0.23769,,,,,binance
4023,ATOMUSDT,SHORT,4h,4.104,3.978248,4.198314,48,STRONG_SELL,SELL_LIMIT,-3,60,TRENDING,Oracle BEARISH -3/5 | SELL_LIMIT 60%,1759132800000,backtest,WIN,1759233600000,3.978248,,,,,okx
3750,ATOMUSDT,SHORT,4h,4.104,3.977258,4.199057,48,STRONG_SELL,SELL_LIMIT,-3,60,TRENDING,Oracle BEARISH -3/5 | SELL_LIMIT 60%,1759132800000,backtest,WIN,1759233600000,3.977258,,,,,binance
4171,DOGEUSDT,SHORT,4h,0.23093,0.221807,0.237772,48,SELL,SELL_LIMIT,-3,60,TRENDING,Oracle NEUTRAL -3/5 | SELL_LIMIT 60%,1759132800000,backtest,LOSS,1759176000000,0.237772,,,,,okx
3997,FETUSDT,SHORT,4h,0.5738,0.543852,0.588774,48,STRONG_SELL,SELL_LIMIT,-3,60,SUPER TREND,Oracle BEARISH -3/5 | SELL_LIMIT 60%,1759176000000,backtest,WIN,1759248000000,0.543852,,,,,okx
3508,FETUSDT,SHORT,4h,0.574,0.542778,0.589611,48,STRONG_SELL,SELL_LIMIT,-3,60,SUPER TREND,Oracle BEARISH -3/5 | SELL_LIMIT 60%,1759176000000,backtest,WIN,1759248000000,0.542778,,,,,binance
4172,DOGEUSDT,SHORT,4h,0.23271,0.218385,0.239873,48,SELL,SELL_LIMIT,-3,60,SUPER TREND,Oracle NEUTRAL -3/5 | SELL_LIMIT 60%,1759190400000,backtest,LOSS,1759305600000,0.239873,,,,,okx
3831,DOGEUSDT,SHORT,4h,0.2327,0.218469,0.239815,48,STRONG_SELL,SELL_LIMIT,-3,60,SUPER TREND,Oracle BEARISH -3/5 | SELL_LIMIT 60%,1759190400000,backtest,LOSS,1759305600000,0.239815,,,,,binance
3579,NEARUSDT,SHORT,4h,2.723,2.504372,2.832314,66,STRONG_SELL,SELL_LIMIT,-4,60,SUPER TREND,Oracle BEARISH -4/5 | SELL_LIMIT 60%,1759190400000,backtest,LOSS,1759320000000,2.832314,,,,,binance
4112,POLUSDT,SHORT,4h,0.2248,0.213511,0.230445,48,STRONG_SELL,SELL_LIMIT,-3,60,SUPER TREND,Oracle BEARISH -3/5 | SELL_LIMIT 60%,1759190400000,backtest,LOSS,1759305600000,0.230445,,,,,okx
4143,NEARUSDT,SHORT,4h,2.723,2.504713,2.832143,66,STRONG_SELL,SELL_LIMIT,-4,60,SUPER TREND,Oracle BEARISH -4/5 | SELL_LIMIT 60%,1759190400000,backtest,LOSS,1759320000000,2.832143,,,,,okx
3033,BTCUSDT,LONG,4h,113699.23,116145.047134,112476.321433,66,BUY,BUY_LIMIT,4,60,SUPER TREND,Oracle NEUTRAL +4/5 | BUY_LIMIT 60%,1759204800000,backtest,WIN,1759305600000,116145.047134,,,,,binance
4082,BTCUSDT,LONG,4h,113717,116192.172456,112479.413772,66,BUY,BUY_LIMIT,4,60,SUPER TREND,Oracle NEUTRAL +4/5 | BUY_LIMIT 60%,1759204800000,backtest,WIN,1759305600000,116192.172456,,,,,okx
4093,XRPUSDT,SHORT,4h,2.8278,2.699452,2.891974,48,SELL,SELL_LIMIT,-3,60,SUPER TREND,Oracle NEUTRAL -3/5 | SELL_LIMIT 60%,1759233600000,backtest,LOSS,1759305600000,2.891974,,,,,okx
3342,TRXUSDT,SHORT,4h,0.3332,0.326946,0.336327,66,SELL,SELL_LIMIT,-4,60,SUPER TREND,Oracle NEUTRAL -4/5 | SELL_LIMIT 60%,1759233600000,backtest,LOSS,1759305600000,0.336327,,,,,binance
3425,XRPUSDT,SHORT,4h,2.8279,2.699209,2.892245,48,STRONG_SELL,SELL_LIMIT,-3,60,SUPER TREND,Oracle BEARISH -3/5 | SELL_LIMIT 60%,1759233600000,backtest,LOSS,1759305600000,2.892245,,,,,binance
3034,BTCUSDT,LONG,4h,114359.99,117058.019134,113010.975433,66,BUY,BUY_LIMIT,4,60,SUPER TREND,Oracle NEUTRAL +4/5 | BUY_LIMIT 60%,1759248000000,backtest,WIN,1759320000000,117058.019134,,,,,binance
4083,BTCUSDT,LONG,4h,114359.3,117098.572225,112989.663887,66,BUY,BUY_LIMIT,4,60,SUPER TREND,Oracle NEUTRAL +4/5 | BUY_LIMIT 60%,1759248000000,backtest,WIN,1759320000000,117098.572225,,,,,okx
3939,APTUSDT,LONG,4h,4.406,4.646808,4.285596,48,BUY,BUY_LIMIT,3,60,SUPER TREND,Oracle NEUTRAL +3/5 | BUY_LIMIT 60%,1759262400000,backtest,WIN,1759320000000,4.646808,,,,,binance
3662,ARBUSDT,SHORT,4h,0.4164,0.389365,0.429917,48,STRONG_SELL,SELL_LIMIT,-3,60,SUPER TREND,Oracle BEARISH -3/5 | SELL_LIMIT 60%,1759276800000,backtest,LOSS,1759305600000,0.429917,,,,,binance
3751,ATOMUSDT,SHORT,4h,4.082,3.889309,4.178346,48,STRONG_SELL,SELL_LIMIT,-3,60,SUPER TREND,Oracle BEARISH -3/5 | SELL_LIMIT 60%,1759276800000,backtest,LOSS,1759305600000,4.178346,,,,,binance
4024,ATOMUSDT,SHORT,4h,4.082,3.891491,4.177254,48,STRONG_SELL,SELL_LIMIT,-3,60,SUPER TREND,Oracle BEARISH -3/5 | SELL_LIMIT 60%,1759276800000,backtest,LOSS,1759305600000,4.177254,,,,,okx
3426,XRPUSDT,SHORT,4h,2.819,2.687311,2.884844,66,SELL,SELL_LIMIT,-4,60,SUPER TREND,Oracle NEUTRAL -4/5 | SELL_LIMIT 60%,1759276800000,backtest,LOSS,1759305600000,2.884844,,,,,binance
3427,XRPUSDT,LONG,4h,2.9439,3.087119,2.872291,66,BUY,BUY_LIMIT,4,60,SUPER TREND,Oracle NEUTRAL +4/5 | BUY_LIMIT 60%,1759305600000,backtest,WIN,1759420800000,3.087119,,,,,binance
3206,ETHUSDT,LONG,4h,4298.2,4505.958315,4194.320842,66,BUY,BUY_LIMIT,4,60,SUPER TREND,Oracle NEUTRAL +4/5 | BUY_LIMIT 60%,1759305600000,backtest,WIN,1759420800000,4505.958315,,,,,binance
3973,ETHUSDT,LONG,4h,4298.19,4507.014638,4193.777681,66,BUY,BUY_LIMIT,4,60,SUPER TREND,Oracle NEUTRAL +4/5 | BUY_LIMIT 60%,1759305600000,backtest,WIN,1759420800000,4507.014638,,,,,okx
4094,XRPUSDT,LONG,4h,2.944,3.087105,2.872447,66,STRONG_BUY,BUY_LIMIT,4,60,SUPER TREND,Oracle BULLISH +4/5 | BUY_LIMIT 60%,1759305600000,backtest,WIN,1759420800000,3.087105,,,,,okx
3832,DOGEUSDT,LONG,4h,0.24281,0.257594,0.235418,48,BUY,BUY_LIMIT,3,60,SUPER TREND,Oracle NEUTRAL +3/5 | BUY_LIMIT 60%,1759305600000,backtest,WIN,1759377600000,0.257594,,,,,binance
4173,DOGEUSDT,LONG,4h,0.24282,0.25767,0.235395,48,STRONG_BUY,BUY_LIMIT,3,60,SUPER TREND,Oracle BULLISH +3/5 | BUY_LIMIT 60%,1759305600000,backtest,WIN,1759377600000,0.25767,,,,,okx
3343,TRXUSDT,LONG,4h,0.3397,0.346362,0.336369,66,BUY,BUY_LIMIT,4,60,SUPER TREND,Oracle NEUTRAL +4/5 | BUY_LIMIT 60%,1759320000000,backtest,WIN,1759752000000,0.346362,,,,,binance
3580,NEARUSDT,LONG,4h,2.844,3.074074,2.728963,66,BUY,BUY_LIMIT,4,60,SUPER TREND,Oracle NEUTRAL +4/5 | BUY_LIMIT 60%,1759320000000,backtest,WIN,1759507200000,3.074074,,,,,binance
4144,NEARUSDT,LONG,4h,2.843,3.072258,2.728371,66,BUY,BUY_LIMIT,4,60,SUPER TREND,Oracle NEUTRAL +4/5 | BUY_LIMIT 60%,1759320000000,backtest,WIN,1759507200000,3.072258,,,,,okx
4055,STRKUSDT,LONG,4h,0.1492,0.165468,0.141066,66,STRONG_BUY,BUY_LIMIT,4,60,SUPER TREND,Oracle BULLISH +4/5 | BUY_LIMIT 60%,1759435200000,backtest,WIN,1759752000000,0.165468,,,,,okx
3581,NEARUSDT,LONG,4h,2.918,3.131426,2.811287,48,STRONG_BUY,BUY_LIMIT,3,60,SUPER TREND,Oracle BULLISH +3/5 | BUY_LIMIT 60%,1759593600000,backtest,WIN,1759636800000,3.131426,,,,,binance
4145,NEARUSDT,LONG,4h,2.962,3.167802,2.859099,48,STRONG_BUY,BUY_LIMIT,3,60,SUPER TREND,Oracle BULLISH +3/5 | BUY_LIMIT 60%,1759608000000,backtest,WIN,1759651200000,3.167802,,,,,okx
3833,DOGEUSDT,LONG,4h,0.25833,0.275063,0.249963,66,STRONG_BUY,BUY_LIMIT,4,60,SUPER TREND,Oracle BULLISH +4/5 | BUY_LIMIT 60%,1759622400000,backtest,LOSS,1759852800000,0.249963,,,,,binance
3428,XRPUSDT,LONG,4h,3.0075,3.144497,2.939002,48,STRONG_BUY,BUY_LIMIT,3,60,SUPER TREND,Oracle BULLISH +3/5 | BUY_LIMIT 60%,1759622400000,backtest,LOSS,1759838400000,2.939002,,,,,binance
4174,DOGEUSDT,LONG,4h,0.25829,0.27502,0.249925,66,STRONG_BUY,BUY_LIMIT,4,60,SUPER TREND,Oracle BULLISH +4/5 | BUY_LIMIT 60%,1759622400000,backtest,LOSS,1759852800000,0.249925,,,,,okx
4095,XRPUSDT,LONG,4h,3.008,3.145127,2.939437,48,STRONG_BUY,BUY_LIMIT,3,60,SUPER TREND,Oracle BULLISH +3/5 | BUY_LIMIT 60%,1759622400000,backtest,LOSS,1759838400000,2.939437,,,,,okx
4113,POLUSDT,LONG,4h,0.2453,0.256944,0.239478,48,BUY,BUY_LIMIT,3,60,SUPER TREND,Oracle NEUTRAL +3/5 | BUY_LIMIT 60%,1759636800000,backtest,LOSS,1759651200000,0.239478,,,,,okx
4056,STRKUSDT,LONG,4h,0.1548,0.168507,0.147947,66,STRONG_BUY,BUY_LIMIT,4,60,SUPER TREND,Oracle BULLISH +4/5 | BUY_LIMIT 60%,1759636800000,backtest,LOSS,1759665600000,0.147947,,,,,okx
3509,FETUSDT,LONG,4h,0.616,0.655097,0.596451,48,BUY,BUY_LIMIT,3,60,SUPER TREND,Oracle BEARISH +3/5 | BUY_LIMIT 60%,1759636800000,backtest,LOSS,1759665600000,0.596451,,,,,binance
3344,TRXUSDT,LONG,4h,0.3432,0.34877,0.340415,66,STRONG_BUY,BUY_LIMIT,4,60,SUPER TREND,Oracle BULLISH +4/5 | BUY_LIMIT 60%,1759636800000,backtest,LOSS,1759838400000,0.340415,,,,,binance
4057,STRKUSDT,LONG,4h,0.1503,0.164013,0.143443,48,STRONG_BUY,BUY_LIMIT,3,60,SUPER TREND,Oracle BULLISH +3/5 | BUY_LIMIT 60%,1759694400000,backtest,WIN,1759752000000,0.164013,,,,,okx
4146,NEARUSDT,LONG,4h,2.958,3.196754,2.838623,48,STRONG_BUY,BUY_LIMIT,3,60,SUPER TREND,Oracle BULLISH +3/5 | BUY_LIMIT 60%,1759694400000,backtest,LOSS,1759996800000,2.838623,,,,,okx
3834,DOGEUSDT,LONG,4h,0.25389,0.270635,0.245517,48,STRONG_BUY,BUY_LIMIT,3,60,SUPER TREND,Oracle BULLISH +3/5 | BUY_LIMIT 60%,1759708800000,backtest,LOSS,1759881600000,0.245517,,,,,binance
4175,DOGEUSDT,LONG,4h,0.2539,0.270627,0.245537,48,STRONG_BUY,BUY_LIMIT,3,60,SUPER TREND,Oracle BULLISH +3/5 | BUY_LIMIT 60%,1759708800000,backtest,LOSS,1759881600000,0.245537,,,,,okx
3345,TRXUSDT,LONG,4h,0.343,0.348531,0.340235,66,STRONG_BUY,BUY_LIMIT,4,60,SUPER TREND,Oracle BULLISH +4/5 | BUY_LIMIT 60%,1759723200000,backtest,LOSS,1759838400000,0.340235,,,,,binance
4096,XRPUSDT,LONG,4h,2.9954,3.133118,2.926541,48,STRONG_BUY,BUY_LIMIT,3,60,SUPER TREND,Oracle BULLISH +3/5 | BUY_LIMIT 60%,1759737600000,backtest,LOSS,1759838400000,2.926541,,,,,okx
3582,NEARUSDT,LONG,4h,2.98,3.205829,2.867086,48,STRONG_BUY,BUY_LIMIT,3,60,SUPER TREND,Oracle BULLISH +3/5 | BUY_LIMIT 60%,1759737600000,backtest,LOSS,1759996800000,2.867086,,,,,binance
4147,NEARUSDT,LONG,4h,2.981,3.205537,2.868732,48,STRONG_BUY,BUY_LIMIT,3,60,SUPER TREND,Oracle BULLISH +3/5 | BUY_LIMIT 60%,1759737600000,backtest,LOSS,1759996800000,2.868732,,,,,okx
3429,XRPUSDT,LONG,4h,2.9951,3.133006,2.926147,48,STRONG_BUY,BUY_LIMIT,3,60,SUPER TREND,Oracle BULLISH +3/5 | BUY_LIMIT 60%,1759737600000,backtest,LOSS,1759838400000,2.926147,,,,,binance
4114,POLUSDT,LONG,4h,0.2433,0.255187,0.237357,66,BUY,BUY_LIMIT,4,60,SUPER TREND,Oracle NEUTRAL +4/5 | BUY_LIMIT 60%,1759737600000,backtest,LOSS,1759838400000,0.237357,,,,,okx
3940,APTUSDT,LONG,4h,5.389,5.841933,5.162533,48,STRONG_BUY,BUY_LIMIT,3,60,SUPER TREND,Oracle BULLISH +3/5 | BUY_LIMIT 60%,1759752000000,backtest,LOSS,1759924800000,5.162533,,,,,binance
3663,ARBUSDT,LONG,4h,0.4634,0.495202,0.447499,48,BUY,BUY_LIMIT,3,60,SUPER TREND,Oracle NEUTRAL +3/5 | BUY_LIMIT 60%,1759766400000,backtest,LOSS,1759824000000,0.447499,,,,,binance
3941,APTUSDT,LONG,4h,5.345,5.806996,5.114002,48,STRONG_BUY,BUY_LIMIT,3,60,SUPER TREND,Oracle BULLISH +3/5 | BUY_LIMIT 60%,1759809600000,backtest,LOSS,1759968000000,5.114002,,,,,binance
3430,XRPUSDT,SHORT,4h,2.8847,2.736341,2.958879,66,SELL,SELL_LIMIT,-4,60,SUPER TREND,Oracle BULLISH -4/5 | SELL_LIMIT 60%,1759838400000,backtest,WIN,1760097600000,2.736341,,,,,binance
3510,FETUSDT,SHORT,4h,0.561,0.521194,0.580903,48,STRONG_SELL,SELL_LIMIT,-3,60,SUPER TREND,Oracle BEARISH -3/5 | SELL_LIMIT 60%,1759838400000,backtest,WIN,1760011200000,0.521194,,,,,binance
3998,FETUSDT,SHORT,4h,0.5608,0.523375,0.579513,48,STRONG_SELL,SELL_LIMIT,-3,60,SUPER TREND,Oracle BEARISH -3/5 | SELL_LIMIT 60%,1759838400000,backtest,WIN,1760011200000,0.523375,,,,,okx
4025,ATOMUSDT,SHORT,4h,4.064,3.82134,4.18533,48,STRONG_SELL,SELL_LIMIT,-3,60,SUPER TREND,Oracle BEARISH -3/5 | SELL_LIMIT 60%,1759838400000,backtest,LOSS,1759939200000,4.18533,,,,,okx
3752,ATOMUSDT,SHORT,4h,4.063,3.816016,4.186492,48,SELL,SELL_LIMIT,-3,60,SUPER TREND,Oracle NEUTRAL -3/5 | SELL_LIMIT 60%,1759838400000,backtest,LOSS,1759939200000,4.186492,,,,,binance
3346,TRXUSDT,SHORT,4h,0.3399,0.333347,0.343176,66,SELL,SELL_LIMIT,-4,60,SUPER TREND,Oracle BULLISH -4/5 | SELL_LIMIT 60%,1759838400000,backtest,WIN,1760097600000,0.333347,,,,,binance
3664,ARBUSDT,SHORT,4h,0.4285,0.393741,0.445879,66,SELL,SELL_LIMIT,-4,60,SUPER TREND,Oracle NEUTRAL -4/5 | SELL_LIMIT 60%,1759838400000,backtest,WIN,1760112000000,0.393741,,,,,binance
4115,POLUSDT,SHORT,4h,0.2353,0.225281,0.242814,66,SELL,SELL_LIMIT,-4,60,TRENDING,Oracle NEUTRAL -4/5 | SELL_LIMIT 60%,1759881600000,backtest,LOSS,1759939200000,0.242814,,,,,okx
3835,DOGEUSDT,SHORT,4h,0.24473,0.23172,0.254487,66,SELL,SELL_LIMIT,-4,60,TRENDING,Oracle BULLISH -4/5 | SELL_LIMIT 60%,1759881600000,backtest,LOSS,1759924800000,0.254487,,,,,binance
4026,ATOMUSDT,SHORT,4h,4.091,3.936148,4.207139,48,STRONG_SELL,SELL_LIMIT,-3,60,TRENDING,Oracle BEARISH -3/5 | SELL_LIMIT 60%,1759968000000,backtest,WIN,1760097600000,3.936148,,,,,okx
3753,ATOMUSDT,SHORT,4h,4.089,3.932592,4.206306,48,SELL,SELL_LIMIT,-3,60,TRENDING,Oracle NEUTRAL -3/5 | SELL_LIMIT 60%,1759968000000,backtest,WIN,1760097600000,3.932592,,,,,binance
3665,ARBUSDT,SHORT,4h,0.4284,0.40696,0.44448,48,SELL,SELL_LIMIT,-3,60,TRENDING,Oracle NEUTRAL -3/5 | SELL_LIMIT 60%,1759968000000,backtest,WIN,1760097600000,0.40696,,,,,binance
4116,POLUSDT,SHORT,4h,0.2385,0.228816,0.245763,48,SELL,SELL_LIMIT,-3,60,TRENDING,Oracle NEUTRAL -3/5 | SELL_LIMIT 60%,1759968000000,backtest,WIN,1760097600000,0.228816,,,,,okx
4176,DOGEUSDT,SHORT,4h,0.24476,0.231733,0.25453,48,SELL,SELL_LIMIT,-3,60,TRENDING,Oracle NEUTRAL -3/5 | SELL_LIMIT 60%,1760011200000,backtest,WIN,1760112000000,0.231733,,,,,okx
3836,DOGEUSDT,SHORT,4h,0.24475,0.231811,0.254454,48,SELL,SELL_LIMIT,-3,60,TRENDING,Oracle NEUTRAL -3/5 | SELL_LIMIT 60%,1760011200000,backtest,WIN,1760112000000,0.231811,,,,,binance
3207,ETHUSDT,SHORT,4h,4314.79,4147.009047,4440.625715,66,SELL,SELL_LIMIT,-4,60,TRENDING,Oracle BULLISH -4/5 | SELL_LIMIT 60%,1760011200000,backtest,WIN,1760097600000,4147.009047,,,,,binance
3208,ETHUSDT,SHORT,4h,4347.13,4188.484645,4466.114016,66,SELL,SELL_LIMIT,-4,60,TRENDING,Oracle NEUTRAL -4/5 | SELL_LIMIT 60%,1760054400000,backtest,WIN,1760097600000,4188.484645,,,,,binance
4097,XRPUSDT,SHORT,4h,2.8131,2.726066,2.878375,66,STRONG_SELL,SELL_LIMIT,-4,60,TRENDING,Oracle BEARISH -4/5 | SELL_LIMIT 60%,1760054400000,backtest,WIN,1760097600000,2.726066,,,,,okx
3974,ETHUSDT,SHORT,4h,4346.92,4187.505588,4466.480809,66,SELL,SELL_LIMIT,-4,60,TRENDING,Oracle NEUTRAL -4/5 | SELL_LIMIT 60%,1760054400000,backtest,WIN,1760097600000,4187.505588,,,,,okx
4027,ATOMUSDT,SHORT,4h,4.045,3.902634,4.151774,48,STRONG_SELL,SELL_LIMIT,-3,60,TRENDING,Oracle BEARISH -3/5 | SELL_LIMIT 60%,1760068800000,backtest,LOSS,1760097600000,4.151774,,,,,okx
3754,ATOMUSDT,SHORT,4h,4.044,3.90013,4.151903,48,STRONG_SELL,SELL_LIMIT,-3,60,SLEEPING,Oracle BEARISH -3/5 | SELL_LIMIT 60%,1760068800000,backtest,LOSS,1760097600000,4.151903,,,,,binance
4117,POLUSDT,SHORT,4h,0.2363,0.226941,0.243319,48,STRONG_SELL,SELL_LIMIT,-3,60,TRENDING,Oracle BEARISH -3/5 | SELL_LIMIT 60%,1760068800000,backtest,WIN,1760097600000,0.226941,,,,,okx
3583,NEARUSDT,LONG,4h,3.156,3.339572,3.018321,48,BUY,BUY_LIMIT,3,60,SLEEPING,Oracle BEARISH +3/5 | BUY_LIMIT 60%,1760083200000,backtest,LOSS,1760097600000,3.018321,,,,,binance
4028,ATOMUSDT,SHORT,4h,3.969,3.795552,4.099086,48,STRONG_SELL,SELL_LIMIT,-3,60,TRENDING,Oracle BEARISH -3/5 | SELL_LIMIT 60%,1760097600000,backtest,WIN,1760126400000,3.795552,,,,,okx
3837,DOGEUSDT,SHORT,4h,0.23788,0.223849,0.248404,48,STRONG_SELL,SELL_LIMIT,-3,60,SLEEPING,Oracle BEARISH -3/5 | SELL_LIMIT 60%,1760097600000,backtest,WIN,1760126400000,0.223849,,,,,binance
4177,DOGEUSDT,SHORT,4h,0.2379,0.223827,0.248455,48,STRONG_SELL,SELL_LIMIT,-3,60,TRENDING,Oracle BEARISH -3/5 | SELL_LIMIT 60%,1760097600000,backtest,WIN,1760126400000,0.223827,,,,,okx
4118,POLUSDT,SHORT,4h,0.2296,0.21897,0.237572,48,STRONG_SELL,SELL_LIMIT,-3,60,TRENDING,Oracle BEARISH -3/5 | SELL_LIMIT 60%,1760097600000,backtest,WIN,1760126400000,0.21897,,,,,okx
3755,ATOMUSDT,SHORT,4h,3.968,3.793796,4.098653,48,STRONG_SELL,SELL_LIMIT,-3,60,SLEEPING,Oracle BEARISH -3/5 | SELL_LIMIT 60%,1760097600000,backtest,WIN,1760126400000,3.793796,,,,,binance
3666,ARBUSDT,SHORT,4h,0.4034,0.380022,0.420934,48,STRONG_SELL,SELL_LIMIT,-3,60,SLEEPING,Oracle BEARISH -3/5 | SELL_LIMIT 60%,1760097600000,backtest,WIN,1760126400000,0.380022,,,,,binance
3942,APTUSDT,SHORT,4h,3.916,3.135407,4.306296,48,SELL,SELL_LIMIT,-3,60,SUPER TREND,Oracle NEUTRAL -3/5 | SELL_LIMIT 60%,1760371200000,backtest,WIN,1760673600000,3.135407,,,,,binance
3273,BNBUSDT,LONG,4h,1271.56,1443.073519,1185.80324,66,STRONG_BUY,BUY_LIMIT,4,60,SUPER TREND,Oracle BULLISH +4/5 | BUY_LIMIT 60%,1760371200000,backtest,LOSS,1760414400000,1185.80324,,,,,binance
4058,STRKUSDT,SHORT,4h,0.1136,0.10033,0.120235,48,STRONG_SELL,SELL_LIMIT,-3,60,SUPER TREND,Oracle BEARISH -3/5 | SELL_LIMIT 60%,1760875200000,backtest,LOSS,1760932800000,0.120235,,,,,okx
3274,BNBUSDT,SHORT,4h,1089.64,1033.236631,1131.942527,66,SELL,SELL_LIMIT,-4,60,TRENDING,Oracle BULLISH -4/5 | SELL_LIMIT 60%,1761062400000,backtest,LOSS,1761220800000,1131.942527,,,,,binance
3511,FETUSDT,SHORT,4h,0.2384,0.217986,0.25371,66,STRONG_SELL,SELL_LIMIT,-4,60,SLEEPING,Oracle BEARISH -4/5 | SELL_LIMIT 60%,1761192000000,backtest,LOSS,1761206400000,0.25371,,,,,binance
3756,ATOMUSDT,SHORT,4h,3.162,3.015379,3.271966,66,STRONG_SELL,SELL_LIMIT,-4,60,SLEEPING,Oracle BEARISH -4/5 | SELL_LIMIT 60%,1761192000000,backtest,LOSS,1761508800000,3.271966,,,,,binance
3667,ARBUSDT,SHORT,4h,0.3088,0.290219,0.322736,66,STRONG_SELL,SELL_LIMIT,-4,60,SLEEPING,Oracle BEARISH -4/5 | SELL_LIMIT 60%,1761192000000,backtest,LOSS,1761307200000,0.322736,,,,,binance
3209,ETHUSDT,SHORT,4h,3881.01,3708.782609,4010.180543,66,SELL,SELL_LIMIT,-4,60,SLEEPING,Oracle NEUTRAL -4/5 | SELL_LIMIT 60%,1761192000000,backtest,LOSS,1761307200000,4010.180543,,,,,binance
3943,APTUSDT,SHORT,4h,3.225,3.015446,3.382166,66,STRONG_SELL,SELL_LIMIT,-4,60,SLEEPING,Oracle BEARISH -4/5 | SELL_LIMIT 60%,1761192000000,backtest,LOSS,1761465600000,3.382166,,,,,binance
3347,TRXUSDT,SHORT,4h,0.3162,0.310006,0.320846,48,SELL,SELL_LIMIT,-3,60,SLEEPING,Oracle NEUTRAL -3/5 | SELL_LIMIT 60%,1761220800000,backtest,WIN,1761292800000,0.310006,,,,,binance
3275,BNBUSDT,LONG,4h,1135.59,1191.608651,1093.576012,66,STRONG_BUY,BUY_LIMIT,4,60,SLEEPING,Oracle BULLISH +4/5 | BUY_LIMIT 60%,1761264000000,backtest,LOSS,1761681600000,1093.576012,,,,,binance
3668,ARBUSDT,SHORT,4h,0.3131,0.296643,0.325443,48,STRONG_SELL,SELL_LIMIT,-3,60,SLEEPING,Oracle BEARISH -3/5 | SELL_LIMIT 60%,1761264000000,backtest,LOSS,1761465600000,0.325443,,,,,binance
3944,APTUSDT,SHORT,4h,3.182,2.987366,3.327976,48,STRONG_SELL,SELL_LIMIT,-3,60,SLEEPING,Oracle BEARISH -3/5 | SELL_LIMIT 60%,1761264000000,backtest,LOSS,1761350400000,3.327976,,,,,binance
3276,BNBUSDT,LONG,4h,1109.86,1163.024123,1069.986908,66,STRONG_BUY,BUY_LIMIT,4,60,SLEEPING,Oracle BULLISH +4/5 | BUY_LIMIT 60%,1761321600000,backtest,WIN,1761523200000,1163.024123,,,,,binance
3277,BNBUSDT,LONG,4h,1116.33,1158.096831,1085.004877,48,STRONG_BUY,BUY_LIMIT,3,60,SLEEPING,Oracle BULLISH +3/5 | BUY_LIMIT 60%,1761408000000,backtest,WIN,1761523200000,1158.096831,,,,,binance
3757,ATOMUSDT,SHORT,4h,3.15,3.045188,3.228609,48,STRONG_SELL,SELL_LIMIT,-3,60,SLEEPING,Oracle BEARISH -3/5 | SELL_LIMIT 60%,1761422400000,backtest,LOSS,1761480000000,3.228609,,,,,binance
3278,BNBUSDT,LONG,4h,1120.39,1157.019259,1092.918056,48,STRONG_BUY,BUY_LIMIT,3,60,SLEEPING,Oracle BULLISH +3/5 | BUY_LIMIT 60%,1761451200000,backtest,WIN,1761523200000,1157.019259,,,,,binance
3035,BTCUSDT,LONG,4h,113286.09,115462.649467,111653.6704,48,BUY,BUY_LIMIT,3,60,SLEEPING,Oracle NEUTRAL +3/5 | BUY_LIMIT 60%,1761465600000,backtest,WIN,1761508800000,115462.649467,,,,,binance
4084,BTCUSDT,LONG,4h,113591.9,115659.263264,112041.377552,66,BUY,BUY_LIMIT,4,60,TRENDING,Oracle NEUTRAL +4/5 | BUY_LIMIT 60%,1761494400000,backtest,WIN,1761537600000,115659.263264,,,,,okx
3431,XRPUSDT,LONG,4h,2.6354,2.723621,2.569234,66,BUY,BUY_LIMIT,4,60,TRENDING,Oracle NEUTRAL +4/5 | BUY_LIMIT 60%,1761523200000,backtest,LOSS,1761681600000,2.569234,,,,,binance
3975,ETHUSDT,LONG,4h,4162.52,4293.688428,4064.143679,66,BUY,BUY_LIMIT,4,60,TRENDING,Oracle NEUTRAL +4/5 | BUY_LIMIT 60%,1761552000000,backtest,LOSS,1761667200000,4064.143679,,,,,okx
3210,ETHUSDT,LONG,4h,4162.14,4291.759704,4064.925222,66,BUY,BUY_LIMIT,4,60,TRENDING,Oracle NEUTRAL +4/5 | BUY_LIMIT 60%,1761552000000,backtest,LOSS,1761667200000,4064.925222,,,,,binance
3758,ATOMUSDT,SHORT,4h,3.178,3.076942,3.253793,48,STRONG_SELL,SELL_LIMIT,-3,60,TRENDING,Oracle BEARISH -3/5 | SELL_LIMIT 60%,1761595200000,backtest,WIN,1761681600000,3.076942,,,,,binance
4029,ATOMUSDT,SHORT,4h,3.157,3.0566,3.2323,48,STRONG_SELL,SELL_LIMIT,-3,60,TRENDING,Oracle BEARISH -3/5 | SELL_LIMIT 60%,1761609600000,backtest,WIN,1761681600000,3.0566,,,,,okx
3432,XRPUSDT,LONG,4h,2.6382,2.72878,2.570265,66,BUY,BUY_LIMIT,4,60,TRENDING,Oracle NEUTRAL +4/5 | BUY_LIMIT 60%,1761624000000,backtest,LOSS,1761681600000,2.570265,,,,,binance
3211,ETHUSDT,LONG,4h,4117.24,4251.163993,4016.797005,66,BUY,BUY_LIMIT,4,60,TRENDING,Oracle NEUTRAL +4/5 | BUY_LIMIT 60%,1761624000000,backtest,LOSS,1761681600000,4016.797005,,,,,binance
3976,ETHUSDT,LONG,4h,4117.12,4252.786896,4015.369828,66,BUY,BUY_LIMIT,4,60,TRENDING,Oracle NEUTRAL +4/5 | BUY_LIMIT 60%,1761624000000,backtest,LOSS,1761681600000,4015.369828,,,,,okx
3759,ATOMUSDT,SHORT,4h,3.17,3.070096,3.244928,48,STRONG_SELL,SELL_LIMIT,-3,60,TRENDING,Oracle BEARISH -3/5 | SELL_LIMIT 60%,1761638400000,backtest,WIN,1761681600000,3.070096,,,,,binance
4030,ATOMUSDT,SHORT,4h,3.17,3.070002,3.244998,48,STRONG_SELL,SELL_LIMIT,-3,60,TRENDING,Oracle BEARISH -3/5 | SELL_LIMIT 60%,1761638400000,backtest,WIN,1761681600000,3.070002,,,,,okx
4059,STRKUSDT,SHORT,4h,0.1189,0.11272,0.123535,48,STRONG_SELL,SELL_LIMIT,-3,60,TRENDING,Oracle BEARISH -3/5 | SELL_LIMIT 60%,1761667200000,backtest,WIN,1761825600000,0.11272,,,,,okx
4148,NEARUSDT,SHORT,4h,2.269,2.162611,2.348792,48,STRONG_SELL,SELL_LIMIT,-3,60,TRENDING,Oracle BEARISH -3/5 | SELL_LIMIT 60%,1761667200000,backtest,LOSS,1761753600000,2.348792,,,,,okx
3838,DOGEUSDT,SHORT,4h,0.19679,0.18896,0.202662,48,STRONG_SELL,SELL_LIMIT,-3,60,TRENDING,Oracle BEARISH -3/5 | SELL_LIMIT 60%,1761667200000,backtest,WIN,1761753600000,0.18896,,,,,binance
4178,DOGEUSDT,SHORT,4h,0.19679,0.188851,0.202744,48,STRONG_SELL,SELL_LIMIT,-3,60,TRENDING,Oracle BEARISH -3/5 | SELL_LIMIT 60%,1761667200000,backtest,WIN,1761753600000,0.188851,,,,,okx
3669,ARBUSDT,SHORT,4h,0.3193,0.303381,0.33124,48,STRONG_SELL,SELL_LIMIT,-3,60,TRENDING,Oracle BEARISH -3/5 | SELL_LIMIT 60%,1761667200000,backtest,WIN,1761825600000,0.303381,,,,,binance
3584,NEARUSDT,SHORT,4h,2.248,2.147014,2.32374,48,STRONG_SELL,SELL_LIMIT,-3,60,TRENDING,Oracle BEARISH -3/5 | SELL_LIMIT 60%,1761710400000,backtest,LOSS,1761739200000,2.32374,,,,,binance
4119,POLUSDT,SHORT,4h,0.1956,0.188146,0.201191,48,STRONG_SELL,SELL_LIMIT,-3,60,TRENDING,Oracle BEARISH -3/5 | SELL_LIMIT 60%,1761710400000,backtest,WIN,1761825600000,0.188146,,,,,okx
3945,APTUSDT,SHORT,4h,3.36,3.199087,3.480685,48,STRONG_SELL,SELL_LIMIT,-3,60,TRENDING,Oracle BEARISH -3/5 | SELL_LIMIT 60%,1761710400000,backtest,LOSS,1761753600000,3.480685,,,,,binance
3212,ETHUSDT,SHORT,4h,4025.06,3885.393841,4129.809619,66,SELL,SELL_LIMIT,-4,60,TRENDING,Oracle NEUTRAL -4/5 | SELL_LIMIT 60%,1761710400000,backtest,WIN,1761753600000,3885.393841,,,,,binance
3977,ETHUSDT,SHORT,4h,4024.83,3883.514201,4130.81685,66,SELL,SELL_LIMIT,-4,60,TRENDING,Oracle NEUTRAL -4/5 | SELL_LIMIT 60%,1761710400000,backtest,WIN,1761753600000,3883.514201,,,,,okx
3946,APTUSDT,SHORT,4h,3.313,3.145943,3.438293,48,STRONG_SELL,SELL_LIMIT,-3,60,TRENDING,Oracle BEARISH -3/5 | SELL_LIMIT 60%,1762012800000,backtest,WIN,1762128000000,3.145943,,,,,binance
4098,XRPUSDT,SHORT,4h,2.5059,2.410357,2.577557,48,STRONG_SELL,SELL_LIMIT,-3,60,TRENDING,Oracle BEARISH -3/5 | SELL_LIMIT 60%,1762012800000,backtest,WIN,1762142400000,2.410357,,,,,okx
3279,BNBUSDT,SHORT,4h,1094.52,1059.737513,1120.606865,48,SELL,SELL_LIMIT,-3,60,TRENDING,Oracle BULLISH -3/5 | SELL_LIMIT 60%,1762012800000,backtest,WIN,1762128000000,1059.737513,,,,,binance
3433,XRPUSDT,SHORT,4h,2.506,2.41048,2.57764,48,STRONG_SELL,SELL_LIMIT,-3,60,TRENDING,Oracle BEARISH -3/5 | SELL_LIMIT 60%,1762012800000,backtest,WIN,1762142400000,2.41048,,,,,binance
4060,STRKUSDT,LONG,4h,0.1247,0.133061,0.118429,66,BUY,BUY_LIMIT,4,60,TRENDING,Oracle NEUTRAL +4/5 | BUY_LIMIT 60%,1762056000000,backtest,LOSS,1762084800000,0.118429,,,,,okx
4179,DOGEUSDT,SHORT,4h,0.187,0.180283,0.192038,48,STRONG_SELL,SELL_LIMIT,-3,60,TRENDING,Oracle BEARISH -3/5 | SELL_LIMIT 60%,1762070400000,backtest,WIN,1762128000000,0.180283,,,,,okx
3839,DOGEUSDT,SHORT,4h,0.18698,0.180292,0.191996,48,STRONG_SELL,SELL_LIMIT,-3,60,TRENDING,Oracle BEARISH -3/5 | SELL_LIMIT 60%,1762070400000,backtest,WIN,1762128000000,0.180292,,,,,binance
3348,TRXUSDT,SHORT,4h,0.2959,0.291775,0.298993,48,STRONG_SELL,SELL_LIMIT,-3,60,TRENDING,Oracle BEARISH -3/5 | SELL_LIMIT 60%,1762070400000,backtest,WIN,1762171200000,0.291775,,,,,binance
3670,ARBUSDT,SHORT,4h,0.2998,0.283931,0.311702,48,SELL,SELL_LIMIT,-3,60,SLEEPING,Oracle NEUTRAL -3/5 | SELL_LIMIT 60%,1762084800000,backtest,WIN,1762142400000,0.283931,,,,,binance
3434,XRPUSDT,SHORT,4h,2.5004,2.412777,2.566117,48,STRONG_SELL,SELL_LIMIT,-3,60,SLEEPING,Oracle BEARISH -3/5 | SELL_LIMIT 60%,1762084800000,backtest,WIN,1762142400000,2.412777,,,,,binance
3213,ETHUSDT,SHORT,4h,3853.33,3736.699186,3940.803111,48,SELL,SELL_LIMIT,-3,60,SLEEPING,Oracle NEUTRAL -3/5 | SELL_LIMIT 60%,1762084800000,backtest,WIN,1762128000000,3736.699186,,,,,binance
3760,ATOMUSDT,SHORT,4h,2.978,2.859231,3.067077,48,STRONG_SELL,SELL_LIMIT,-3,60,SLEEPING,Oracle BEARISH -3/5 | SELL_LIMIT 60%,1762084800000,backtest,LOSS,1762113600000,3.067077,,,,,binance
3947,APTUSDT,SHORT,4h,3.287,3.115681,3.415489,48,SELL,SELL_LIMIT,-3,60,SLEEPING,Oracle NEUTRAL -3/5 | SELL_LIMIT 60%,1762084800000,backtest,WIN,1762142400000,3.115681,,,,,binance
3585,NEARUSDT,SHORT,4h,2.122,2.019573,2.19882,48,STRONG_SELL,SELL_LIMIT,-3,60,SLEEPING,Oracle BEARISH -3/5 | SELL_LIMIT 60%,1762084800000,backtest,LOSS,1762113600000,2.19882,,,,,binance
3512,FETUSDT,LONG,4h,0.3273,0.398205,0.274121,48,BUY,BUY_LIMIT,3,60,TRENDING,Oracle NEUTRAL +3/5 | BUY_LIMIT 60%,1762689600000,backtest,LOSS,1763092800000,0.274121,,,,,binance
4149,NEARUSDT,LONG,4h,2.885,3.257946,2.60529,66,STRONG_BUY,BUY_LIMIT,4,60,TRENDING,Oracle BULLISH +4/5 | BUY_LIMIT 60%,1762689600000,backtest,LOSS,1762891200000,2.60529,,,,,okx
3586,NEARUSDT,LONG,4h,2.884,3.262123,2.600408,66,STRONG_BUY,BUY_LIMIT,4,60,TRENDING,Oracle BULLISH +4/5 | BUY_LIMIT 60%,1762689600000,backtest,LOSS,1762891200000,2.600408,,,,,binance
3999,FETUSDT,LONG,4h,0.3275,0.3982,0.274475,48,BUY,BUY_LIMIT,3,60,TRENDING,Oracle NEUTRAL +3/5 | BUY_LIMIT 60%,1762689600000,backtest,LOSS,1763092800000,0.274475,,,,,okx
3435,XRPUSDT,LONG,4h,2.5296,2.660681,2.431289,66,BUY,BUY_LIMIT,4,60,TRENDING,Oracle NEUTRAL +4/5 | BUY_LIMIT 60%,1762776000000,backtest,LOSS,1762862400000,2.431289,,,,,binance
4099,XRPUSDT,LONG,4h,2.5298,2.660692,2.431631,66,BUY,BUY_LIMIT,4,60,TRENDING,Oracle NEUTRAL +4/5 | BUY_LIMIT 60%,1762776000000,backtest,LOSS,1762862400000,2.431631,,,,,okx
4150,NEARUSDT,LONG,4h,2.817,3.157833,2.561375,48,STRONG_BUY,BUY_LIMIT,3,60,TRENDING,Oracle BULLISH +3/5 | BUY_LIMIT 60%,1762819200000,backtest,LOSS,1762891200000,2.561375,,,,,okx
3587,NEARUSDT,LONG,4h,2.816,3.161537,2.556847,48,STRONG_BUY,BUY_LIMIT,3,60,TRENDING,Oracle BULLISH +3/5 | BUY_LIMIT 60%,1762819200000,backtest,LOSS,1762891200000,2.556847,,,,,binance
3671,ARBUSDT,SHORT,4h,0.2769,0.25807,0.291023,48,STRONG_SELL,SELL_LIMIT,-3,60,SLEEPING,Oracle BEARISH -3/5 | SELL_LIMIT 60%,1762934400000,backtest,WIN,1762963200000,0.25807,,,,,binance
4031,ATOMUSDT,SHORT,4h,2.536,2.285008,2.661496,66,STRONG_SELL,SELL_LIMIT,-4,60,SUPER TREND,Oracle BEARISH -4/5 | SELL_LIMIT 60%,1763899200000,backtest,REVIEW,,,,,,,okx
3349,TRXUSDT,SHORT,4h,0.2755,0.268412,0.279044,66,STRONG_SELL,SELL_LIMIT,-4,60,SUPER TREND,Oracle BEARISH -4/5 | SELL_LIMIT 60%,1763899200000,backtest,LOSS,1764259200000,0.279044,,,,,binance
3280,BNBUSDT,SHORT,4h,849.9,792.349836,878.675082,48,STRONG_SELL,SELL_LIMIT,-3,60,SUPER TREND,Oracle BEARISH -3/5 | SELL_LIMIT 60%,1763899200000,backtest,LOSS,1764172800000,878.675082,,,,,binance
4120,POLUSDT,SHORT,4h,0.1362,0.124263,0.142169,48,STRONG_SELL,SELL_LIMIT,-3,60,SUPER TREND,Oracle BEARISH -3/5 | SELL_LIMIT 60%,1763899200000,backtest,REVIEW,,,,,,,okx
3588,NEARUSDT,SHORT,4h,1.862,1.631664,1.977168,66,STRONG_SELL,SELL_LIMIT,-4,60,SUPER TREND,Oracle BEARISH -4/5 | SELL_LIMIT 60%,1763899200000,backtest,LOSS,1764000000000,1.977168,,,,,binance
4151,NEARUSDT,SHORT,4h,1.863,1.634816,1.977092,66,STRONG_SELL,SELL_LIMIT,-4,60,SUPER TREND,Oracle BEARISH -4/5 | SELL_LIMIT 60%,1763899200000,backtest,LOSS,1764000000000,1.977092,,,,,okx
3761,ATOMUSDT,SHORT,4h,2.538,2.28684,2.66358,66,STRONG_SELL,SELL_LIMIT,-4,60,SUPER TREND,Oracle BEARISH -4/5 | SELL_LIMIT 60%,1763899200000,backtest,REVIEW,,,,,,,binance
3513,FETUSDT,SHORT,4h,0.2755,0.230215,0.298142,48,STRONG_SELL,SELL_LIMIT,-3,60,SUPER TREND,Oracle BEARISH -3/5 | SELL_LIMIT 60%,1763928000000,backtest,REVIEW,,,,,,,binance
3281,BNBUSDT,SHORT,4h,843.6,789.149348,870.825326,48,STRONG_SELL,SELL_LIMIT,-3,60,SUPER TREND,Oracle BEARISH -3/5 | SELL_LIMIT 60%,1763928000000,backtest,LOSS,1764000000000,870.825326,,,,,binance
4000,FETUSDT,SHORT,4h,0.2754,0.230515,0.297843,48,STRONG_SELL,SELL_LIMIT,-3,60,SUPER TREND,Oracle BEARISH -3/5 | SELL_LIMIT 60%,1763928000000,backtest,REVIEW,,,,,,,okx
3948,APTUSDT,SHORT,4h,2.368,2.205209,2.490093,48,STRONG_SELL,SELL_LIMIT,-3,60,TRENDING,Oracle BEARISH -3/5 | SELL_LIMIT 60%,1763942400000,backtest,WIN,1764072000000,2.205209,,,,,binance
3350,TRXUSDT,SHORT,4h,0.2748,0.2707,0.277875,66,STRONG_SELL,SELL_LIMIT,-4,60,TRENDING,Oracle BEARISH -4/5 | SELL_LIMIT 60%,1764014400000,backtest,LOSS,1764230400000,0.277875,,,,,binance
3514,FETUSDT,SHORT,4h,0.2771,0.249376,0.297893,48,STRONG_SELL,SELL_LIMIT,-3,60,TRENDING,Oracle BEARISH -3/5 | SELL_LIMIT 60%,1764014400000,backtest,WIN,1764547200000,0.249376,,,,,binance
4001,FETUSDT,SHORT,4h,0.2777,0.250274,0.29827,48,STRONG_SELL,SELL_LIMIT,-3,60,TRENDING,Oracle BEARISH -3/5 | SELL_LIMIT 60%,1764014400000,backtest,WIN,1764547200000,0.250274,,,,,okx
3762,ATOMUSDT,SHORT,4h,2.512,2.377832,2.612626,48,STRONG_SELL,SELL_LIMIT,-3,60,TRENDING,Oracle BEARISH -3/5 | SELL_LIMIT 60%,1764043200000,backtest,WIN,1764532800000,2.377832,,,,,binance
4121,POLUSDT,SHORT,4h,0.1349,0.127782,0.140238,48,STRONG_SELL,SELL_LIMIT,-3,60,TRENDING,Oracle BEARISH -3/5 | SELL_LIMIT 60%,1764043200000,backtest,WIN,1764547200000,0.127782,,,,,okx
4152,NEARUSDT,SHORT,4h,1.85,1.709305,1.955521,66,STRONG_SELL,SELL_LIMIT,-4,60,TRENDING,Oracle BEARISH -4/5 | SELL_LIMIT 60%,1764043200000,backtest,LOSS,1764172800000,1.955521,,,,,okx
3589,NEARUSDT,SHORT,4h,1.85,1.707995,1.956504,66,STRONG_SELL,SELL_LIMIT,-4,60,TRENDING,Oracle BEARISH -4/5 | SELL_LIMIT 60%,1764043200000,backtest,LOSS,1764172800000,1.956504,,,,,binance
4032,ATOMUSDT,SHORT,4h,2.468,2.335438,2.567422,66,STRONG_SELL,SELL_LIMIT,-4,60,TRENDING,Oracle BEARISH -4/5 | SELL_LIMIT 60%,1764057600000,backtest,WIN,1764547200000,2.335438,,,,,okx
3590,NEARUSDT,SHORT,4h,1.889,1.759251,1.986312,48,STRONG_SELL,SELL_LIMIT,-3,60,TRENDING,Oracle BEARISH -3/5 | SELL_LIMIT 60%,1764129600000,backtest,WIN,1764547200000,1.759251,,,,,binance
4153,NEARUSDT,SHORT,4h,1.889,1.75983,1.985878,48,STRONG_SELL,SELL_LIMIT,-3,60,TRENDING,Oracle BEARISH -3/5 | SELL_LIMIT 60%,1764129600000,backtest,WIN,1764547200000,1.75983,,,,,okx
3672,ARBUSDT,SHORT,4h,0.2112,0.19909,0.220282,48,STRONG_SELL,SELL_LIMIT,-3,60,SLEEPING,Oracle BEARISH -3/5 | SELL_LIMIT 60%,1764144000000,backtest,LOSS,1764172800000,0.220282,,,,,binance
3515,FETUSDT,SHORT,4h,0.264,0.238775,0.282919,48,STRONG_SELL,SELL_LIMIT,-3,60,SLEEPING,Oracle BEARISH -3/5 | SELL_LIMIT 60%,1764144000000,backtest,WIN,1764547200000,0.238775,,,,,binance
4002,FETUSDT,SHORT,4h,0.2641,0.239944,0.282217,48,STRONG_SELL,SELL_LIMIT,-3,60,TRENDING,Oracle BEARISH -3/5 | SELL_LIMIT 60%,1764201600000,backtest,WIN,1764547200000,0.239944,,,,,okx
3949,APTUSDT,SHORT,4h,2.265,2.133261,2.363804,48,STRONG_SELL,SELL_LIMIT,-3,60,TRENDING,Oracle BEARISH -3/5 | SELL_LIMIT 60%,1764273600000,backtest,WIN,1764345600000,2.133261,,,,,binance
3516,FETUSDT,SHORT,4h,0.2628,0.241656,0.278658,48,STRONG_SELL,SELL_LIMIT,-3,60,TRENDING,Oracle BEARISH -3/5 | SELL_LIMIT 60%,1764273600000,backtest,LOSS,1764316800000,0.278658,,,,,binance
4003,FETUSDT,SHORT,4h,0.263,0.242395,0.278454,48,STRONG_SELL,SELL_LIMIT,-3,60,TRENDING,Oracle BEARISH -3/5 | SELL_LIMIT 60%,1764273600000,backtest,LOSS,1764316800000,0.278454,,,,,okx
3763,ATOMUSDT,SHORT,4h,2.459,2.353714,2.537965,48,STRONG_SELL,SELL_LIMIT,-3,60,TRENDING,Oracle BEARISH -3/5 | SELL_LIMIT 60%,1764345600000,backtest,WIN,1764547200000,2.353714,,,,,binance
3591,NEARUSDT,SHORT,4h,1.888,1.779969,1.969023,48,STRONG_SELL,SELL_LIMIT,-3,60,TRENDING,Oracle BEARISH -3/5 | SELL_LIMIT 60%,1764345600000,backtest,WIN,1764547200000,1.779969,,,,,binance
4122,POLUSDT,SHORT,4h,0.1351,0.129259,0.139481,48,STRONG_SELL,SELL_LIMIT,-3,60,TRENDING,Oracle BEARISH -3/5 | SELL_LIMIT 60%,1764345600000,backtest,WIN,1764547200000,0.129259,,,,,okx
4154,NEARUSDT,SHORT,4h,1.887,1.779025,1.967981,48,STRONG_SELL,SELL_LIMIT,-3,60,TRENDING,Oracle BEARISH -3/5 | SELL_LIMIT 60%,1764345600000,backtest,WIN,1764547200000,1.779025,,,,,okx
4033,ATOMUSDT,SHORT,4h,2.459,2.354114,2.537665,48,STRONG_SELL,SELL_LIMIT,-3,60,TRENDING,Oracle BEARISH -3/5 | SELL_LIMIT 60%,1764345600000,backtest,WIN,1764547200000,2.354114,,,,,okx
3517,FETUSDT,SHORT,4h,0.2637,0.245232,0.277551,48,STRONG_SELL,SELL_LIMIT,-3,60,SLEEPING,Oracle BEARISH -3/5 | SELL_LIMIT 60%,1764417600000,backtest,WIN,1764547200000,0.245232,,,,,binance
4004,FETUSDT,SHORT,4h,0.2638,0.24577,0.277322,48,STRONG_SELL,SELL_LIMIT,-3,60,TRENDING,Oracle BEARISH -3/5 | SELL_LIMIT 60%,1764417600000,backtest,WIN,1764547200000,0.24577,,,,,okx
3351,TRXUSDT,SHORT,4h,0.2771,0.273983,0.279438,66,STRONG_SELL,SELL_LIMIT,-4,60,SLEEPING,Oracle BEARISH -4/5 | SELL_LIMIT 60%,1764547200000,backtest,LOSS,1764676800000,0.279438,,,,,binance
3282,BNBUSDT,SHORT,4h,829.4,799.632749,851.725438,48,STRONG_SELL,SELL_LIMIT,-3,60,SLEEPING,Oracle BEARISH -3/5 | SELL_LIMIT 60%,1764547200000,backtest,LOSS,1764676800000,851.725438,,,,,binance
3950,APTUSDT,SHORT,4h,1.848,1.746612,1.924041,66,STRONG_SELL,SELL_LIMIT,-4,60,SLEEPING,Oracle BEARISH -4/5 | SELL_LIMIT 60%,1764921600000,backtest,WIN,1764950400000,1.746612,,,,,binance
3436,XRPUSDT,SHORT,4h,2.069,1.986204,2.131097,66,STRONG_SELL,SELL_LIMIT,-4,60,SLEEPING,Oracle BEARISH -4/5 | SELL_LIMIT 60%,1764921600000,backtest,LOSS,1765296000000,2.131097,,,,,binance
3592,NEARUSDT,SHORT,4h,1.738,1.65327,1.801547,48,STRONG_SELL,SELL_LIMIT,-3,60,TRENDING,Oracle BEARISH -3/5 | SELL_LIMIT 60%,1765123200000,backtest,LOSS,1765281600000,1.801547,,,,,binance
3352,TRXUSDT,LONG,4h,0.2875,0.291432,0.284551,66,BUY,BUY_LIMIT,4,60,TRENDING,Oracle BEARISH +4/5 | BUY_LIMIT 60%,1765123200000,backtest,LOSS,1765195200000,0.284551,,,,,binance
3764,ATOMUSDT,SHORT,4h,2.225,2.136971,2.291022,66,STRONG_SELL,SELL_LIMIT,-4,60,TRENDING,Oracle BEARISH -4/5 | SELL_LIMIT 60%,1765123200000,backtest,LOSS,1765281600000,2.291022,,,,,binance
4180,DOGEUSDT,SHORT,4h,0.14208,0.136883,0.145978,48,STRONG_SELL,SELL_LIMIT,-3,60,TRENDING,Oracle BEARISH -3/5 | SELL_LIMIT 60%,1765123200000,backtest,WIN,1765137600000,0.136883,,,,,okx
4034,ATOMUSDT,SHORT,4h,2.225,2.138173,2.29012,66,STRONG_SELL,SELL_LIMIT,-4,60,TRENDING,Oracle BEARISH -4/5 | SELL_LIMIT 60%,1765123200000,backtest,LOSS,1765281600000,2.29012,,,,,okx
4061,STRKUSDT,SHORT,4h,0.1152,0.108555,0.120183,48,STRONG_SELL,SELL_LIMIT,-3,60,TRENDING,Oracle BEARISH -3/5 | SELL_LIMIT 60%,1765123200000,backtest,WIN,1765238400000,0.108555,,,,,okx
3840,DOGEUSDT,SHORT,4h,0.1421,0.136915,0.145989,48,STRONG_SELL,SELL_LIMIT,-3,60,TRENDING,Oracle BEARISH -3/5 | SELL_LIMIT 60%,1765123200000,backtest,WIN,1765137600000,0.136915,,,,,binance
4100,XRPUSDT,SHORT,4h,2.0441,1.960774,2.106595,66,STRONG_SELL,SELL_LIMIT,-4,60,TRENDING,Oracle BEARISH -4/5 | SELL_LIMIT 60%,1765137600000,backtest,LOSS,1765180800000,2.106595,,,,,okx
4123,POLUSDT,SHORT,4h,0.1203,0.114579,0.124591,66,STRONG_SELL,SELL_LIMIT,-4,60,TRENDING,Oracle BEARISH -4/5 | SELL_LIMIT 60%,1765137600000,backtest,LOSS,1765166400000,0.124591,,,,,okx
3437,XRPUSDT,SHORT,4h,2.0442,1.961008,2.106594,66,STRONG_SELL,SELL_LIMIT,-4,60,TRENDING,Oracle BEARISH -4/5 | SELL_LIMIT 60%,1765137600000,backtest,LOSS,1765180800000,2.106594,,,,,binance
3673,ARBUSDT,SHORT,4h,0.2042,0.192839,0.212721,66,STRONG_SELL,SELL_LIMIT,-4,60,TRENDING,Oracle BEARISH -4/5 | SELL_LIMIT 60%,1765137600000,backtest,LOSS,1765180800000,0.212721,,,,,binance
4155,NEARUSDT,SHORT,4h,1.702,1.612266,1.769301,66,STRONG_SELL,SELL_LIMIT,-4,60,TRENDING,Oracle BEARISH -4/5 | SELL_LIMIT 60%,1765137600000,backtest,LOSS,1765166400000,1.769301,,,,,okx
4035,ATOMUSDT,SHORT,4h,2.234,2.143725,2.301706,48,STRONG_SELL,SELL_LIMIT,-3,60,TRENDING,Oracle BEARISH -3/5 | SELL_LIMIT 60%,1765180800000,backtest,LOSS,1765281600000,2.301706,,,,,okx
3765,ATOMUSDT,SHORT,4h,2.234,2.142299,2.302776,48,STRONG_SELL,SELL_LIMIT,-3,60,TRENDING,Oracle BEARISH -3/5 | SELL_LIMIT 60%,1765180800000,backtest,LOSS,1765281600000,2.302776,,,,,binance
3353,TRXUSDT,SHORT,4h,0.2814,0.27771,0.284167,48,STRONG_SELL,SELL_LIMIT,-3,60,TRENDING,Oracle BEARISH -3/5 | SELL_LIMIT 60%,1765224000000,backtest,WIN,1765368000000,0.27771,,,,,binance
3766,ATOMUSDT,SHORT,4h,2.222,2.134086,2.287935,48,STRONG_SELL,SELL_LIMIT,-3,60,TRENDING,Oracle BEARISH -3/5 | SELL_LIMIT 60%,1765252800000,backtest,LOSS,1765281600000,2.287935,,,,,binance
4124,POLUSDT,SHORT,4h,0.1231,0.117803,0.127073,48,STRONG_SELL,SELL_LIMIT,-3,60,TRENDING,Oracle BEARISH -3/5 | SELL_LIMIT 60%,1765252800000,backtest,LOSS,1765281600000,0.127073,,,,,okx
4181,DOGEUSDT,SHORT,4h,0.14079,0.13525,0.144945,48,SELL,SELL_LIMIT,-3,60,TRENDING,Oracle NEUTRAL -3/5 | SELL_LIMIT 60%,1765252800000,backtest,LOSS,1765281600000,0.144945,,,,,okx
4036,ATOMUSDT,SHORT,4h,2.223,2.13649,2.287883,48,STRONG_SELL,SELL_LIMIT,-3,60,TRENDING,Oracle BEARISH -3/5 | SELL_LIMIT 60%,1765252800000,backtest,LOSS,1765281600000,2.287883,,,,,okx
3841,DOGEUSDT,SHORT,4h,0.1408,0.135265,0.144951,48,SELL,SELL_LIMIT,-3,60,TRENDING,Oracle NEUTRAL -3/5 | SELL_LIMIT 60%,1765252800000,backtest,LOSS,1765281600000,0.144951,,,,,binance
3978,ETHUSDT,LONG,4h,3245.96,3381.526113,3144.285415,48,BUY,BUY_LIMIT,3,60,TRENDING,Oracle NEUTRAL +3/5 | BUY_LIMIT 60%,1765281600000,backtest,WIN,1765296000000,3381.526113,,,,,okx
3214,ETHUSDT,LONG,4h,3245.88,3381.106293,3144.46028,48,BUY,BUY_LIMIT,3,60,TRENDING,Oracle NEUTRAL +3/5 | BUY_LIMIT 60%,1765281600000,backtest,WIN,1765296000000,3381.106293,,,,,binance
3979,ETHUSDT,LONG,4h,3318.3,3466.351598,3207.261302,48,BUY,BUY_LIMIT,3,60,TRENDING,Oracle NEUTRAL +3/5 | BUY_LIMIT 60%,1765310400000,backtest,LOSS,1765411200000,3207.261302,,,,,okx
3215,ETHUSDT,LONG,4h,3318.04,3465.746344,3207.260242,48,BUY,BUY_LIMIT,3,60,TRENDING,Oracle NEUTRAL +3/5 | BUY_LIMIT 60%,1765310400000,backtest,LOSS,1765411200000,3207.260242,,,,,binance
3767,ATOMUSDT,SHORT,4h,2.178,2.073189,2.256608,48,STRONG_SELL,SELL_LIMIT,-3,60,SLEEPING,Oracle BEARISH -3/5 | SELL_LIMIT 60%,1765468800000,backtest,WIN,1765555200000,2.073189,,,,,binance
3951,APTUSDT,SHORT,4h,1.714,1.600439,1.79917,48,STRONG_SELL,SELL_LIMIT,-3,60,SLEEPING,Oracle BEARISH -3/5 | SELL_LIMIT 60%,1765468800000,backtest,WIN,1765742400000,1.600439,,,,,binance
3842,DOGEUSDT,SHORT,4h,0.1384,0.131808,0.143344,48,STRONG_SELL,SELL_LIMIT,-3,60,SLEEPING,Oracle BEARISH -3/5 | SELL_LIMIT 60%,1765468800000,backtest,WIN,1765800000000,0.131808,,,,,binance
3283,BNBUSDT,SHORT,4h,876.05,846.82761,897.966793,48,SELL,SELL_LIMIT,-3,60,SLEEPING,Oracle BULLISH -3/5 | SELL_LIMIT 60%,1765468800000,backtest,LOSS,1765627200000,897.966793,,,,,binance
3674,ARBUSDT,SHORT,4h,0.2066,0.194171,0.215922,48,STRONG_SELL,SELL_LIMIT,-3,60,SLEEPING,Oracle BEARISH -3/5 | SELL_LIMIT 60%,1765468800000,backtest,LOSS,1765497600000,0.215922,,,,,binance
3518,FETUSDT,SHORT,4h,0.2393,0.220943,0.253068,66,SELL,SELL_LIMIT,-4,60,SLEEPING,Oracle NEUTRAL -4/5 | SELL_LIMIT 60%,1765468800000,backtest,LOSS,1765612800000,0.253068,,,,,binance
3593,NEARUSDT,SHORT,4h,1.661,1.557815,1.738389,48,STRONG_SELL,SELL_LIMIT,-3,60,SLEEPING,Oracle BEARISH -3/5 | SELL_LIMIT 60%,1765468800000,backtest,WIN,1765800000000,1.557815,,,,,binance
3438,XRPUSDT,SHORT,4h,2.0114,1.932965,2.070226,48,STRONG_SELL,SELL_LIMIT,-3,60,SLEEPING,Oracle BEARISH -3/5 | SELL_LIMIT 60%,1765468800000,backtest,WIN,1765800000000,1.932965,,,,,binance
3216,ETHUSDT,LONG,4h,3237.39,3387.148693,3125.07098,48,BUY,BUY_LIMIT,3,60,SLEEPING,Oracle NEUTRAL +3/5 | BUY_LIMIT 60%,1765483200000,backtest,LOSS,1765540800000,3125.07098,,,,,binance
3439,XRPUSDT,SHORT,4h,1.9952,1.937253,2.03866,48,STRONG_SELL,SELL_LIMIT,-3,60,SLEEPING,Oracle BEARISH -3/5 | SELL_LIMIT 60%,1765771200000,backtest,WIN,1765800000000,1.937253,,,,,binance
4125,POLUSDT,SHORT,4h,0.1103,0.104938,0.114322,48,STRONG_SELL,SELL_LIMIT,-3,60,TRENDING,Oracle BEARISH -3/5 | SELL_LIMIT 60%,1766059200000,backtest,WIN,1766073600000,0.104938,,,,,okx
3675,ARBUSDT,SHORT,4h,0.1897,0.177494,0.198855,48,STRONG_SELL,SELL_LIMIT,-3,60,TRENDING,Oracle BEARISH -3/5 | SELL_LIMIT 60%,1766059200000,backtest,WIN,1766073600000,0.177494,,,,,binance
3768,ATOMUSDT,SHORT,4h,1.958,1.862666,2.029501,66,STRONG_SELL,SELL_LIMIT,-4,60,TRENDING,Oracle BEARISH -4/5 | SELL_LIMIT 60%,1766059200000,backtest,WIN,1766073600000,1.862666,,,,,binance
4037,ATOMUSDT,SHORT,4h,1.958,1.863402,2.028949,66,STRONG_SELL,SELL_LIMIT,-4,60,TRENDING,Oracle BEARISH -4/5 | SELL_LIMIT 60%,1766059200000,backtest,WIN,1766073600000,1.863402,,,,,okx
4182,DOGEUSDT,SHORT,4h,0.1295,0.12369,0.133857,48,STRONG_SELL,SELL_LIMIT,-3,60,TRENDING,Oracle BEARISH -3/5 | SELL_LIMIT 60%,1766059200000,backtest,WIN,1766073600000,0.12369,,,,,okx
3284,BNBUSDT,SHORT,4h,848.22,820.905282,868.706038,66,STRONG_SELL,SELL_LIMIT,-4,60,TRENDING,Oracle BEARISH -4/5 | SELL_LIMIT 60%,1766059200000,backtest,WIN,1766073600000,820.905282,,,,,binance
4005,FETUSDT,SHORT,4h,0.2084,0.195123,0.218357,66,STRONG_SELL,SELL_LIMIT,-4,60,TRENDING,Oracle BEARISH -4/5 | SELL_LIMIT 60%,1766059200000,backtest,WIN,1766073600000,0.195123,,,,,okx
3440,XRPUSDT,SHORT,4h,1.8403,1.747438,1.909947,66,STRONG_SELL,SELL_LIMIT,-4,60,SLEEPING,Oracle BEARISH -4/5 | SELL_LIMIT 60%,1766102400000,backtest,LOSS,1766160000000,1.909947,,,,,binance
3217,ETHUSDT,SHORT,4h,2909.01,2755.39067,3024.224498,48,STRONG_SELL,SELL_LIMIT,-3,60,SLEEPING,Oracle BEARISH -3/5 | SELL_LIMIT 60%,1766102400000,backtest,LOSS,1766361600000,3024.224498,,,,,binance
3594,NEARUSDT,SHORT,4h,1.475,1.362676,1.559243,48,STRONG_SELL,SELL_LIMIT,-3,60,SLEEPING,Oracle BEARISH -3/5 | SELL_LIMIT 60%,1766102400000,backtest,LOSS,1766160000000,1.559243,,,,,binance
3354,TRXUSDT,LONG,4h,0.2832,0.286368,0.280824,66,BUY,BUY_LIMIT,4,60,SLEEPING,Oracle NEUTRAL +4/5 | BUY_LIMIT 60%,1766275200000,backtest,WIN,1766318400000,0.286368,,,,,binance
3769,ATOMUSDT,SHORT,4h,1.956,1.877555,2.014834,48,STRONG_SELL,SELL_LIMIT,-3,60,SLEEPING,Oracle BEARISH -3/5 | SELL_LIMIT 60%,1766304000000,backtest,LOSS,1766649600000,2.014834,,,,,binance
3676,ARBUSDT,SHORT,4h,0.1847,0.17494,0.19202,48,STRONG_SELL,SELL_LIMIT,-3,60,SLEEPING,Oracle BEARISH -3/5 | SELL_LIMIT 60%,1766318400000,backtest,LOSS,1766390400000,0.19202,,,,,binance
3519,FETUSDT,SHORT,4h,0.2033,0.191549,0.212113,48,STRONG_SELL,SELL_LIMIT,-3,60,SLEEPING,Oracle BEARISH -3/5 | SELL_LIMIT 60%,1766318400000,backtest,LOSS,1766404800000,0.212113,,,,,binance
3595,NEARUSDT,SHORT,4h,1.464,1.383725,1.524206,48,STRONG_SELL,SELL_LIMIT,-3,60,SLEEPING,Oracle BEARISH -3/5 | SELL_LIMIT 60%,1766318400000,backtest,LOSS,1766347200000,1.524206,,,,,binance
4062,STRKUSDT,SHORT,4h,0.0814,0.077332,0.084451,48,STRONG_SELL,SELL_LIMIT,-3,60,TRENDING,Oracle BEARISH -3/5 | SELL_LIMIT 60%,1766404800000,backtest,WIN,1766462400000,0.077332,,,,,okx
4126,POLUSDT,SHORT,4h,0.1081,0.103857,0.111282,48,STRONG_SELL,SELL_LIMIT,-3,60,TRENDING,Oracle BEARISH -3/5 | SELL_LIMIT 60%,1766433600000,backtest,WIN,1766692800000,0.103857,,,,,okx
4156,NEARUSDT,SHORT,4h,1.505,1.423095,1.566429,48,STRONG_SELL,SELL_LIMIT,-3,60,TRENDING,Oracle BEARISH -3/5 | SELL_LIMIT 60%,1766433600000,backtest,LOSS,1766851200000,1.566429,,,,,okx
4038,ATOMUSDT,SHORT,4h,1.949,1.873126,2.005905,48,STRONG_SELL,SELL_LIMIT,-3,60,TRENDING,Oracle BEARISH -3/5 | SELL_LIMIT 60%,1766433600000,backtest,LOSS,1766620800000,2.005905,,,,,okx
3770,ATOMUSDT,SHORT,4h,1.95,1.873724,2.007207,48,STRONG_SELL,SELL_LIMIT,-3,60,TRENDING,Oracle BEARISH -3/5 | SELL_LIMIT 60%,1766433600000,backtest,LOSS,1766620800000,2.007207,,,,,binance
3596,NEARUSDT,SHORT,4h,1.505,1.421832,1.567376,48,STRONG_SELL,SELL_LIMIT,-3,60,TRENDING,Oracle BEARISH -3/5 | SELL_LIMIT 60%,1766433600000,backtest,LOSS,1766851200000,1.567376,,,,,binance
3677,ARBUSDT,SHORT,4h,0.1875,0.178044,0.194592,48,STRONG_SELL,SELL_LIMIT,-3,60,TRENDING,Oracle BEARISH -3/5 | SELL_LIMIT 60%,1766433600000,backtest,LOSS,1766678400000,0.194592,,,,,binance
4101,XRPUSDT,SHORT,4h,1.9046,1.843852,1.950161,48,STRONG_SELL,SELL_LIMIT,-3,60,TRENDING,Oracle BEARISH -3/5 | SELL_LIMIT 60%,1766433600000,backtest,WIN,1766548800000,1.843852,,,,,okx
3441,XRPUSDT,SHORT,4h,1.9043,1.843313,1.95004,48,STRONG_SELL,SELL_LIMIT,-3,60,TRENDING,Oracle BEARISH -3/5 | SELL_LIMIT 60%,1766433600000,backtest,WIN,1766548800000,1.843313,,,,,binance
3355,TRXUSDT,SHORT,4h,0.2803,0.277111,0.282692,66,STRONG_SELL,SELL_LIMIT,-4,60,SLEEPING,Oracle BEARISH -4/5 | SELL_LIMIT 60%,1766620800000,backtest,WIN,1766678400000,0.277111,,,,,binance
3285,BNBUSDT,SHORT,4h,844.95,827.864379,857.764216,48,SELL,SELL_LIMIT,-3,60,SLEEPING,Oracle NEUTRAL -3/5 | SELL_LIMIT 60%,1766620800000,backtest,WIN,1766692800000,827.864379,,,,,binance
3843,DOGEUSDT,SHORT,4h,0.12762,0.123258,0.130892,48,STRONG_SELL,SELL_LIMIT,-3,60,SLEEPING,Oracle BEARISH -3/5 | SELL_LIMIT 60%,1766664000000,backtest,WIN,1766692800000,0.123258,,,,,binance
3442,XRPUSDT,SHORT,4h,1.8646,1.805982,1.908563,48,STRONG_SELL,SELL_LIMIT,-3,60,SLEEPING,Oracle BEARISH -3/5 | SELL_LIMIT 60%,1766707200000,backtest,LOSS,1766966400000,1.908563,,,,,binance
3286,BNBUSDT,SHORT,4h,839.26,821.524071,852.561947,48,SELL,SELL_LIMIT,-3,60,SLEEPING,Oracle NEUTRAL -3/5 | SELL_LIMIT 60%,1766736000000,backtest,WIN,1766750400000,821.524071,,,,,binance
3218,ETHUSDT,SHORT,4h,2925.99,2833.442759,2995.40043,48,STRONG_SELL,SELL_LIMIT,-3,60,SLEEPING,Oracle BEARISH -3/5 | SELL_LIMIT 60%,1766764800000,backtest,LOSS,1766966400000,2995.40043,,,,,binance
3443,XRPUSDT,SHORT,4h,1.8458,1.787287,1.889685,66,STRONG_SELL,SELL_LIMIT,-4,60,SLEEPING,Oracle BEARISH -4/5 | SELL_LIMIT 60%,1766764800000,backtest,LOSS,1766966400000,1.889685,,,,,binance
3219,ETHUSDT,SHORT,4h,2926.5,2853.782946,2981.03779,48,STRONG_SELL,SELL_LIMIT,-3,60,SLEEPING,Oracle BEARISH -3/5 | SELL_LIMIT 60%,1766836800000,backtest,LOSS,1766966400000,2981.03779,,,,,binance
3356,TRXUSDT,LONG,4h,0.2826,0.285473,0.280445,66,BUY,BUY_LIMIT,4,60,SLEEPING,Oracle NEUTRAL +4/5 | BUY_LIMIT 60%,1766851200000,backtest,WIN,1766966400000,0.285473,,,,,binance
3036,BTCUSDT,LONG,4h,90123.55,91614.029854,89005.690109,48,BUY,BUY_LIMIT,3,60,SLEEPING,Oracle BEARISH +3/5 | BUY_LIMIT 60%,1766966400000,backtest,LOSS,1766995200000,89005.690109,,,,,binance
3771,ATOMUSDT,SHORT,4h,2.009,1.944927,2.057055,66,STRONG_SELL,SELL_LIMIT,-4,60,SLEEPING,Oracle BEARISH -4/5 | SELL_LIMIT 60%,1767009600000,backtest,WIN,1767196800000,1.944927,,,,,binance
3844,DOGEUSDT,SHORT,4h,0.1241,0.12027,0.126973,48,STRONG_SELL,SELL_LIMIT,-3,60,SLEEPING,Oracle BEARISH -3/5 | SELL_LIMIT 60%,1767009600000,backtest,WIN,1767196800000,0.12027,,,,,binance
3845,DOGEUSDT,SHORT,4h,0.12455,0.121053,0.127173,48,STRONG_SELL,SELL_LIMIT,-3,60,SLEEPING,Oracle BEARISH -3/5 | SELL_LIMIT 60%,1767096000000,backtest,WIN,1767182400000,0.121053,,,,,binance
3520,FETUSDT,SHORT,4h,0.2023,0.193353,0.20901,66,STRONG_SELL,SELL_LIMIT,-4,60,SLEEPING,Oracle BEARISH -4/5 | SELL_LIMIT 60%,1767254400000,backtest,LOSS,1767268800000,0.20901,,,,,binance
3444,XRPUSDT,SHORT,4h,1.8554,1.812569,1.887523,48,STRONG_SELL,SELL_LIMIT,-3,60,SLEEPING,Oracle BEARISH -3/5 | SELL_LIMIT 60%,1767254400000,backtest,LOSS,1767312000000,1.887523,,,,,binance
3357,TRXUSDT,LONG,4h,0.2847,0.287485,0.282611,48,BUY,BUY_LIMIT,3,60,SLEEPING,Oracle NEUTRAL +3/5 | BUY_LIMIT 60%,1767254400000,backtest,WIN,1767384000000,0.287485,,,,,binance
3678,ARBUSDT,SHORT,4h,0.189,0.182299,0.194026,48,STRONG_SELL,SELL_LIMIT,-3,60,SLEEPING,Oracle BEARISH -3/5 | SELL_LIMIT 60%,1767254400000,backtest,LOSS,1767268800000,0.194026,,,,,binance
3358,TRXUSDT,LONG,4h,0.2855,0.288135,0.283524,48,BUY,BUY_LIMIT,3,60,SLEEPING,Oracle NEUTRAL +3/5 | BUY_LIMIT 60%,1767283200000,backtest,WIN,1767384000000,0.288135,,,,,binance
3952,APTUSDT,LONG,4h,1.848,1.935465,1.782401,66,BUY,BUY_LIMIT,4,60,SLEEPING,Oracle NEUTRAL +4/5 | BUY_LIMIT 60%,1767326400000,backtest,WIN,1767542400000,1.935465,,,,,binance
3220,ETHUSDT,LONG,4h,3047.82,3112.644425,2999.201681,66,BUY,BUY_LIMIT,4,60,SLEEPING,Oracle NEUTRAL +4/5 | BUY_LIMIT 60%,1767340800000,backtest,WIN,1767369600000,3112.644425,,,,,binance
3287,BNBUSDT,LONG,4h,877.99,893.715366,866.195975,66,STRONG_BUY,BUY_LIMIT,4,60,SLEEPING,Oracle BULLISH +4/5 | BUY_LIMIT 60%,1767355200000,backtest,WIN,1767542400000,893.715366,,,,,binance
3037,BTCUSDT,LONG,4h,89897.23,91612.395861,88610.855604,48,BUY,BUY_LIMIT,3,60,SLEEPING,Oracle NEUTRAL +3/5 | BUY_LIMIT 60%,1767369600000,backtest,WIN,1767499200000,91612.395861,,,,,binance
4085,BTCUSDT,LONG,4h,90325.5,91975.345144,89088.116142,66,BUY,BUY_LIMIT,4,60,TRENDING,Oracle NEUTRAL +4/5 | BUY_LIMIT 60%,1767398400000,backtest,WIN,1767571200000,91975.345144,,,,,okx
4039,ATOMUSDT,LONG,4h,2.197,2.274651,2.138762,66,BUY,BUY_LIMIT,4,60,TRENDING,Oracle NEUTRAL +4/5 | BUY_LIMIT 60%,1767412800000,backtest,WIN,1767499200000,2.274651,,,,,okx
3679,ARBUSDT,LONG,4h,0.2048,0.213637,0.198172,66,BUY,BUY_LIMIT,4,60,TRENDING,Oracle NEUTRAL +4/5 | BUY_LIMIT 60%,1767412800000,backtest,WIN,1767528000000,0.213637,,,,,binance
3597,NEARUSDT,LONG,4h,1.669,1.741228,1.614829,66,BUY,BUY_LIMIT,4,60,TRENDING,Oracle BEARISH +4/5 | BUY_LIMIT 60%,1767412800000,backtest,WIN,1767528000000,1.741228,,,,,binance
3980,ETHUSDT,LONG,4h,3090.62,3167.143548,3033.227339,66,BUY,BUY_LIMIT,4,60,TRENDING,Oracle NEUTRAL +4/5 | BUY_LIMIT 60%,1767412800000,backtest,WIN,1767484800000,3167.143548,,,,,okx
3772,ATOMUSDT,LONG,4h,2.196,2.274323,2.137258,66,BUY,BUY_LIMIT,4,60,TRENDING,Oracle NEUTRAL +4/5 | BUY_LIMIT 60%,1767412800000,backtest,WIN,1767499200000,2.274323,,,,,binance
4102,XRPUSDT,LONG,4h,1.9942,2.059227,1.94543,66,BUY,BUY_LIMIT,4,60,TRENDING,Oracle NEUTRAL +4/5 | BUY_LIMIT 60%,1767412800000,backtest,WIN,1767484800000,2.059227,,,,,okx
3445,XRPUSDT,LONG,4h,1.9941,2.059269,1.945223,66,BUY,BUY_LIMIT,4,60,TRENDING,Oracle NEUTRAL +4/5 | BUY_LIMIT 60%,1767412800000,backtest,WIN,1767484800000,2.059269,,,,,binance
4006,FETUSDT,LONG,4h,0.229,0.24019,0.220608,66,BUY,BUY_LIMIT,4,60,TRENDING,Oracle NEUTRAL +4/5 | BUY_LIMIT 60%,1767427200000,backtest,WIN,1767470400000,0.24019,,,,,okx
3038,BTCUSDT,LONG,4h,89752.74,91405.811113,88512.936665,66,BUY,BUY_LIMIT,4,60,TRENDING,Oracle NEUTRAL +4/5 | BUY_LIMIT 60%,1767427200000,backtest,WIN,1767484800000,91405.811113,,,,,binance
4086,BTCUSDT,LONG,4h,89754.1,91409.403211,88512.622592,66,BUY,BUY_LIMIT,4,60,TRENDING,Oracle NEUTRAL +4/5 | BUY_LIMIT 60%,1767427200000,backtest,WIN,1767484800000,91409.403211,,,,,okx
3521,FETUSDT,LONG,4h,0.229,0.240932,0.220051,66,BUY,BUY_LIMIT,4,60,TRENDING,Oracle NEUTRAL +4/5 | BUY_LIMIT 60%,1767427200000,backtest,WIN,1767470400000,0.240932,,,,,binance
4157,NEARUSDT,LONG,4h,1.748,1.823569,1.691324,66,BUY,BUY_LIMIT,4,60,TRENDING,Oracle NEUTRAL +4/5 | BUY_LIMIT 60%,1767585600000,backtest,WIN,1767686400000,1.823569,,,,,okx
4127,POLUSDT,LONG,4h,0.121,0.126089,0.117183,66,BUY,BUY_LIMIT,4,60,TRENDING,Oracle NEUTRAL +4/5 | BUY_LIMIT 60%,1767585600000,backtest,WIN,1767643200000,0.126089,,,,,okx
4183,DOGEUSDT,LONG,4h,0.14777,0.154973,0.142368,66,BUY,BUY_LIMIT,4,60,TRENDING,Oracle NEUTRAL +4/5 | BUY_LIMIT 60%,1767600000000,backtest,WIN,1767700800000,0.154973,,,,,okx
3846,DOGEUSDT,LONG,4h,0.14778,0.15499,0.142372,66,BUY,BUY_LIMIT,4,60,TRENDING,Oracle NEUTRAL +4/5 | BUY_LIMIT 60%,1767600000000,backtest,WIN,1767700800000,0.15499,,,,,binance
3953,APTUSDT,LONG,4h,1.96,2.110631,1.884684,66,BUY,BUY_LIMIT,4,60,SUPER TREND,Oracle NEUTRAL +4/5 | BUY_LIMIT 60%,1767729600000,backtest,LOSS,1767787200000,1.884684,,,,,binance
3359,TRXUSDT,LONG,4h,0.2942,0.298816,0.291892,66,BUY,BUY_LIMIT,4,60,SUPER TREND,Oracle NEUTRAL +4/5 | BUY_LIMIT 60%,1767729600000,backtest,WIN,1767988800000,0.298816,,,,,binance
3847,DOGEUSDT,LONG,4h,0.15055,0.163142,0.144254,48,BUY,BUY_LIMIT,3,60,SUPER TREND,Oracle NEUTRAL +3/5 | BUY_LIMIT 60%,1767729600000,backtest,LOSS,1767844800000,0.144254,,,,,binance
4184,DOGEUSDT,LONG,4h,0.15059,0.16315,0.14431,48,BUY,BUY_LIMIT,3,60,SUPER TREND,Oracle NEUTRAL +3/5 | BUY_LIMIT 60%,1767729600000,backtest,LOSS,1767844800000,0.14431,,,,,okx
3954,APTUSDT,LONG,4h,1.951,2.054434,1.873424,66,BUY,BUY_LIMIT,4,60,TRENDING,Oracle BEARISH +4/5 | BUY_LIMIT 60%,1767758400000,backtest,LOSS,1767787200000,1.873424,,,,,binance
3522,FETUSDT,LONG,4h,0.294,0.320206,0.274345,66,BUY,BUY_LIMIT,4,60,TRENDING,Oracle NEUTRAL +4/5 | BUY_LIMIT 60%,1767873600000,backtest,LOSS,1768435200000,0.274345,,,,,binance
4063,STRKUSDT,SHORT,4h,0.0848,0.079064,0.089102,66,SELL,SELL_LIMIT,-4,60,TRENDING,Oracle NEUTRAL -4/5 | SELL_LIMIT 60%,1767873600000,backtest,LOSS,1768334400000,0.089102,,,,,okx
4007,FETUSDT,LONG,4h,0.2932,0.318914,0.273914,66,BUY,BUY_LIMIT,4,60,TRENDING,Oracle NEUTRAL +4/5 | BUY_LIMIT 60%,1767873600000,backtest,LOSS,1768478400000,0.273914,,,,,okx
3955,APTUSDT,SHORT,4h,1.821,1.719036,1.897473,66,STRONG_SELL,SELL_LIMIT,-4,60,TRENDING,Oracle BEARISH -4/5 | SELL_LIMIT 60%,1767873600000,backtest,LOSS,1768305600000,1.897473,,,,,binance
3523,FETUSDT,LONG,4h,0.2853,0.31252,0.264885,48,BUY,BUY_LIMIT,3,60,TRENDING,Oracle NEUTRAL +3/5 | BUY_LIMIT 60%,1767902400000,backtest,WIN,1768176000000,0.31252,,,,,binance
4008,FETUSDT,LONG,4h,0.2851,0.311786,0.265085,48,BUY,BUY_LIMIT,3,60,TRENDING,Oracle NEUTRAL +3/5 | BUY_LIMIT 60%,1767902400000,backtest,WIN,1768176000000,0.311786,,,,,okx
4009,FETUSDT,LONG,4h,0.2883,0.313103,0.269698,48,BUY,BUY_LIMIT,3,60,TRENDING,Oracle NEUTRAL +3/5 | BUY_LIMIT 60%,1767960000000,backtest,WIN,1768176000000,0.313103,,,,,okx
3598,NEARUSDT,LONG,4h,1.723,1.81511,1.653917,48,BUY,BUY_LIMIT,3,60,TRENDING,Oracle NEUTRAL +3/5 | BUY_LIMIT 60%,1767960000000,backtest,LOSS,1768219200000,1.653917,,,,,binance
4158,NEARUSDT,LONG,4h,1.723,1.813009,1.655493,48,BUY,BUY_LIMIT,3,60,TRENDING,Oracle NEUTRAL +3/5 | BUY_LIMIT 60%,1767960000000,backtest,LOSS,1768219200000,1.655493,,,,,okx
3524,FETUSDT,LONG,4h,0.2882,0.313551,0.269186,48,BUY,BUY_LIMIT,3,60,TRENDING,Oracle NEUTRAL +3/5 | BUY_LIMIT 60%,1767960000000,backtest,WIN,1768176000000,0.313551,,,,,binance
3360,TRXUSDT,LONG,4h,0.2965,0.299858,0.293982,66,STRONG_BUY,BUY_LIMIT,4,60,TRENDING,Oracle BULLISH +4/5 | BUY_LIMIT 60%,1767960000000,backtest,WIN,1768060800000,0.299858,,,,,binance
3680,ARBUSDT,SHORT,4h,0.206,0.195603,0.213798,66,SELL,SELL_LIMIT,-4,60,TRENDING,Oracle NEUTRAL -4/5 | SELL_LIMIT 60%,1768003200000,backtest,LOSS,1768305600000,0.213798,,,,,binance
3599,NEARUSDT,LONG,4h,1.714,1.795805,1.652647,48,BUY,BUY_LIMIT,3,60,SLEEPING,Oracle NEUTRAL +3/5 | BUY_LIMIT 60%,1768060800000,backtest,LOSS,1768219200000,1.652647,,,,,binance
3681,ARBUSDT,SHORT,4h,0.2069,0.19743,0.214002,48,SELL,SELL_LIMIT,-3,60,SLEEPING,Oracle NEUTRAL -3/5 | SELL_LIMIT 60%,1768075200000,backtest,LOSS,1768305600000,0.214002,,,,,binance
3682,ARBUSDT,SHORT,4h,0.2068,0.198527,0.213005,48,STRONG_SELL,SELL_LIMIT,-3,60,SLEEPING,Oracle BEARISH -3/5 | SELL_LIMIT 60%,1768132800000,backtest,LOSS,1768305600000,0.213005,,,,,binance
3848,DOGEUSDT,SHORT,4h,0.13817,0.132923,0.142105,48,STRONG_SELL,SELL_LIMIT,-3,60,SLEEPING,Oracle BEARISH -3/5 | SELL_LIMIT 60%,1768132800000,backtest,LOSS,1768176000000,0.142105,,,,,binance
3600,NEARUSDT,LONG,4h,1.721,1.793764,1.666427,48,BUY,BUY_LIMIT,3,60,SLEEPING,Oracle NEUTRAL +3/5 | BUY_LIMIT 60%,1768147200000,backtest,LOSS,1768204800000,1.666427,,,,,binance
3601,NEARUSDT,LONG,4h,1.736,1.818802,1.673899,48,BUY,BUY_LIMIT,3,60,SLEEPING,Oracle NEUTRAL +3/5 | BUY_LIMIT 60%,1768176000000,backtest,LOSS,1768204800000,1.673899,,,,,binance
3849,DOGEUSDT,SHORT,4h,0.13793,0.132146,0.142268,48,STRONG_SELL,SELL_LIMIT,-3,60,SLEEPING,Oracle BEARISH -3/5 | SELL_LIMIT 60%,1768190400000,backtest,LOSS,1768305600000,0.142268,,,,,binance
3683,ARBUSDT,SHORT,4h,0.205,0.195724,0.211957,48,STRONG_SELL,SELL_LIMIT,-3,60,SLEEPING,Oracle BEARISH -3/5 | SELL_LIMIT 60%,1768190400000,backtest,LOSS,1768305600000,0.211957,,,,,binance
3361,TRXUSDT,LONG,4h,0.2987,0.302575,0.295794,48,STRONG_BUY,BUY_LIMIT,3,60,SLEEPING,Oracle BULLISH +3/5 | BUY_LIMIT 60%,1768219200000,backtest,WIN,1768305600000,0.302575,,,,,binance
3602,NEARUSDT,LONG,4h,1.74,1.834651,1.669012,48,BUY,BUY_LIMIT,3,60,SLEEPING,Oracle NEUTRAL +3/5 | BUY_LIMIT 60%,1768276800000,backtest,WIN,1768320000000,1.834651,,,,,binance
3773,ATOMUSDT,LONG,4h,2.626,2.752129,2.531403,66,STRONG_BUY,BUY_LIMIT,4,60,SLEEPING,Oracle BULLISH +4/5 | BUY_LIMIT 60%,1768305600000,backtest,LOSS,1768435200000,2.531403,,,,,binance
3956,APTUSDT,LONG,4h,1.911,1.997181,1.846364,48,BUY,BUY_LIMIT,3,60,SLEEPING,Oracle BEARISH +3/5 | BUY_LIMIT 60%,1768305600000,backtest,WIN,1768320000000,1.997181,,,,,binance
3039,BTCUSDT,LONG,4h,93449.99,95316.6524,92049.9932,48,BUY,BUY_LIMIT,3,60,SLEEPING,Oracle NEUTRAL +3/5 | BUY_LIMIT 60%,1768305600000,backtest,WIN,1768334400000,95316.6524,,,,,binance
3525,FETUSDT,LONG,4h,0.2873,0.308876,0.271118,48,BUY,BUY_LIMIT,3,60,SLEEPING,Oracle NEUTRAL +3/5 | BUY_LIMIT 60%,1768305600000,backtest,LOSS,1768492800000,0.271118,,,,,binance
3362,TRXUSDT,LONG,4h,0.3015,0.3055,0.2985,66,STRONG_BUY,BUY_LIMIT,4,60,SLEEPING,Oracle BULLISH +4/5 | BUY_LIMIT 60%,1768305600000,backtest,WIN,1768334400000,0.3055,,,,,binance
3221,ETHUSDT,LONG,4h,3215.9,3296.876449,3155.167663,48,BUY,BUY_LIMIT,3,60,SLEEPING,Oracle NEUTRAL +3/5 | BUY_LIMIT 60%,1768320000000,backtest,WIN,1768334400000,3296.876449,,,,,binance
3850,DOGEUSDT,LONG,4h,0.14439,0.150064,0.140135,48,BUY,BUY_LIMIT,3,60,SLEEPING,Oracle BEARISH +3/5 | BUY_LIMIT 60%,1768320000000,backtest,WIN,1768334400000,0.150064,,,,,binance
3684,ARBUSDT,LONG,4h,0.2168,0.226107,0.20982,48,BUY,BUY_LIMIT,3,60,SLEEPING,Oracle NEUTRAL +3/5 | BUY_LIMIT 60%,1768320000000,backtest,LOSS,1768478400000,0.20982,,,,,binance
4159,NEARUSDT,LONG,4h,1.859,1.96071,1.782717,48,BUY,BUY_LIMIT,3,60,TRENDING,Oracle NEUTRAL +3/5 | BUY_LIMIT 60%,1768334400000,backtest,LOSS,1768435200000,1.782717,,,,,okx
3446,XRPUSDT,LONG,4h,2.1655,2.244534,2.106224,48,BUY,BUY_LIMIT,3,60,TRENDING,Oracle BEARISH +3/5 | BUY_LIMIT 60%,1768334400000,backtest,LOSS,1768435200000,2.106224,,,,,binance
3851,DOGEUSDT,LONG,4h,0.14847,0.154689,0.143806,66,BUY,BUY_LIMIT,4,60,TRENDING,Oracle BEARISH +4/5 | BUY_LIMIT 60%,1768363200000,backtest,LOSS,1768435200000,0.143806,,,,,binance
3685,ARBUSDT,LONG,4h,0.2225,0.232282,0.215164,66,BUY,BUY_LIMIT,4,60,TRENDING,Oracle BEARISH +4/5 | BUY_LIMIT 60%,1768363200000,backtest,LOSS,1768435200000,0.215164,,,,,binance
3288,BNBUSDT,LONG,4h,937.45,959.491379,920.918966,66,STRONG_BUY,BUY_LIMIT,4,60,TRENDING,Oracle BULLISH +4/5 | BUY_LIMIT 60%,1768363200000,backtest,WIN,1768651200000,959.491379,,,,,binance
3222,ETHUSDT,LONG,4h,3286.22,3386.152267,3211.270799,66,STRONG_BUY,BUY_LIMIT,4,60,TRENDING,Oracle BULLISH +4/5 | BUY_LIMIT 60%,1768377600000,backtest,WIN,1768406400000,3386.152267,,,,,binance
3040,BTCUSDT,LONG,4h,94792.99,96804.043024,93284.700232,66,BUY,BUY_LIMIT,4,60,TRENDING,Oracle NEUTRAL +4/5 | BUY_LIMIT 60%,1768377600000,backtest,WIN,1768392000000,96804.043024,,,,,binance
3981,ETHUSDT,LONG,4h,3286.35,3388.181627,3209.97628,66,STRONG_BUY,BUY_LIMIT,4,60,TRENDING,Oracle BULLISH +4/5 | BUY_LIMIT 60%,1768377600000,backtest,WIN,1768406400000,3388.181627,,,,,okx
4087,BTCUSDT,LONG,4h,94797.7,96808.788838,93289.383371,66,BUY,BUY_LIMIT,4,60,TRENDING,Oracle NEUTRAL +4/5 | BUY_LIMIT 60%,1768377600000,backtest,WIN,1768392000000,96808.788838,,,,,okx
3686,ARBUSDT,LONG,4h,0.2155,0.225993,0.20763,66,BUY,BUY_LIMIT,4,60,TRENDING,Oracle BEARISH +4/5 | BUY_LIMIT 60%,1768449600000,backtest,LOSS,1768478400000,0.20763,,,,,binance
3852,DOGEUSDT,LONG,4h,0.14417,0.150732,0.139249,48,BUY,BUY_LIMIT,3,60,TRENDING,Oracle BEARISH +3/5 | BUY_LIMIT 60%,1768449600000,backtest,LOSS,1768492800000,0.139249,,,,,binance
3957,APTUSDT,SHORT,4h,1.784,1.673815,1.866639,66,STRONG_SELL,SELL_LIMIT,-4,60,TRENDING,Oracle BEARISH -4/5 | SELL_LIMIT 60%,1768492800000,backtest,LOSS,1768636800000,1.866639,,,,,binance
3687,ARBUSDT,SHORT,4h,0.2075,0.196223,0.215958,48,STRONG_SELL,SELL_LIMIT,-3,60,TRENDING,Oracle BEARISH -3/5 | SELL_LIMIT 60%,1768492800000,backtest,LOSS,1768636800000,0.215958,,,,,binance
3688,ARBUSDT,SHORT,4h,0.2075,0.19672,0.215585,48,STRONG_SELL,SELL_LIMIT,-3,60,TRENDING,Oracle BEARISH -3/5 | SELL_LIMIT 60%,1768521600000,backtest,LOSS,1768636800000,0.215585,,,,,binance
3853,DOGEUSDT,SHORT,4h,0.13802,0.13203,0.142512,48,STRONG_SELL,SELL_LIMIT,-3,60,TRENDING,Oracle BEARISH -3/5 | SELL_LIMIT 60%,1768550400000,backtest,WIN,1768766400000,0.13203,,,,,binance
4185,DOGEUSDT,SHORT,4h,0.13804,0.132086,0.142505,48,STRONG_SELL,SELL_LIMIT,-3,60,TRENDING,Oracle BEARISH -3/5 | SELL_LIMIT 60%,1768550400000,backtest,WIN,1768766400000,0.132086,,,,,okx
4064,STRKUSDT,SHORT,4h,0.08272,0.077962,0.086289,66,SELL,SELL_LIMIT,-4,60,TRENDING,Oracle NEUTRAL -4/5 | SELL_LIMIT 60%,1768564800000,backtest,LOSS,1768622400000,0.086289,,,,,okx
3603,NEARUSDT,SHORT,4h,1.688,1.59036,1.76123,48,SELL,SELL_LIMIT,-3,60,TRENDING,Oracle NEUTRAL -3/5 | SELL_LIMIT 60%,1768564800000,backtest,LOSS,1768622400000,1.76123,,,,,binance
3689,ARBUSDT,SHORT,4h,0.2047,0.194147,0.212614,66,STRONG_SELL,SELL_LIMIT,-4,60,TRENDING,Oracle BEARISH -4/5 | SELL_LIMIT 60%,1768564800000,backtest,LOSS,1768622400000,0.212614,,,,,binance
3447,XRPUSDT,SHORT,4h,2.0325,1.957296,2.088903,48,STRONG_SELL,SELL_LIMIT,-3,60,TRENDING,Oracle BEARISH -3/5 | SELL_LIMIT 60%,1768564800000,backtest,WIN,1768780800000,1.957296,,,,,binance
4103,XRPUSDT,SHORT,4h,2.0322,1.957591,2.088157,48,STRONG_SELL,SELL_LIMIT,-3,60,TRENDING,Oracle BEARISH -3/5 | SELL_LIMIT 60%,1768564800000,backtest,WIN,1768780800000,1.957591,,,,,okx
4160,NEARUSDT,SHORT,4h,1.688,1.592202,1.759848,48,SELL,SELL_LIMIT,-3,60,TRENDING,Oracle NEUTRAL -3/5 | SELL_LIMIT 60%,1768564800000,backtest,LOSS,1768622400000,1.759848,,,,,okx
3041,BTCUSDT,LONG,4h,95550.94,97663.012397,93966.885703,48,BUY,BUY_LIMIT,3,60,TRENDING,Oracle NEUTRAL +3/5 | BUY_LIMIT 60%,1768593600000,backtest,LOSS,1768766400000,93966.885703,,,,,binance
4088,BTCUSDT,LONG,4h,95560,97655.227338,93988.579496,48,BUY,BUY_LIMIT,3,60,TRENDING,Oracle NEUTRAL +3/5 | BUY_LIMIT 60%,1768593600000,backtest,LOSS,1768766400000,93988.579496,,,,,okx
3289,BNBUSDT,LONG,4h,942.93,962.049221,928.590585,48,STRONG_BUY,BUY_LIMIT,3,60,TRENDING,Oracle BULLISH +3/5 | BUY_LIMIT 60%,1768636800000,backtest,LOSS,1768780800000,928.590585,,,,,binance
3690,ARBUSDT,LONG,4h,0.2221,0.232161,0.214554,48,BUY,BUY_LIMIT,3,60,TRENDING,Oracle BEARISH +3/5 | BUY_LIMIT 60%,1768651200000,backtest,LOSS,1768680000000,0.214554,,,,,binance
3982,ETHUSDT,LONG,4h,3329.79,3415.60207,3265.430947,48,STRONG_BUY,BUY_LIMIT,3,60,TRENDING,Oracle BULLISH +3/5 | BUY_LIMIT 60%,1768651200000,backtest,LOSS,1768780800000,3265.430947,,,,,okx
3526,FETUSDT,LONG,4h,0.2849,0.302528,0.271679,48,BUY,BUY_LIMIT,3,60,TRENDING,Oracle NEUTRAL +3/5 | BUY_LIMIT 60%,1768651200000,backtest,LOSS,1768737600000,0.271679,,,,,binance
4089,BTCUSDT,LONG,4h,95571,97322.353061,94257.485204,48,BUY,BUY_LIMIT,3,60,TRENDING,Oracle NEUTRAL +3/5 | BUY_LIMIT 60%,1768651200000,backtest,LOSS,1768766400000,94257.485204,,,,,okx
3042,BTCUSDT,LONG,4h,95573.64,97331.075526,94255.563356,48,BUY,BUY_LIMIT,3,60,TRENDING,Oracle NEUTRAL +3/5 | BUY_LIMIT 60%,1768651200000,backtest,LOSS,1768766400000,94255.563356,,,,,binance
3223,ETHUSDT,LONG,4h,3329.95,3414.961211,3266.191592,48,STRONG_BUY,BUY_LIMIT,3,60,TRENDING,Oracle BULLISH +3/5 | BUY_LIMIT 60%,1768651200000,backtest,LOSS,1768780800000,3266.191592,,,,,binance
4010,FETUSDT,LONG,4h,0.2846,0.301767,0.271725,48,BUY,BUY_LIMIT,3,60,TRENDING,Oracle NEUTRAL +3/5 | BUY_LIMIT 60%,1768651200000,backtest,LOSS,1768737600000,0.271725,,,,,okx
4186,DOGEUSDT,SHORT,4h,0.13873,0.133814,0.142417,48,STRONG_SELL,SELL_LIMIT,-3,60,TRENDING,Oracle BEARISH -3/5 | SELL_LIMIT 60%,1768665600000,backtest,WIN,1768766400000,0.133814,,,,,okx
3854,DOGEUSDT,SHORT,4h,0.13869,0.133756,0.14239,48,STRONG_SELL,SELL_LIMIT,-3,60,TRENDING,Oracle BEARISH -3/5 | SELL_LIMIT 60%,1768665600000,backtest,WIN,1768766400000,0.133756,,,,,binance
4065,STRKUSDT,SHORT,4h,0.08468,0.080617,0.087727,48,SELL,SELL_LIMIT,-3,60,TRENDING,Oracle NEUTRAL -3/5 | SELL_LIMIT 60%,1768680000000,backtest,LOSS,1768752000000,0.087727,,,,,okx
3958,APTUSDT,SHORT,4h,1.833,1.739998,1.902752,48,STRONG_SELL,SELL_LIMIT,-3,60,TRENDING,Oracle BEARISH -3/5 | SELL_LIMIT 60%,1768694400000,backtest,WIN,1768766400000,1.739998,,,,,binance
3448,XRPUSDT,SHORT,4h,2.0524,1.997624,2.093482,48,STRONG_SELL,SELL_LIMIT,-3,60,SLEEPING,Oracle BEARISH -3/5 | SELL_LIMIT 60%,1768708800000,backtest,WIN,1768766400000,1.997624,,,,,binance
3691,ARBUSDT,LONG,4h,0.2161,0.22595,0.208712,48,BUY,BUY_LIMIT,3,60,SLEEPING,Oracle BEARISH +3/5 | BUY_LIMIT 60%,1768723200000,backtest,LOSS,1768766400000,0.208712,,,,,binance
3224,ETHUSDT,LONG,4h,3322,3392.901963,3268.823528,48,BUY,BUY_LIMIT,3,60,SLEEPING,Oracle NEUTRAL +3/5 | BUY_LIMIT 60%,1768723200000,backtest,LOSS,1768780800000,3268.823528,,,,,binance
3449,XRPUSDT,SHORT,4h,2.0507,1.999744,2.088917,48,STRONG_SELL,SELL_LIMIT,-3,60,SLEEPING,Oracle BEARISH -3/5 | SELL_LIMIT 60%,1768737600000,backtest,WIN,1768766400000,1.999744,,,,,binance
3604,NEARUSDT,SHORT,4h,1.629,1.538507,1.69687,48,SELL,SELL_LIMIT,-3,60,SLEEPING,Oracle NEUTRAL -3/5 | SELL_LIMIT 60%,1768766400000,backtest,WIN,1768780800000,1.538507,,,,,binance
3692,ARBUSDT,SHORT,4h,0.2061,0.194873,0.21452,48,STRONG_SELL,SELL_LIMIT,-3,60,SLEEPING,Oracle BEARISH -3/5 | SELL_LIMIT 60%,1768766400000,backtest,WIN,1768780800000,0.194873,,,,,binance
3959,APTUSDT,SHORT,4h,1.724,1.627843,1.796118,66,STRONG_SELL,SELL_LIMIT,-4,60,SLEEPING,Oracle BEARISH -4/5 | SELL_LIMIT 60%,1768766400000,backtest,WIN,1768780800000,1.627843,,,,,binance
4104,XRPUSDT,SHORT,4h,1.9728,1.90245,2.025562,66,STRONG_SELL,SELL_LIMIT,-4,60,TRENDING,Oracle BEARISH -4/5 | SELL_LIMIT 60%,1768809600000,backtest,LOSS,1768838400000,2.025562,,,,,okx
3450,XRPUSDT,SHORT,4h,1.9729,1.902281,2.025864,66,STRONG_SELL,SELL_LIMIT,-4,60,TRENDING,Oracle BEARISH -4/5 | SELL_LIMIT 60%,1768809600000,backtest,LOSS,1768838400000,2.025864,,,,,binance
4011,FETUSDT,SHORT,4h,0.2491,0.230597,0.262977,66,STRONG_SELL,SELL_LIMIT,-4,60,TRENDING,Oracle BEARISH -4/5 | SELL_LIMIT 60%,1768838400000,backtest,WIN,1768924800000,0.230597,,,,,okx
3527,FETUSDT,SHORT,4h,0.2495,0.230541,0.263719,66,STRONG_SELL,SELL_LIMIT,-4,60,TRENDING,Oracle BEARISH -4/5 | SELL_LIMIT 60%,1768838400000,backtest,WIN,1768924800000,0.230541,,,,,binance
3605,NEARUSDT,SHORT,4h,1.607,1.504538,1.683846,66,STRONG_SELL,SELL_LIMIT,-4,60,TRENDING,Oracle BEARISH -4/5 | SELL_LIMIT 60%,1768838400000,backtest,WIN,1768939200000,1.504538,,,,,binance
3855,DOGEUSDT,SHORT,4h,0.12988,0.124453,0.133951,66,STRONG_SELL,SELL_LIMIT,-4,60,TRENDING,Oracle BEARISH -4/5 | SELL_LIMIT 60%,1768838400000,backtest,WIN,1768910400000,0.124453,,,,,binance
4161,NEARUSDT,SHORT,4h,1.607,1.505516,1.683113,66,STRONG_SELL,SELL_LIMIT,-4,60,TRENDING,Oracle BEARISH -4/5 | SELL_LIMIT 60%,1768838400000,backtest,WIN,1768939200000,1.505516,,,,,okx
3983,ETHUSDT,SHORT,4h,2959.98,2780.06774,3049.93613,66,STRONG_SELL,SELL_LIMIT,-4,60,SUPER TREND,Oracle BEARISH -4/5 | SELL_LIMIT 60%,1769184000000,backtest,WIN,1769702400000,2780.06774,,,,,okx
4128,POLUSDT,SHORT,4h,0.1288,0.117254,0.134573,66,STRONG_SELL,SELL_LIMIT,-4,60,SUPER TREND,Oracle BEARISH -4/5 | SELL_LIMIT 60%,1769184000000,backtest,WIN,1769356800000,0.117254,,,,,okx
3225,ETHUSDT,SHORT,4h,2959.8,2781.208347,3049.095827,66,STRONG_SELL,SELL_LIMIT,-4,60,SUPER TREND,Oracle BEARISH -4/5 | SELL_LIMIT 60%,1769184000000,backtest,WIN,1769702400000,2781.208347,,,,,binance
4040,ATOMUSDT,SHORT,4h,2.356,2.187857,2.440072,48,SELL,SELL_LIMIT,-3,60,SUPER TREND,Oracle NEUTRAL -3/5 | SELL_LIMIT 60%,1769212800000,backtest,WIN,1769500800000,2.187857,,,,,okx
3774,ATOMUSDT,SHORT,4h,2.244,2.157707,2.30872,48,STRONG_SELL,SELL_LIMIT,-3,60,TRENDING,Oracle BEARISH -3/5 | SELL_LIMIT 60%,1769544000000,backtest,WIN,1769673600000,2.157707,,,,,binance
3363,TRXUSDT,SHORT,4h,0.2947,0.29116,0.297355,66,SELL,SELL_LIMIT,-4,60,TRENDING,Oracle NEUTRAL -4/5 | SELL_LIMIT 60%,1769544000000,backtest,WIN,1769616000000,0.29116,,,,,binance
3290,BNBUSDT,LONG,4h,898.36,916.143225,885.022581,66,STRONG_BUY,BUY_LIMIT,4,60,TRENDING,Oracle BULLISH +4/5 | BUY_LIMIT 60%,1769544000000,backtest,LOSS,1769688000000,885.022581,,,,,binance
3606,NEARUSDT,SHORT,4h,1.476,1.416584,1.520562,48,STRONG_SELL,SELL_LIMIT,-3,60,TRENDING,Oracle BEARISH -3/5 | SELL_LIMIT 60%,1769558400000,backtest,WIN,1769688000000,1.416584,,,,,binance
4066,STRKUSDT,SHORT,4h,0.06928,0.066221,0.071574,48,STRONG_SELL,SELL_LIMIT,-3,60,TRENDING,Oracle BEARISH -3/5 | SELL_LIMIT 60%,1769558400000,backtest,WIN,1769688000000,0.066221,,,,,okx
4162,NEARUSDT,SHORT,4h,1.476,1.417565,1.519826,48,STRONG_SELL,SELL_LIMIT,-3,60,TRENDING,Oracle BEARISH -3/5 | SELL_LIMIT 60%,1769558400000,backtest,WIN,1769688000000,1.417565,,,,,okx
4041,ATOMUSDT,SHORT,4h,2.245,2.159631,2.309027,48,STRONG_SELL,SELL_LIMIT,-3,60,TRENDING,Oracle BEARISH -3/5 | SELL_LIMIT 60%,1769601600000,backtest,WIN,1769688000000,2.159631,,,,,okx
3775,ATOMUSDT,SHORT,4h,2.247,2.160954,2.311535,48,STRONG_SELL,SELL_LIMIT,-3,60,TRENDING,Oracle BEARISH -3/5 | SELL_LIMIT 60%,1769601600000,backtest,WIN,1769673600000,2.160954,,,,,binance
4163,NEARUSDT,SHORT,4h,1.467,1.408486,1.510886,48,STRONG_SELL,SELL_LIMIT,-3,60,TRENDING,Oracle BEARISH -3/5 | SELL_LIMIT 60%,1769601600000,backtest,WIN,1769688000000,1.408486,,,,,okx
3693,ARBUSDT,SHORT,4h,0.1689,0.16211,0.173993,66,STRONG_SELL,SELL_LIMIT,-4,60,TRENDING,Oracle BEARISH -4/5 | SELL_LIMIT 60%,1769601600000,backtest,WIN,1769688000000,0.16211,,,,,binance
4129,POLUSDT,SHORT,4h,0.1168,0.111202,0.120998,66,STRONG_SELL,SELL_LIMIT,-4,60,TRENDING,Oracle BEARISH -4/5 | SELL_LIMIT 60%,1769601600000,backtest,WIN,1769688000000,0.111202,,,,,okx
4067,STRKUSDT,SHORT,4h,0.06837,0.065312,0.070664,48,STRONG_SELL,SELL_LIMIT,-3,60,TRENDING,Oracle BEARISH -3/5 | SELL_LIMIT 60%,1769601600000,backtest,WIN,1769688000000,0.065312,,,,,okx
3607,NEARUSDT,SHORT,4h,1.467,1.407301,1.511774,48,STRONG_SELL,SELL_LIMIT,-3,60,TRENDING,Oracle BEARISH -3/5 | SELL_LIMIT 60%,1769601600000,backtest,WIN,1769688000000,1.407301,,,,,binance
4012,FETUSDT,SHORT,4h,0.165,0.145432,0.174784,48,STRONG_SELL,SELL_LIMIT,-3,60,SUPER TREND,Oracle BEARISH -3/5 | SELL_LIMIT 60%,1770523200000,backtest,LOSS,1771070400000,0.174784,,,,,okx
4187,DOGEUSDT,SHORT,4h,0.09687,0.086572,0.102019,48,STRONG_SELL,SELL_LIMIT,-3,60,SUPER TREND,Oracle BEARISH -3/5 | SELL_LIMIT 60%,1770523200000,backtest,LOSS,1771070400000,0.102019,,,,,okx
4068,STRKUSDT,SHORT,4h,0.04975,0.044063,0.052594,48,STRONG_SELL,SELL_LIMIT,-3,60,SUPER TREND,Oracle BEARISH -3/5 | SELL_LIMIT 60%,1770523200000,backtest,LOSS,1771099200000,0.052594,,,,,okx
3856,DOGEUSDT,SHORT,4h,0.09687,0.086557,0.102026,48,STRONG_SELL,SELL_LIMIT,-3,60,SUPER TREND,Oracle BEARISH -3/5 | SELL_LIMIT 60%,1770523200000,backtest,LOSS,1771070400000,0.102026,,,,,binance
3960,APTUSDT,SHORT,4h,1.09,0.956705,1.156648,48,STRONG_SELL,SELL_LIMIT,-3,60,SUPER TREND,Oracle BEARISH -3/5 | SELL_LIMIT 60%,1770523200000,backtest,WIN,1770796800000,0.956705,,,,,binance
3694,ARBUSDT,SHORT,4h,0.1181,0.103406,0.125447,48,STRONG_SELL,SELL_LIMIT,-3,60,SUPER TREND,Oracle BEARISH -3/5 | SELL_LIMIT 60%,1770523200000,backtest,REVIEW,,,,,,,binance
3291,BNBUSDT,SHORT,4h,643.22,583.838266,672.910867,48,STRONG_SELL,SELL_LIMIT,-3,60,SUPER TREND,Oracle BEARISH -3/5 | SELL_LIMIT 60%,1770523200000,backtest,REVIEW,,,,,,,binance
4164,NEARUSDT,SHORT,4h,1.062,0.938726,1.123637,48,STRONG_SELL,SELL_LIMIT,-3,60,SUPER TREND,Oracle BEARISH -3/5 | SELL_LIMIT 60%,1770523200000,backtest,WIN,1770912000000,0.938726,,,,,okx
3528,FETUSDT,SHORT,4h,0.165,0.144987,0.175006,48,STRONG_SELL,SELL_LIMIT,-3,60,SUPER TREND,Oracle BEARISH -3/5 | SELL_LIMIT 60%,1770523200000,backtest,LOSS,1771084800000,0.175006,,,,,binance
3608,NEARUSDT,SHORT,4h,1.062,0.935191,1.125405,48,STRONG_SELL,SELL_LIMIT,-3,60,SUPER TREND,Oracle BEARISH -3/5 | SELL_LIMIT 60%,1770523200000,backtest,WIN,1770912000000,0.935191,,,,,binance
3609,NEARUSDT,SHORT,4h,1.057,0.937358,1.116821,48,STRONG_SELL,SELL_LIMIT,-3,60,SUPER TREND,Oracle BEARISH -3/5 | SELL_LIMIT 60%,1770552000000,backtest,WIN,1770912000000,0.937358,,,,,binance
3529,FETUSDT,SHORT,4h,0.1648,0.14586,0.17427,48,STRONG_SELL,SELL_LIMIT,-3,60,SUPER TREND,Oracle BEARISH -3/5 | SELL_LIMIT 60%,1770552000000,backtest,LOSS,1771070400000,0.17427,,,,,binance
4069,STRKUSDT,SHORT,4h,0.04998,0.044421,0.052759,48,STRONG_SELL,SELL_LIMIT,-3,60,SUPER TREND,Oracle BEARISH -3/5 | SELL_LIMIT 60%,1770552000000,backtest,REVIEW,,,,,,,okx
4165,NEARUSDT,SHORT,4h,1.056,0.940019,1.113991,48,STRONG_SELL,SELL_LIMIT,-3,60,SUPER TREND,Oracle BEARISH -3/5 | SELL_LIMIT 60%,1770552000000,backtest,WIN,1770811200000,0.940019,,,,,okx
3695,ARBUSDT,SHORT,4h,0.1178,0.1041,0.12465,48,STRONG_SELL,SELL_LIMIT,-3,60,SUPER TREND,Oracle BEARISH -3/5 | SELL_LIMIT 60%,1770552000000,backtest,REVIEW,,,,,,,binance
4013,FETUSDT,SHORT,4h,0.1644,0.146218,0.173491,48,STRONG_SELL,SELL_LIMIT,-3,60,SUPER TREND,Oracle BEARISH -3/5 | SELL_LIMIT 60%,1770566400000,backtest,LOSS,1771056000000,0.173491,,,,,okx
3292,BNBUSDT,SHORT,4h,639.93,585.058078,667.365961,48,STRONG_SELL,SELL_LIMIT,-3,60,SUPER TREND,Oracle BEARISH -3/5 | SELL_LIMIT 60%,1770580800000,backtest,REVIEW,,,,,,,binance
3776,ATOMUSDT,SHORT,4h,1.95,1.764327,2.042836,48,STRONG_SELL,SELL_LIMIT,-3,60,SUPER TREND,Oracle BEARISH -3/5 | SELL_LIMIT 60%,1770580800000,backtest,LOSS,1770984000000,2.042836,,,,,binance
3857,DOGEUSDT,SHORT,4h,0.09663,0.086956,0.101467,48,STRONG_SELL,SELL_LIMIT,-3,60,SUPER TREND,Oracle BEARISH -3/5 | SELL_LIMIT 60%,1770580800000,backtest,LOSS,1771070400000,0.101467,,,,,binance
4188,DOGEUSDT,SHORT,4h,0.09664,0.086984,0.101468,48,STRONG_SELL,SELL_LIMIT,-3,60,SUPER TREND,Oracle BEARISH -3/5 | SELL_LIMIT 60%,1770580800000,backtest,LOSS,1771070400000,0.101468,,,,,okx
3226,ETHUSDT,SHORT,4h,2065.74,1922.810394,2172.937205,48,STRONG_SELL,SELL_LIMIT,-3,60,TRENDING,Oracle BEARISH -3/5 | SELL_LIMIT 60%,1770609600000,backtest,WIN,1770811200000,1922.810394,,,,,binance
3777,ATOMUSDT,SHORT,4h,1.965,1.848749,2.052188,48,STRONG_SELL,SELL_LIMIT,-3,60,TRENDING,Oracle BEARISH -3/5 | SELL_LIMIT 60%,1770609600000,backtest,LOSS,1770984000000,2.052188,,,,,binance
3984,ETHUSDT,SHORT,4h,2065.9,1921.952362,2173.860729,48,STRONG_SELL,SELL_LIMIT,-3,60,TRENDING,Oracle BEARISH -3/5 | SELL_LIMIT 60%,1770609600000,backtest,WIN,1770811200000,1921.952362,,,,,okx
4042,ATOMUSDT,LONG,4h,2.177,2.265348,2.110739,66,BUY,BUY_LIMIT,4,60,TRENDING,Oracle NEUTRAL +4/5 | BUY_LIMIT 60%,1771113600000,backtest,LOSS,1771156800000,2.110739,,,,,okx
3778,ATOMUSDT,LONG,4h,2.166,2.259136,2.096148,66,BUY,BUY_LIMIT,4,60,TRENDING,Oracle NEUTRAL +4/5 | BUY_LIMIT 60%,1771142400000,backtest,LOSS,1771156800000,2.096148,,,,,binance
3227,ETHUSDT,SHORT,4h,1958.78,1865.441927,2028.783555,66,SELL,SELL_LIMIT,-4,60,SLEEPING,Oracle NEUTRAL -4/5 | SELL_LIMIT 60%,1771200000000,backtest,LOSS,1771401600000,2028.783555,,,,,binance
3858,DOGEUSDT,SHORT,4h,0.10161,0.09525,0.10638,48,STRONG_SELL,SELL_LIMIT,-3,60,SLEEPING,Oracle BEARISH -3/5 | SELL_LIMIT 60%,1771228800000,backtest,WIN,1771761600000,0.09525,,,,,binance
3961,APTUSDT,SHORT,4h,0.912,0.858949,0.951788,66,STRONG_SELL,SELL_LIMIT,-4,60,SLEEPING,Oracle BEARISH -4/5 | SELL_LIMIT 60%,1771228800000,backtest,WIN,1771488000000,0.858949,,,,,binance
3293,BNBUSDT,SHORT,4h,607.89,588.712309,622.273269,48,STRONG_SELL,SELL_LIMIT,-3,60,SLEEPING,Oracle BEARISH -3/5 | SELL_LIMIT 60%,1771545600000,backtest,LOSS,1771603200000,622.273269,,,,,binance
3530,FETUSDT,SHORT,4h,0.164,0.156206,0.169845,48,STRONG_SELL,SELL_LIMIT,-3,60,SLEEPING,Oracle BEARISH -3/5 | SELL_LIMIT 60%,1771545600000,backtest,LOSS,1771603200000,0.169845,,,,,binance
3451,XRPUSDT,SHORT,4h,1.4128,1.349224,1.460482,66,STRONG_SELL,SELL_LIMIT,-4,60,SLEEPING,Oracle BEARISH -4/5 | SELL_LIMIT 60%,1771545600000,backtest,LOSS,1771675200000,1.460482,,,,,binance
3610,NEARUSDT,SHORT,4h,1.011,0.967306,1.04377,48,STRONG_SELL,SELL_LIMIT,-3,60,SLEEPING,Oracle BEARISH -3/5 | SELL_LIMIT 60%,1771545600000,backtest,LOSS,1771588800000,1.04377,,,,,binance
3779,ATOMUSDT,LONG,4h,2.31,2.431939,2.218546,48,STRONG_BUY,BUY_LIMIT,3,60,SLEEPING,Oracle BULLISH +3/5 | BUY_LIMIT 60%,1771574400000,backtest,LOSS,1771804800000,2.218546,,,,,binance
3294,BNBUSDT,SHORT,4h,608.53,589.65097,622.689272,48,STRONG_SELL,SELL_LIMIT,-3,60,SLEEPING,Oracle BEARISH -3/5 | SELL_LIMIT 60%,1771574400000,backtest,LOSS,1771603200000,622.689272,,,,,binance
3364,TRXUSDT,LONG,4h,0.2862,0.289806,0.283495,66,BUY,BUY_LIMIT,4,60,SLEEPING,Oracle NEUTRAL +4/5 | BUY_LIMIT 60%,1771588800000,backtest,WIN,1771776000000,0.289806,,,,,binance
3228,ETHUSDT,SHORT,4h,1963.69,1885.986571,2021.967572,48,STRONG_SELL,SELL_LIMIT,-3,60,SLEEPING,Oracle BEARISH -3/5 | SELL_LIMIT 60%,1771603200000,backtest,WIN,1771804800000,1885.986571,,,,,binance
3696,ARBUSDT,SHORT,4h,0.1001,0.094209,0.104518,66,STRONG_SELL,SELL_LIMIT,-4,60,SLEEPING,Oracle BEARISH -4/5 | SELL_LIMIT 60%,1771646400000,backtest,LOSS,1771660800000,0.104518,,,,,binance
3365,TRXUSDT,LONG,4h,0.2862,0.289522,0.283708,66,BUY,BUY_LIMIT,4,60,SLEEPING,Oracle NEUTRAL +4/5 | BUY_LIMIT 60%,1771660800000,backtest,WIN,1771704000000,0.289522,,,,,binance
3859,DOGEUSDT,SHORT,4h,0.09841,0.094623,0.10125,48,STRONG_SELL,SELL_LIMIT,-3,60,SLEEPING,Oracle BEARISH -3/5 | SELL_LIMIT 60%,1771704000000,backtest,WIN,1771790400000,0.094623,,,,,binance
3962,APTUSDT,SHORT,4h,0.861,0.820812,0.891141,66,STRONG_SELL,SELL_LIMIT,-4,60,SLEEPING,Oracle BEARISH -4/5 | SELL_LIMIT 60%,1771718400000,backtest,WIN,1771804800000,0.820812,,,,,binance
3531,FETUSDT,SHORT,4h,0.1629,0.155717,0.168287,48,STRONG_SELL,SELL_LIMIT,-3,60,SLEEPING,Oracle BEARISH -3/5 | SELL_LIMIT 60%,1771718400000,backtest,WIN,1771804800000,0.155717,,,,,binance
3452,XRPUSDT,SHORT,4h,1.3934,1.345086,1.429636,48,STRONG_SELL,SELL_LIMIT,-3,60,SLEEPING,Oracle BEARISH -3/5 | SELL_LIMIT 60%,1771761600000,backtest,WIN,1771804800000,1.345086,,,,,binance
3229,ETHUSDT,SHORT,4h,1953.98,1898.057087,1995.922185,48,STRONG_SELL,SELL_LIMIT,-3,60,SLEEPING,Oracle BEARISH -3/5 | SELL_LIMIT 60%,1771761600000,backtest,WIN,1771804800000,1898.057087,,,,,binance
3611,NEARUSDT,SHORT,4h,1.022,0.97876,1.05443,48,STRONG_SELL,SELL_LIMIT,-3,60,SLEEPING,Oracle BEARISH -3/5 | SELL_LIMIT 60%,1771790400000,backtest,WIN,1771804800000,0.97876,,,,,binance
3295,BNBUSDT,SHORT,4h,614.8,599.985623,625.910783,48,STRONG_SELL,SELL_LIMIT,-3,60,SLEEPING,Oracle BEARISH -3/5 | SELL_LIMIT 60%,1771790400000,backtest,WIN,1771804800000,599.985623,,,,,binance
4130,POLUSDT,LONG,4h,0.1144,0.120873,0.109545,66,BUY,BUY_LIMIT,4,60,TRENDING,Oracle NEUTRAL +4/5 | BUY_LIMIT 60%,1772020800000,backtest,LOSS,1772092800000,0.109545,,,,,okx
4043,ATOMUSDT,SHORT,4h,2.092,1.985723,2.171708,66,STRONG_SELL,SELL_LIMIT,-4,60,TRENDING,Oracle BEARISH -4/5 | SELL_LIMIT 60%,1772020800000,backtest,WIN,1772049600000,1.985723,,,,,okx
3780,ATOMUSDT,SHORT,4h,2.093,1.985571,2.173572,48,STRONG_SELL,SELL_LIMIT,-3,60,TRENDING,Oracle BEARISH -3/5 | SELL_LIMIT 60%,1772020800000,backtest,WIN,1772049600000,1.985571,,,,,binance
3366,TRXUSDT,LONG,4h,0.2865,0.289837,0.283997,66,BUY,BUY_LIMIT,4,60,TRENDING,Oracle NEUTRAL +4/5 | BUY_LIMIT 60%,1772035200000,backtest,LOSS,1772193600000,0.283997,,,,,binance
3367,TRXUSDT,LONG,4h,0.2865,0.289871,0.283972,48,BUY,BUY_LIMIT,3,60,TRENDING,Oracle NEUTRAL +3/5 | BUY_LIMIT 60%,1772078400000,backtest,LOSS,1772193600000,0.283972,,,,,binance
4131,POLUSDT,LONG,4h,0.11281,0.118829,0.108296,66,BUY,BUY_LIMIT,4,60,TRENDING,Oracle NEUTRAL +4/5 | BUY_LIMIT 60%,1772150400000,backtest,LOSS,1772208000000,0.108296,,,,,okx
3697,ARBUSDT,SHORT,4h,0.0965,0.088475,0.102518,66,STRONG_SELL,SELL_LIMIT,-4,60,TRENDING,Oracle BEARISH -4/5 | SELL_LIMIT 60%,1772294400000,backtest,LOSS,1772323200000,0.102518,,,,,binance
4014,FETUSDT,SHORT,4h,0.1536,0.144058,0.160756,66,STRONG_SELL,SELL_LIMIT,-4,60,TRENDING,Oracle BEARISH -4/5 | SELL_LIMIT 60%,1772294400000,backtest,LOSS,1772323200000,0.160756,,,,,okx
3985,ETHUSDT,SHORT,4h,1947.29,1845.285474,2023.793394,66,STRONG_SELL,SELL_LIMIT,-4,60,TRENDING,Oracle BEARISH -4/5 | SELL_LIMIT 60%,1772294400000,backtest,LOSS,1772323200000,2023.793394,,,,,okx
4189,DOGEUSDT,SHORT,4h,0.09285,0.087709,0.096706,66,STRONG_SELL,SELL_LIMIT,-4,60,TRENDING,Oracle BEARISH -4/5 | SELL_LIMIT 60%,1772294400000,backtest,LOSS,1772323200000,0.096706,,,,,okx
3860,DOGEUSDT,SHORT,4h,0.09286,0.087718,0.096716,66,STRONG_SELL,SELL_LIMIT,-4,60,TRENDING,Oracle BEARISH -4/5 | SELL_LIMIT 60%,1772294400000,backtest,LOSS,1772323200000,0.096716,,,,,binance
3368,TRXUSDT,SHORT,4h,0.282,0.278845,0.284366,66,SELL,SELL_LIMIT,-4,60,TRENDING,Oracle NEUTRAL -4/5 | SELL_LIMIT 60%,1772294400000,backtest,LOSS,1772625600000,0.284366,,,,,binance
4070,STRKUSDT,SHORT,4h,0.04088,0.038395,0.042743,66,SELL,SELL_LIMIT,-4,60,TRENDING,Oracle NEUTRAL -4/5 | SELL_LIMIT 60%,1772294400000,backtest,LOSS,1772323200000,0.042743,,,,,okx
3453,XRPUSDT,SHORT,4h,1.3544,1.282848,1.408064,66,STRONG_SELL,SELL_LIMIT,-4,60,TRENDING,Oracle BEARISH -4/5 | SELL_LIMIT 60%,1772294400000,backtest,LOSS,1772323200000,1.408064,,,,,binance
4105,XRPUSDT,SHORT,4h,1.3548,1.283301,1.408424,66,STRONG_SELL,SELL_LIMIT,-4,60,TRENDING,Oracle BEARISH -4/5 | SELL_LIMIT 60%,1772294400000,backtest,LOSS,1772323200000,1.408424,,,,,okx
3532,FETUSDT,SHORT,4h,0.1536,0.143727,0.161005,66,STRONG_SELL,SELL_LIMIT,-4,60,TRENDING,Oracle BEARISH -4/5 | SELL_LIMIT 60%,1772294400000,backtest,LOSS,1772323200000,0.161005,,,,,binance
3230,ETHUSDT,SHORT,4h,1947.02,1845.411446,2023.226416,66,STRONG_SELL,SELL_LIMIT,-4,60,TRENDING,Oracle BEARISH -4/5 | SELL_LIMIT 60%,1772294400000,backtest,LOSS,1772323200000,2023.226416,,,,,binance
4132,POLUSDT,SHORT,4h,0.1066,0.099859,0.111656,48,SELL,SELL_LIMIT,-3,60,TRENDING,Oracle NEUTRAL -3/5 | SELL_LIMIT 60%,1772294400000,backtest,LOSS,1772323200000,0.111656,,,,,okx
3612,NEARUSDT,LONG,4h,1.172,1.246635,1.116024,66,BUY,BUY_LIMIT,4,60,TRENDING,Oracle NEUTRAL +4/5 | BUY_LIMIT 60%,1772308800000,backtest,LOSS,1772395200000,1.116024,,,,,binance
3533,FETUSDT,SHORT,4h,0.1548,0.144643,0.162418,48,STRONG_SELL,SELL_LIMIT,-3,60,SLEEPING,Oracle BEARISH -3/5 | SELL_LIMIT 60%,1772352000000,backtest,WIN,1772524800000,0.144643,,,,,binance
3613,NEARUSDT,LONG,4h,1.152,1.23859,1.087057,66,BUY,BUY_LIMIT,4,60,SLEEPING,Oracle BEARISH +4/5 | BUY_LIMIT 60%,1772366400000,backtest,WIN,1772452800000,1.23859,,,,,binance
3534,FETUSDT,SHORT,4h,0.1505,0.140136,0.158273,48,STRONG_SELL,SELL_LIMIT,-3,60,SLEEPING,Oracle BEARISH -3/5 | SELL_LIMIT 60%,1772380800000,backtest,LOSS,1772467200000,0.158273,,,,,binance
3698,ARBUSDT,SHORT,4h,0.0975,0.089265,0.103677,66,STRONG_SELL,SELL_LIMIT,-4,60,SLEEPING,Oracle BEARISH -4/5 | SELL_LIMIT 60%,1772380800000,backtest,LOSS,1772452800000,0.103677,,,,,binance
3963,APTUSDT,SHORT,4h,0.92,0.850065,0.972451,66,STRONG_SELL,SELL_LIMIT,-4,60,SLEEPING,Oracle BEARISH -4/5 | SELL_LIMIT 60%,1772380800000,backtest,LOSS,1772452800000,0.972451,,,,,binance
3614,NEARUSDT,LONG,4h,1.195,1.283057,1.128957,66,BUY,BUY_LIMIT,4,60,SLEEPING,Oracle NEUTRAL +4/5 | BUY_LIMIT 60%,1772409600000,backtest,WIN,1772452800000,1.283057,,,,,binance
3964,APTUSDT,SHORT,4h,0.927,0.857145,0.979391,66,SELL,SELL_LIMIT,-4,60,SLEEPING,Oracle NEUTRAL -4/5 | SELL_LIMIT 60%,1772424000000,backtest,LOSS,1772452800000,0.979391,,,,,binance
3535,FETUSDT,SHORT,4h,0.1485,0.137603,0.156673,48,STRONG_SELL,SELL_LIMIT,-3,60,SLEEPING,Oracle BEARISH -3/5 | SELL_LIMIT 60%,1772496000000,backtest,LOSS,1772625600000,0.156673,,,,,binance
3781,ATOMUSDT,SHORT,4h,1.835,1.746191,1.901607,48,STRONG_SELL,SELL_LIMIT,-3,60,SLEEPING,Oracle BEARISH -3/5 | SELL_LIMIT 60%,1772510400000,backtest,LOSS,1772611200000,1.901607,,,,,binance
3369,TRXUSDT,SHORT,4h,0.2808,0.278082,0.282838,48,SELL,SELL_LIMIT,-3,60,SLEEPING,Oracle NEUTRAL -3/5 | SELL_LIMIT 60%,1772539200000,backtest,LOSS,1772596800000,0.282838,,,,,binance
3370,TRXUSDT,LONG,4h,0.2859,0.288895,0.283653,48,BUY,BUY_LIMIT,3,60,SLEEPING,Oracle NEUTRAL +3/5 | BUY_LIMIT 60%,1772625600000,backtest,LOSS,1772712000000,0.283653,,,,,binance
3231,ETHUSDT,LONG,4h,2150.23,2276.352777,2055.637917,48,BUY,BUY_LIMIT,3,60,SLEEPING,Oracle BEARISH +3/5 | BUY_LIMIT 60%,1772625600000,backtest,LOSS,1772726400000,2055.637917,,,,,binance
3371,TRXUSDT,LONG,4h,0.2871,0.290159,0.284806,48,BUY,BUY_LIMIT,3,60,TRENDING,Oracle NEUTRAL +3/5 | BUY_LIMIT 60%,1772654400000,backtest,LOSS,1772668800000,0.284806,,,,,binance
3043,BTCUSDT,LONG,4h,72666.77,75985.762362,70177.525729,66,BUY,BUY_LIMIT,4,60,TRENDING,Oracle NEUTRAL +4/5 | BUY_LIMIT 60%,1772654400000,backtest,LOSS,1772769600000,70177.525729,,,,,binance
4133,POLUSDT,SHORT,4h,0.10038,0.094357,0.104898,48,STRONG_SELL,SELL_LIMIT,-3,60,TRENDING,Oracle BEARISH -3/5 | SELL_LIMIT 60%,1772712000000,backtest,WIN,1772913600000,0.094357,,,,,okx
4071,STRKUSDT,SHORT,4h,0.04023,0.037939,0.041948,48,STRONG_SELL,SELL_LIMIT,-3,60,TRENDING,Oracle BEARISH -3/5 | SELL_LIMIT 60%,1772712000000,backtest,WIN,1772841600000,0.037939,,,,,okx
3372,TRXUSDT,LONG,4h,0.2852,0.288717,0.282562,48,BUY,BUY_LIMIT,3,60,TRENDING,Oracle NEUTRAL +3/5 | BUY_LIMIT 60%,1772740800000,backtest,WIN,1772985600000,0.288717,,,,,binance
3782,ATOMUSDT,SHORT,4h,1.807,1.730035,1.864723,48,STRONG_SELL,SELL_LIMIT,-3,60,TRENDING,Oracle BEARISH -3/5 | SELL_LIMIT 60%,1772784000000,backtest,WIN,1772971200000,1.730035,,,,,binance
4072,STRKUSDT,SHORT,4h,0.04008,0.037962,0.041668,48,STRONG_SELL,SELL_LIMIT,-3,60,TRENDING,Oracle BEARISH -3/5 | SELL_LIMIT 60%,1772784000000,backtest,WIN,1772841600000,0.037962,,,,,okx
3536,FETUSDT,SHORT,4h,0.1499,0.141276,0.156368,48,STRONG_SELL,SELL_LIMIT,-3,60,TRENDING,Oracle BEARISH -3/5 | SELL_LIMIT 60%,1772784000000,backtest,WIN,1772928000000,0.141276,,,,,binance
4044,ATOMUSDT,SHORT,4h,1.808,1.732244,1.864817,48,STRONG_SELL,SELL_LIMIT,-3,60,TRENDING,Oracle BEARISH -3/5 | SELL_LIMIT 60%,1772784000000,backtest,WIN,1772971200000,1.732244,,,,,okx
4015,FETUSDT,SHORT,4h,0.1499,0.141616,0.156113,48,STRONG_SELL,SELL_LIMIT,-3,60,TRENDING,Oracle BEARISH -3/5 | SELL_LIMIT 60%,1772784000000,backtest,WIN,1772913600000,0.141616,,,,,okx
4134,POLUSDT,SHORT,4h,0.0992,0.093531,0.103452,48,STRONG_SELL,SELL_LIMIT,-3,60,TRENDING,Oracle BEARISH -3/5 | SELL_LIMIT 60%,1772784000000,backtest,WIN,1772928000000,0.093531,,,,,okx
3615,NEARUSDT,LONG,4h,1.254,1.333793,1.194155,48,BUY,BUY_LIMIT,3,60,TRENDING,Oracle BEARISH +3/5 | BUY_LIMIT 60%,1773057600000,backtest,WIN,1773302400000,1.333793,,,,,binance
4135,POLUSDT,SHORT,4h,0.09556,0.09124,0.0988,66,STRONG_SELL,SELL_LIMIT,-4,60,TRENDING,Oracle BEARISH -4/5 | SELL_LIMIT 60%,1773072000000,backtest,LOSS,1773144000000,0.0988,,,,,okx
3616,NEARUSDT,LONG,4h,1.245,1.325933,1.184301,48,BUY,BUY_LIMIT,3,60,TRENDING,Oracle BEARISH +3/5 | BUY_LIMIT 60%,1773100800000,backtest,WIN,1773144000000,1.325933,,,,,binance
3373,TRXUSDT,SHORT,4h,0.284,0.28088,0.28634,48,SELL,SELL_LIMIT,-3,60,TRENDING,Oracle NEUTRAL -3/5 | SELL_LIMIT 60%,1773129600000,backtest,LOSS,1773187200000,0.28634,,,,,binance
3044,BTCUSDT,LONG,4h,70580.94,73006.517177,68761.757118,66,BUY,BUY_LIMIT,4,60,TRENDING,Oracle NEUTRAL +4/5 | BUY_LIMIT 60%,1773129600000,backtest,WIN,1773403200000,73006.517177,,,,,binance
3374,TRXUSDT,LONG,4h,0.2904,0.293488,0.288084,48,BUY,BUY_LIMIT,3,60,SLEEPING,Oracle NEUTRAL +3/5 | BUY_LIMIT 60%,1773230400000,backtest,WIN,1773432000000,0.293488,,,,,binance
3045,BTCUSDT,LONG,4h,70641.82,73166.373527,68748.404854,48,BUY,BUY_LIMIT,3,60,SLEEPING,Oracle NEUTRAL +3/5 | BUY_LIMIT 60%,1773244800000,backtest,WIN,1773403200000,73166.373527,,,,,binance
3965,APTUSDT,SHORT,4h,0.912,0.868075,0.944944,48,STRONG_SELL,SELL_LIMIT,-3,60,SLEEPING,Oracle BEARISH -3/5 | SELL_LIMIT 60%,1773316800000,backtest,LOSS,1773360000000,0.944944,,,,,binance
3046,BTCUSDT,LONG,4h,70541.34,72810.1137,68839.759725,48,BUY,BUY_LIMIT,3,60,SLEEPING,Oracle NEUTRAL +3/5 | BUY_LIMIT 60%,1773345600000,backtest,WIN,1773403200000,72810.1137,,,,,binance
3232,ETHUSDT,LONG,4h,2118.85,2207.421413,2052.42144,48,BUY,BUY_LIMIT,3,60,SLEEPING,Oracle NEUTRAL +3/5 | BUY_LIMIT 60%,1773360000000,backtest,WIN,1773403200000,2207.421413,,,,,binance
3296,BNBUSDT,LONG,4h,661.58,679.691928,647.996054,48,BUY,BUY_LIMIT,3,60,SLEEPING,Oracle NEUTRAL +3/5 | BUY_LIMIT 60%,1773360000000,backtest,WIN,1773619200000,679.691928,,,,,binance
3966,APTUSDT,SHORT,4h,0.926,0.880561,0.960079,48,STRONG_SELL,SELL_LIMIT,-3,60,SLEEPING,Oracle BEARISH -3/5 | SELL_LIMIT 60%,1773374400000,backtest,LOSS,1773403200000,0.960079,,,,,binance
3861,DOGEUSDT,LONG,4h,0.10003,0.10471,0.09652,66,BUY,BUY_LIMIT,4,60,TRENDING,Oracle NEUTRAL +4/5 | BUY_LIMIT 60%,1773388800000,backtest,LOSS,1773417600000,0.09652,,,,,binance
4090,BTCUSDT,LONG,4h,72228,74473.815361,70543.638479,66,BUY,BUY_LIMIT,4,60,TRENDING,Oracle NEUTRAL +4/5 | BUY_LIMIT 60%,1773388800000,backtest,LOSS,1773446400000,70543.638479,,,,,okx
3233,ETHUSDT,LONG,4h,2121.02,2207.356372,2056.267721,66,BUY,BUY_LIMIT,4,60,TRENDING,Oracle NEUTRAL +4/5 | BUY_LIMIT 60%,1773388800000,backtest,WIN,1773403200000,2207.356372,,,,,binance
3986,ETHUSDT,LONG,4h,2120.73,2207.603236,2055.575073,66,BUY,BUY_LIMIT,4,60,TRENDING,Oracle NEUTRAL +4/5 | BUY_LIMIT 60%,1773388800000,backtest,WIN,1773403200000,2207.603236,,,,,okx
4190,DOGEUSDT,LONG,4h,0.10003,0.104693,0.096533,66,BUY,BUY_LIMIT,4,60,TRENDING,Oracle NEUTRAL +4/5 | BUY_LIMIT 60%,1773388800000,backtest,LOSS,1773417600000,0.096533,,,,,okx
3537,FETUSDT,LONG,4h,0.1793,0.19249,0.169408,66,BUY,BUY_LIMIT,4,60,TRENDING,Oracle NEUTRAL +4/5 | BUY_LIMIT 60%,1773403200000,backtest,WIN,1773532800000,0.19249,,,,,binance
4016,FETUSDT,LONG,4h,0.1791,0.192087,0.16936,66,BUY,BUY_LIMIT,4,60,TRENDING,Oracle NEUTRAL +4/5 | BUY_LIMIT 60%,1773403200000,backtest,WIN,1773532800000,0.192087,,,,,okx
4136,POLUSDT,SHORT,4h,0.09633,0.092698,0.099054,48,STRONG_SELL,SELL_LIMIT,-3,60,TRENDING,Oracle BEARISH -3/5 | SELL_LIMIT 60%,1773417600000,backtest,LOSS,1773619200000,0.099054,,,,,okx
3234,ETHUSDT,LONG,4h,2101.16,2190.215671,2034.368247,66,BUY,BUY_LIMIT,4,60,TRENDING,Oracle NEUTRAL +4/5 | BUY_LIMIT 60%,1773446400000,backtest,WIN,1773604800000,2190.215671,,,,,binance
3987,ETHUSDT,LONG,4h,2101.49,2191.174136,2034.226898,66,BUY,BUY_LIMIT,4,60,TRENDING,Oracle NEUTRAL +4/5 | BUY_LIMIT 60%,1773446400000,backtest,WIN,1773604800000,2191.174136,,,,,okx
3967,APTUSDT,SHORT,4h,0.928,0.878763,0.964927,48,STRONG_SELL,SELL_LIMIT,-3,60,TRENDING,Oracle BEARISH -3/5 | SELL_LIMIT 60%,1773446400000,backtest,LOSS,1773633600000,0.964927,,,,,binance
4073,STRKUSDT,SHORT,4h,0.04013,0.038288,0.041511,66,SELL,SELL_LIMIT,-4,60,TRENDING,Oracle NEUTRAL -4/5 | SELL_LIMIT 60%,1773460800000,backtest,LOSS,1773676800000,0.041511,,,,,okx
3297,BNBUSDT,LONG,4h,657.7,672.536508,646.572619,66,BUY,BUY_LIMIT,4,60,TRENDING,Oracle NEUTRAL +4/5 | BUY_LIMIT 60%,1773518400000,backtest,WIN,1773604800000,672.536508,,,,,binance
3617,NEARUSDT,LONG,4h,1.325,1.386361,1.278979,48,BUY,BUY_LIMIT,3,60,TRENDING,Oracle BEARISH +3/5 | BUY_LIMIT 60%,1773518400000,backtest,WIN,1773619200000,1.386361,,,,,binance
4137,POLUSDT,SHORT,4h,0.0969,0.093584,0.099387,48,SELL,SELL_LIMIT,-3,60,TRENDING,Oracle NEUTRAL -3/5 | SELL_LIMIT 60%,1773532800000,backtest,LOSS,1773619200000,0.099387,,,,,okx
3235,ETHUSDT,LONG,4h,2105.64,2175.401362,2053.318978,66,BUY,BUY_LIMIT,4,60,TRENDING,Oracle NEUTRAL +4/5 | BUY_LIMIT 60%,1773547200000,backtest,WIN,1773604800000,2175.401362,,,,,binance
3988,ETHUSDT,LONG,4h,2105.65,2175.903752,2052.959686,66,BUY,BUY_LIMIT,4,60,TRENDING,Oracle NEUTRAL +4/5 | BUY_LIMIT 60%,1773547200000,backtest,WIN,1773604800000,2175.903752,,,,,okx
3968,APTUSDT,SHORT,4h,0.92,0.879265,0.950551,48,STRONG_SELL,SELL_LIMIT,-3,60,TRENDING,Oracle BEARISH -3/5 | SELL_LIMIT 60%,1773576000000,backtest,LOSS,1773619200000,0.950551,,,,,binance
3236,ETHUSDT,LONG,4h,2113.49,2180.125683,2063.513238,66,BUY,BUY_LIMIT,4,60,TRENDING,Oracle NEUTRAL +4/5 | BUY_LIMIT 60%,1773590400000,backtest,WIN,1773604800000,2180.125683,,,,,binance
3989,ETHUSDT,LONG,4h,2113.57,2180.739531,2063.192852,66,BUY,BUY_LIMIT,4,60,TRENDING,Oracle NEUTRAL +4/5 | BUY_LIMIT 60%,1773590400000,backtest,WIN,1773604800000,2180.739531,,,,,okx
4106,XRPUSDT,LONG,4h,1.449,1.492072,1.416696,66,BUY,BUY_LIMIT,4,60,TRENDING,Oracle NEUTRAL +4/5 | BUY_LIMIT 60%,1773604800000,backtest,WIN,1773662400000,1.492072,,,,,okx
3454,XRPUSDT,LONG,4h,1.4487,1.491805,1.416371,66,BUY,BUY_LIMIT,4,60,TRENDING,Oracle NEUTRAL +4/5 | BUY_LIMIT 60%,1773604800000,backtest,WIN,1773662400000,1.491805,,,,,binance
4191,DOGEUSDT,LONG,4h,0.09998,0.104273,0.09676,66,BUY,BUY_LIMIT,4,60,TRENDING,Oracle NEUTRAL +4/5 | BUY_LIMIT 60%,1773619200000,backtest,WIN,1773705600000,0.104273,,,,,okx
4166,NEARUSDT,LONG,4h,1.389,1.455171,1.339372,66,STRONG_BUY,BUY_LIMIT,4,60,TRENDING,Oracle BULLISH +4/5 | BUY_LIMIT 60%,1773619200000,backtest,WIN,1773691200000,1.455171,,,,,okx
3862,DOGEUSDT,LONG,4h,0.09997,0.104304,0.09672,66,BUY,BUY_LIMIT,4,60,TRENDING,Oracle NEUTRAL +4/5 | BUY_LIMIT 60%,1773619200000,backtest,WIN,1773705600000,0.104304,,,,,binance
3969,APTUSDT,LONG,4h,1.006,1.055454,0.96891,66,BUY,BUY_LIMIT,4,60,TRENDING,Oracle NEUTRAL +4/5 | BUY_LIMIT 60%,1773676800000,backtest,LOSS,1773835200000,0.96891,,,,,binance
3699,ARBUSDT,LONG,4h,0.1091,0.113809,0.105568,66,BUY,BUY_LIMIT,4,60,TRENDING,Oracle NEUTRAL +4/5 | BUY_LIMIT 60%,1773676800000,backtest,LOSS,1773820800000,0.105568,,,,,binance
3783,ATOMUSDT,LONG,4h,1.949,2.042271,1.902364,66,BUY,BUY_LIMIT,4,60,SUPER TREND,Oracle NEUTRAL +4/5 | BUY_LIMIT 60%,1773705600000,backtest,LOSS,1773835200000,1.902364,,,,,binance
4045,ATOMUSDT,LONG,4h,1.948,2.040745,1.901628,66,BUY,BUY_LIMIT,4,60,SUPER TREND,Oracle NEUTRAL +4/5 | BUY_LIMIT 60%,1773705600000,backtest,LOSS,1773835200000,1.901628,,,,,okx
3375,TRXUSDT,LONG,4h,0.297,0.301762,0.294619,48,STRONG_BUY,BUY_LIMIT,3,60,SUPER TREND,Oracle BULLISH +3/5 | BUY_LIMIT 60%,1773705600000,backtest,WIN,1773734400000,0.301762,,,,,binance
3784,ATOMUSDT,LONG,4h,1.946,2.035683,1.901159,66,BUY,BUY_LIMIT,4,60,SUPER TREND,Oracle NEUTRAL +4/5 | BUY_LIMIT 60%,1773734400000,backtest,LOSS,1773835200000,1.901159,,,,,binance
4046,ATOMUSDT,LONG,4h,1.946,2.034387,1.901806,66,BUY,BUY_LIMIT,4,60,SUPER TREND,Oracle NEUTRAL +4/5 | BUY_LIMIT 60%,1773734400000,backtest,LOSS,1773835200000,1.901806,,,,,okx
4047,ATOMUSDT,LONG,4h,1.959,2.041636,1.917682,66,BUY,BUY_LIMIT,4,60,SUPER TREND,Oracle NEUTRAL +4/5 | BUY_LIMIT 60%,1773777600000,backtest,LOSS,1773835200000,1.917682,,,,,okx
3970,APTUSDT,LONG,4h,1.006,1.07386,0.97207,66,BUY,BUY_LIMIT,4,60,SUPER TREND,Oracle NEUTRAL +4/5 | BUY_LIMIT 60%,1773777600000,backtest,LOSS,1773835200000,0.97207,,,,,binance
3785,ATOMUSDT,LONG,4h,1.961,2.04567,1.918665,66,BUY,BUY_LIMIT,4,60,SUPER TREND,Oracle NEUTRAL +4/5 | BUY_LIMIT 60%,1773777600000,backtest,LOSS,1773835200000,1.918665,,,,,binance
4074,STRKUSDT,SHORT,4h,0.04002,0.037301,0.04138,48,STRONG_SELL,SELL_LIMIT,-3,60,SUPER TREND,Oracle BEARISH -3/5 | SELL_LIMIT 60%,1773806400000,backtest,WIN,1773835200000,0.037301,,,,,okx
3298,BNBUSDT,SHORT,4h,648.82,620.099297,663.180352,66,SELL,SELL_LIMIT,-4,60,SUPER TREND,Oracle NEUTRAL -4/5 | SELL_LIMIT 60%,1773835200000,backtest,REVIEW,,,,,,,binance
3863,DOGEUSDT,SHORT,4h,0.09436,0.086984,0.098048,66,SELL,SELL_LIMIT,-4,60,SUPER TREND,Oracle NEUTRAL -4/5 | SELL_LIMIT 60%,1773835200000,backtest,REVIEW,,,,,,,binance
4107,XRPUSDT,SHORT,4h,1.4401,1.340957,1.489672,66,SELL,SELL_LIMIT,-4,60,SUPER TREND,Oracle NEUTRAL -4/5 | SELL_LIMIT 60%,1773835200000,backtest,REVIEW,,,,,,,okx
4192,DOGEUSDT,SHORT,4h,0.0944,0.087072,0.098064,66,SELL,SELL_LIMIT,-4,60,SUPER TREND,Oracle NEUTRAL -4/5 | SELL_LIMIT 60%,1773835200000,backtest,REVIEW,,,,,,,okx
3455,XRPUSDT,SHORT,4h,1.4408,1.341885,1.490258,66,SELL,SELL_LIMIT,-4,60,SUPER TREND,Oracle NEUTRAL -4/5 | SELL_LIMIT 60%,1773835200000,backtest,REVIEW,,,,,,,binance
3700,ARBUSDT,SHORT,4h,0.1014,0.093948,0.105126,66,SELL,SELL_LIMIT,-4,60,SUPER TREND,Oracle NEUTRAL -4/5 | SELL_LIMIT 60%,1773835200000,backtest,WIN,1774137600000,0.093948,,,,,binance
4075,STRKUSDT,SHORT,4h,0.03746,0.035514,0.038919,48,STRONG_SELL,SELL_LIMIT,-3,60,TRENDING,Oracle BEARISH -3/5 | SELL_LIMIT 60%,1773864000000,backtest,WIN,1774008000000,0.035514,,,,,okx
4048,ATOMUSDT,SHORT,4h,1.909,1.837658,1.962507,66,SELL,SELL_LIMIT,-4,60,TRENDING,Oracle NEUTRAL -4/5 | SELL_LIMIT 60%,1773864000000,backtest,WIN,1773921600000,1.837658,,,,,okx
3786,ATOMUSDT,SHORT,4h,1.909,1.837304,1.962772,66,SELL,SELL_LIMIT,-4,60,TRENDING,Oracle NEUTRAL -4/5 | SELL_LIMIT 60%,1773864000000,backtest,WIN,1773921600000,1.837304,,,,,binance
662,POLUSDT,SHORT,4h,0.098199,0.094974,0.100618,66,STRONG_SELL,SELL_LIMIT,-4,0,UNKNOWN,Oracle BEARISH -4/5 | ,1773898403202,scanner,WIN,1773927000464,0.094974,,,,,binance
660,TRXUSDT,LONG,4h,0.301679,0.306306,0.298209,66,STRONG_BUY,BUY_LIMIT,4,0,UNKNOWN,Oracle BULLISH +4/5 | ,1773898403202,scanner,WIN,1773993600000,0.306306,"",70478.71,95196798,,binance
659,BNBUSDT,SHORT,4h,661.461817,643.774269,674.727478,66,STRONG_SELL,SELL_LIMIT,-4,0,UNKNOWN,Oracle BEARISH -4/5 | ,1773898403202,scanner,WIN,1773905400585,643.774269,,,,,binance
663,TRUMPUSDT,SHORT,4h,3.650264,3.384321,3.84972,66,STRONG_SELL,SELL_LIMIT,-4,0,UNKNOWN,Oracle BEARISH -4/5 | ,1773898403202,scanner,WIN,1773925007707,3.384321,,,,,binance
661,PUMPUSDT,SHORT,4h,0.002024,0.001903,0.002114,66,STRONG_SELL,SELL_LIMIT,-4,0,UNKNOWN,Oracle BEARISH -4/5 | ,1773898403202,scanner,WIN,1773905400585,0.001903,,,,,binance
665,DOGEUSDT,SHORT,4h,0.097473,0.093049,0.100791,66,STRONG_SELL,SELL_LIMIT,-4,0,UNKNOWN,Oracle BEARISH -4/5 | ,1773900480446,scanner,WIN,1773925007707,0.093049,,,,,binance
668,SKYUSDT,LONG,4h,0.07244,0.077071,0.068967,66,SELL,BUY,-3,0,UNKNOWN,Oracle BEARISH -3/5 | ,1773900480446,scanner,WIN,1774108800000,0.077071,"",70396,208319554,,binance
666,ADAUSDT,SHORT,4h,0.27842,0.265627,0.288016,66,STRONG_SELL,SELL_LIMIT,-4,0,UNKNOWN,Oracle BEARISH -4/5 | ,1773900480446,scanner,WIN,1773925200539,0.265627,,,,,binance
667,SUIUSDT,SHORT,4h,1.009188,0.962325,1.044335,66,STRONG_SELL,SELL_LIMIT,-4,0,UNKNOWN,Oracle BEARISH -4/5 | ,1773900480446,scanner,WIN,1773905400585,0.962325,,,,,binance
678,VETUSDT,SHORT,4h,0.007415,0.007129,0.00763,66,STRONG_SELL,SELL_LIMIT,-4,0,STRONG BEAR,Oracle BEARISH -4/5 | ,1773901080326,scanner,WIN,1773927000464,0.007129,,,,,binance
674,RLUSDUSDT,SHORT,4h,0.999859,0.999378,1.000219,66,STRONG_BUY,SELL_LIMIT,4,0,STRONG BEAR,Oracle BULLISH +4/5 | ,1773901080326,scanner,LOSS,1774008000000,1.000219,"",69860.09,106919674,,binance
728,BONKUSDT,SHORT,4h,6e-06,6e-06,7e-06,66,STRONG_SELL,SELL_LIMIT,-4,0,STRONG BEAR,Oracle BEARISH -4/5 | ,1773902584601,scanner,WIN,1773923400160,6e-06,,,,,binance
727,ARBUSDT,SHORT,4h,0.10479,0.100112,0.108299,66,STRONG_SELL,SELL_LIMIT,-4,0,STRONG BEAR,Oracle BEARISH -4/5 | ,1773902584601,scanner,WIN,1773923400160,0.100112,,,,,binance
819,BNBUSDT,SHORT,4h,661.461817,643.774269,674.727478,66,STRONG_SELL,SELL_LIMIT,-4,0,STRONG BEAR,Oracle BEARISH -4/5 | ,1773905580163,scanner,WIN,1773923400160,643.774269,,,,,binance
823,PUMPUSDT,SHORT,4h,0.002024,0.001903,0.002114,66,STRONG_SELL,SELL_LIMIT,-4,0,STRONG BEAR,Oracle BEARISH -4/5 | ,1773905580163,scanner,WIN,1773914400313,0.001903,,,,,binance
822,SUIUSDT,SHORT,4h,1.009188,0.962325,1.044335,66,STRONG_SELL,SELL_LIMIT,-4,0,STRONG BEAR,Oracle BEARISH -4/5 | ,1773905580163,scanner,WIN,1773921600330,0.962325,,,,,binance
867,ATOMUSDT,SHORT,4h,1.914077,1.844231,1.966461,66,STRONG_SELL,SELL_LIMIT,-4,0,STRONG BEAR,Oracle BEARISH -4/5 | ,1773913680369,scanner,WIN,1773921600330,1.844231,,,,,binance
866,ONDOUSDT,SHORT,4h,0.271208,0.258936,0.280411,66,STRONG_SELL,SELL_LIMIT,-4,0,STRONG BEAR,Oracle BEARISH -4/5 | ,1773913680369,scanner,WIN,1773923400160,0.258936,,,,,binance
862,HBARUSDT,SHORT,4h,0.096609,0.093061,0.09927,66,STRONG_SELL,SELL_LIMIT,-4,0,STRONG BEAR,Oracle BEARISH -4/5 | ,1773913680369,scanner,WIN,1773923400160,0.093061,,,,,binance
864,ASTERUSDT,SHORT,4h,0.712992,0.673865,0.742337,66,STRONG_SELL,SELL_LIMIT,-4,0,STRONG BEAR,Oracle BEARISH -4/5 | ,1773913680369,scanner,WIN,1773923400160,0.673865,,,,,binance
865,ICPUSDT,SHORT,4h,2.626692,2.51253,2.712313,66,STRONG_SELL,SELL_LIMIT,-4,0,STRONG BEAR,Oracle BEARISH -4/5 | ,1773913680369,scanner,WIN,1773923400160,2.51253,,,,,binance
859,BTCUSDT,SHORT,4h,72218.637679,69988.272638,73891.41146,66,STRONG_SELL,SELL_LIMIT,-4,0,STRONG BEAR,Oracle BEARISH -4/5 | ,1773913680369,scanner,WIN,1773921600330,69988.272638,,,,,binance
908,ETCUSDT,SHORT,4h,8.609853,8.245591,8.883051,66,STRONG_SELL,SELL_LIMIT,-4,0,STRONG BEAR,Oracle BEARISH -4/5 | ,1773919680258,scanner,WIN,1773921600000,8.245591,,,,,binance
906,PEPEUSDT,SHORT,4h,4e-06,3e-06,4e-06,66,STRONG_SELL,SELL_LIMIT,-4,0,STRONG BEAR,Oracle BEARISH -4/5 | ,1773919680258,scanner,REVIEW,1774170873000,,,,,,binance
905,SHIBUSDT,SHORT,4h,6e-06,6e-06,6e-06,66,STRONG_SELL,SELL_LIMIT,-4,0,STRONG BEAR,Oracle BEARISH -4/5 | ,1773919680258,scanner,WIN,1773919800488,6e-06,,,,,binance
915,SHIBUSDT,SHORT,4h,6e-06,6e-06,6e-06,66,STRONG_SELL,SELL_LIMIT,-4,0,STRONG BEAR,Oracle BEARISH -4/5 | ,1773919980353,scanner,WIN,1773921600330,6e-06,,,,,binance
969,BTCUSDT,SHORT,4h,72218.637679,69988.272638,73891.41146,66,STRONG_SELL,SELL_LIMIT,-4,0,STRONG BEAR,Oracle BEARISH -4/5 | ,1773921780199,scanner,WIN,1773923400160,69988.272638,,,,,binance
974,SUIUSDT,SHORT,4h,1.003333,0.954672,1.039829,66,STRONG_SELL,SELL_LIMIT,-4,0,STRONG BEAR,Oracle BEARISH -4/5 | ,1773921780199,scanner,WIN,1773923400160,0.954672,,,,,binance
975,SHIBUSDT,SHORT,4h,6e-06,6e-06,6e-06,66,STRONG_SELL,SELL_LIMIT,-4,0,STRONG BEAR,Oracle BEARISH -4/5 | ,1773921780199,scanner,WIN,1773923400160,6e-06,,,,,binance
982,LINKUSDT,SHORT,4h,9.393524,9.008896,9.681995,66,STRONG_SELL,SELL_LIMIT,-4,0,STRONG BEAR,Oracle BEARISH -4/5 | ,1773922080356,scanner,WIN,1773925007707,9.008896,,,,,binance
983,LTCUSDT,SHORT,4h,56.37932,54.725944,57.619352,66,STRONG_SELL,SELL_LIMIT,-4,0,STRONG BEAR,Oracle BEARISH -4/5 | ,1773922080356,scanner,WIN,1774123200000,54.725944,"",68918.12,201119644,,binance
1038,ICPUSDT,SHORT,4h,2.616231,2.509398,2.696357,66,STRONG_SELL,SELL_LIMIT,-4,0,STRONG BEAR,Oracle BEARISH -4/5 | ,1773923580136,scanner,WIN,1773925007707,2.509398,,,,,binance
1034,SUIUSDT,SHORT,4h,0.998767,0.953002,1.033091,66,STRONG_SELL,SELL_LIMIT,-4,0,STRONG BEAR,Oracle BEARISH -4/5 | ,1773923580136,scanner,WIN,1773925007707,0.953002,,,,,binance
1036,ASTERUSDT,SHORT,4h,0.710335,0.673319,0.738097,66,STRONG_SELL,SELL_LIMIT,-4,0,STRONG BEAR,Oracle BEARISH -4/5 | ,1773923580136,scanner,WIN,1774123200000,0.673319,"",68918.12,199619864,,binance
1029,BNBUSDT,SHORT,4h,657.999111,640.974177,670.767811,66,STRONG_SELL,SELL_LIMIT,-4,0,STRONG BEAR,Oracle BEARISH -4/5 | ,1773923580136,scanner,WIN,1773925007707,640.974177,,,,,binance
1035,SHIBUSDT,SHORT,4h,6e-06,6e-06,6e-06,66,STRONG_SELL,SELL_LIMIT,-4,0,STRONG BEAR,Oracle BEARISH -4/5 | ,1773923580136,scanner,WIN,1773925007707,6e-06,,,,,binance
1059,UUSDT,SHORT,4h,0.9999,0.999527,1.00018,78,SELL,SELL,0,0,NEUTRAL,Titan SELL (aligned) | ,1773925380236,scanner,LOSS,1773936000000,1.00018,,,,,binance
1060,BTCUSDT,SHORT,4h,71406.878668,66998.918857,73335.361085,56,N/A,SELL_LIMIT,0,60,BEAR,(trend) SELL_LIMIT 60% | ,1773989624308,live,REVIEW,1774602417178,67723.35,"",67723.35,612792870,,binance
1061,BNBUSDT,SHORT,4h,652.276841,635.356986,664.966733,56,N/A,SELL_LIMIT,0,60,BEAR,(trend) SELL_LIMIT 60% | ,1773989624308,live,WIN,1774123200000,635.356986,"",68918.12,133575692,,binance
1062,ARBUSDT,SHORT,4h,0.102521,0.098174,0.105781,56,N/A,SELL_LIMIT,0,60,BEAR,(trend) SELL_LIMIT 60% | ,1773989624308,live,WIN,1774123200000,0.098174,"",68918.12,133575692,,binance
1063,ATOMUSDT,SHORT,4h,1.877671,1.804667,1.932424,56,N/A,SELL_LIMIT,0,60,BEAR,(trend) SELL_LIMIT 60% | ,1773989624308,live,WIN,1773993600000,1.804667,"",70478.71,3975692,,binance
1064,DOGEUSDT,SHORT,4h,0.095775,0.091688,0.098841,56,N/A,SELL_LIMIT,0,60,BEAR,(trend) SELL_LIMIT 60% | ,1773989624308,live,WIN,1774123200000,0.091688,"",68918.12,133575692,,binance
1119,APTUSDT,SHORT,4h,0.97048,0.918523,1.009448,56,N/A,SELL_LIMIT,0,60,BEAR,(trend) SELL_LIMIT 60% | ,1773993780569,live,LOSS,1774008000000,1.009448,"",69860.09,14219431,,binance
1120,BCHUSDT,SHORT,4h,467,453.184173,477.36187,78,N/A,SELL,0,0,scanner,(trend) SELL,1773994080363,scanner,REVIEW,1774170873000,,,,,,binance
1234,DOGEUSDT,SHORT,4h,0.093731,0.090262,0.096334,56,N/A,SELL_LIMIT,0,60,BEAR,(trend) SELL_LIMIT 60% | ,1774168484528,live,WIN,1774195200000,0.090262,"",68199.93,26715472,,binance
1235,APTUSDT,SHORT,4h,0.979958,0.927538,1.019273,56,N/A,SELL_LIMIT,0,60,BEAR,(trend) SELL_LIMIT 60% | ,1774168484528,live,WIN,1774180800000,0.927538,"",68847.96,12315472,,binance
1231,BNBUSDT,SHORT,4h,641.515736,627.111813,652.318678,56,N/A,SELL_LIMIT,0,60,BEAR,(trend) SELL_LIMIT 60% | ,1774168484528,live,WIN,1774195200000,627.111813,"",68199.93,26715472,,binance
1232,XRPUSDT,SHORT,4h,1.436066,1.391832,1.469241,56,N/A,SELL_LIMIT,0,60,BEAR,(trend) SELL_LIMIT 60% | ,1774168484528,live,WIN,1774180800000,1.391832,"",68230.67,12315472,,binance
1233,ATOMUSDT,SHORT,4h,1.827839,1.766776,1.873636,56,N/A,SELL_LIMIT,0,60,BEAR,(trend) SELL_LIMIT 60% | ,1774168484528,live,WIN,1774209600000,1.766776,"",67859,41115472,,binance
1257,ETHUSDT,SHORT,4h,2142.935804,1984.452187,2202.36716,56,N/A,SELL_LIMIT,0,60,BEAR,(trend) SELL_LIMIT 60% | ,1774169108269,live,WIN,1774598400000,1984.452187,"",66702.78,429291731,,binance
4203,XRPUSDT,SHORT,4h,1.431325,1.389229,1.462898,56,N/A,SELL_LIMIT,0,60,BEAR,(trend) SELL_LIMIT 60% | ,1774180980457,live,WIN,1774195200000,1.389229,"",68199.93,14219543,,binance
4228,DOGEUSDT,SHORT,4h,0.092304,0.088981,0.094797,56,N/A,SELL_LIMIT,0,60,BEAR,[RECOVERED] (trend) SELL_LIMIT 60% | ,1774195200000,live,LOSS,1774252800000,0.094797,"",70122.15,57600000,,binance
4224,BNBUSDT,SHORT,4h,634.781078,619.847697,645.981113,56,N/A,SELL_LIMIT,0,60,BEAR,[RECOVERED] (trend) SELL_LIMIT 60% | ,1774195200000,live,LOSS,1774252800000,645.981113,"",70122.15,57600000,,binance
4225,XRPUSDT,SHORT,4h,1.411175,1.366715,1.444521,56,N/A,SELL_LIMIT,0,60,BEAR,[RECOVERED] (trend) SELL_LIMIT 60% | ,1774195200000,live,WIN,1774238400000,1.366715,"",68333.16,43200000,,binance
4227,ATOMUSDT,SHORT,4h,1.804173,1.744979,1.848569,56,N/A,SELL_LIMIT,0,60,BEAR,[RECOVERED] (trend) SELL_LIMIT 60% | ,1774195200000,live,WIN,1774483200000,1.744979,"",70921.47,288000000,,binance
4229,APTUSDT,SHORT,4h,0.954652,0.902295,0.99392,56,N/A,SELL_LIMIT,0,60,BEAR,[RECOVERED] (trend) SELL_LIMIT 60% | ,1774195200000,live,LOSS,1774281600000,0.99392,"",70679.05,86400000,,binance
4218,ARBUSDT,SHORT,4h,0.096291,0.092179,0.099375,56,N/A,SELL_LIMIT,0,60,BEAR,(trend) SELL_LIMIT 60% | ,1774261066699,live,LOSS,1774425600000,0.099375,"",71810.15,164533301,,binance
4266,BNBUSDT,SHORT,4h,636.6432,619.987562,649.134928,56,N/A,SELL_LIMIT,0,60,BEAR,[RECOVERED] (trend) SELL_LIMIT 60% | ,1774267200000,live,LOSS,1774267200000,649.134928,"",70131.48,0,,binance
4263,XRPUSDT,SHORT,4h,1.420183,1.369029,1.458549,56,N/A,SELL_LIMIT,0,60,BEAR,(trend) SELL_LIMIT 60% | ,1774354139165,live,WIN,1774512000000,1.369029,"",69394.74,157860835,,binance
4294,BNBUSDT,SHORT,4h,636.6432,619.987562,649.134928,56,N/A,SELL_LIMIT,0,60,BEAR,(trend) SELL_LIMIT 60% | ,1774359126336,live,LOSS,1774425600000,649.134928,"",71810.15,66473664,,binance
4306,PUMPUSDT,SHORT,4h,0.001883,0.001787,0.001955,78,N/A,SELL,0,0,scanner,(trend) SELL,1774445280482,scanner,WIN,1774512000000,0.001787,"",69394.74,66719518,,binance
4308,TRUMPUSDT,SHORT,4h,3.368,3.215324,3.482507,78,N/A,SELL,0,0,scanner,(trend) SELL,1774445280482,scanner,WIN,1774483200000,3.215324,"",70921.47,37919518,,binance
4307,POLUSDT,SHORT,4h,0.0972,0.093945,0.099641,78,N/A,SELL,0,0,scanner,(trend) SELL,1774445280482,scanner,LOSS,1774454400000,0.099641,"",70883.31,9119518,,binance
4329,ATOMUSDT,SHORT,4h,1.769552,1.715429,1.810144,56,N/A,SELL_LIMIT,0,60,BEAR,[RECOVERED] (trend) SELL_LIMIT 60% | ,1774454400000,live,WIN,1774512000000,1.715429,"",69394.74,57600000,,binance
4327,XRPUSDT,SHORT,4h,1.407725,1.360149,1.443407,56,N/A,SELL_LIMIT,0,60,BEAR,[RECOVERED] (trend) SELL_LIMIT 60% | ,1774454400000,live,WIN,1774526400000,1.360149,"",69082.64,72000000,,binance
4325,NEARUSDT,SHORT,4h,1.27932,1.224694,1.320289,56,N/A,SELL_LIMIT,0,60,BEAR,(trend) SELL_LIMIT 60% | ,1774524767858,live,WIN,1774526400000,1.224694,"",69280.59,1632142,,binance
4344,ATOMUSDT,SHORT,4h,1.764234,1.713559,1.80224,56,N/A,SELL_LIMIT,0,60,BEAR,(trend) SELL_LIMIT 60% | ,1774526580301,live,WIN,1774540800000,1.713559,"",68534.36,14219699,,binance
4343,NEARUSDT,SHORT,4h,1.274405,1.223538,1.312555,56,N/A,SELL_LIMIT,0,60,BEAR,(trend) SELL_LIMIT 60% | ,1774526580301,live,WIN,1774540800000,1.223538,"",68534.36,14219699,,binance
4356,XRPUSDT,SHORT,4h,1.384146,1.338395,1.418459,56,N/A,SELL_LIMIT,0,60,BEAR,[RECOVERED] (trend) SELL_LIMIT 60% | ,1774540800000,live,WIN,1774540800000,1.338395,"",68534.36,0,,binance
4359,ATOMUSDT,SHORT,4h,1.739917,1.685745,1.780546,56,N/A,SELL_LIMIT,0,60,BEAR,[RECOVERED] (trend) SELL_LIMIT 60% | ,1774540800000,live,WIN,1774540800000,1.685745,"",68534.36,0,,binance
4353,BTCUSDT,SHORT,4h,69549.492419,65427.927351,71352.677137,56,N/A,SELL_LIMIT,0,60,BEAR,[RECOVERED] (trend) SELL_LIMIT 60% | ,1774540800000,live,WIN,1774814400000,65427.927351,BEAR,66010.93,273600000,,binance
4357,NEARUSDT,SHORT,4h,1.254505,1.204523,1.291992,56,N/A,SELL_LIMIT,0,60,BEAR,[RECOVERED] (trend) SELL_LIMIT 60% | ,1774540800000,live,WIN,1774540800000,1.204523,"",68534.36,0,,binance
4352,DOGEUSDT,SHORT,4h,0.093074,0.08971,0.095598,56,N/A,SELL_LIMIT,0,60,BEAR,(trend) SELL_LIMIT 60% | ,1774602410413,live,WIN,1774612800000,0.08971,"",66112.82,10389587,,binance
4350,ARBUSDT,SHORT,4h,0.095591,0.091793,0.098441,56,N/A,SELL_LIMIT,0,60,BEAR,(trend) SELL_LIMIT 60% | ,1774602410413,live,WIN,1774612800000,0.091793,"",66744.34,10389587,,binance
4347,BNBUSDT,SHORT,4h,633.076162,617.566946,644.708074,56,N/A,SELL_LIMIT,0,60,BEAR,(trend) SELL_LIMIT 60% | ,1774602410413,live,WIN,1774612800000,617.566946,"",66744.34,10389587,,binance
4401,ATOMUSDT,SHORT,4h,1.739917,1.685745,1.780546,56,N/A,SELL_LIMIT,0,60,BEAR,(trend) SELL_LIMIT 60% | ,1774603178347,live,WIN,1774612800000,1.685745,"",66744.34,9621653,,binance
4399,NEARUSDT,SHORT,4h,1.254505,1.204523,1.291992,56,N/A,SELL_LIMIT,0,60,BEAR,(trend) SELL_LIMIT 60% | ,1774603178347,live,WIN,1774612800000,1.204523,"",66744.34,9621653,,binance
4398,XRPUSDT,SHORT,4h,1.384146,1.338395,1.418459,56,N/A,SELL_LIMIT,0,60,BEAR,(trend) SELL_LIMIT 60% | ,1774603178347,live,WIN,1774612800000,1.338395,"",66744.34,9621653,,binance
4421,ADAUSDT,SHORT,4h,0.259744,0.249897,0.267129,56,N/A,SELL_LIMIT,0,0,scanner,(trend) SELL LIMIT,1774603680446,scanner,WIN,1774612800000,0.249897,"",66744.34,9119554,,binance
4422,AVAXUSDT,SHORT,4h,9.306507,8.967161,9.561016,56,N/A,SELL_LIMIT,0,0,scanner,(trend) SELL LIMIT,1774603680446,scanner,WIN,1774612800000,8.967161,"",66744.34,9119554,,binance
4413,APTUSDT,LONG,4h,1.007,1.06328,0.96479,58,N/A,BUY,0,0,scanner,(counter) BUY,1774603680446,counter,LOSS,1774663559197,0.964,"",,59878751,,binance
4418,SOLUSDT,SHORT,4h,88.383678,84.946172,90.961807,56,N/A,SELL_LIMIT,0,0,scanner,(trend) SELL LIMIT,1774603680446,scanner,WIN,1774612800000,84.946172,"",66744.34,9119554,,binance
4420,BCHUSDT,SHORT,4h,467.603752,453.778686,477.97255,56,N/A,SELL_LIMIT,0,0,scanner,(trend) SELL LIMIT,1774603680446,scanner,LOSS,1774670400000,477.97255,BEAR,66561.48,66719554,,binance
4521,ETHUSDT,SHORT,4h,2103.226098,1948.9595,2161.076072,56,N/A,SELL_LIMIT,0,0,scanner,(trend) SELL LIMIT,1774612980201,scanner,WIN,1774814400000,1948.9595,BEAR,66010.93,201419799,,binance
4522,BNBUSDT,SHORT,4h,633.059972,617.550756,644.691884,56,N/A,SELL_LIMIT,0,0,scanner,(trend) SELL LIMIT,1774612980201,scanner,WIN,1774627200000,617.550756,"",66040.66,14219799,,binance
4523,XRPUSDT,SHORT,4h,1.384336,1.338042,1.419057,56,N/A,SELL_LIMIT,0,0,scanner,(trend) SELL LIMIT,1774612980201,scanner,WIN,1774627200000,1.338042,"",66040.66,14219799,,binance
4524,SOLUSDT,SHORT,4h,88.383678,84.946172,90.961807,56,N/A,SELL_LIMIT,0,0,scanner,(trend) SELL LIMIT,1774612980201,scanner,WIN,1774627200000,84.946172,"",66040.66,14219799,,binance
4527,ADAUSDT,SHORT,4h,0.259744,0.249897,0.267129,56,N/A,SELL_LIMIT,0,0,scanner,(trend) SELL LIMIT,1774612980201,scanner,WIN,1774627200000,0.249897,"",66040.66,14219799,,binance
4528,AVAXUSDT,SHORT,4h,9.306507,8.967161,9.561016,56,N/A,SELL_LIMIT,0,0,scanner,(trend) SELL LIMIT,1774612980201,scanner,WIN,1774627200000,8.967161,"",66040.66,14219799,,binance
4532,ARBUSDT,SHORT,4h,0.094956,0.091057,0.09788,56,N/A,SELL_LIMIT,0,60,BEAR,(trend) SELL_LIMIT 60% | ,1774612980203,live,WIN,1774627200000,0.091057,"",66040.66,14219797,,binance
4533,ATOMUSDT,SHORT,4h,1.731408,1.67486,1.773819,56,N/A,SELL_LIMIT,0,60,BEAR,(trend) SELL_LIMIT 60% | ,1774612980203,live,WIN,1774627200000,1.67486,"",66040.66,14219797,,binance
4531,NEARUSDT,SHORT,4h,1.24506,1.193607,1.28365,56,N/A,SELL_LIMIT,0,60,BEAR,(trend) SELL_LIMIT 60% | ,1774612980203,live,WIN,1774627200000,1.193607,"",66040.66,14219797,,binance
4543,LINKUSDT,SHORT,4h,8.973142,8.626238,9.23332,56,N/A,SELL_LIMIT,0,0,scanner,(trend) SELL LIMIT,1774613280377,scanner,WIN,1774627200000,8.626238,"",66040.66,13919623,,binance
4536,RENDERUSDT,LONG,4h,1.697,1.805871,1.615347,58,N/A,BUY,0,0,scanner,(counter) BUY,1774613280377,counter,LOSS,1774670400000,1.615347,BEAR,66561.48,57119623,,binance
4535,QNTUSDT,LONG,4h,71.75,75.959785,68.592661,58,N/A,BUY,0,0,scanner,(counter) BUY,1774613280377,counter,LOSS,1774800000000,68.592661,BEAR,66348.62,186719623,,binance
4538,FETUSDT,LONG,4h,0.2283,0.249613,0.212315,58,N/A,BUY,0,0,scanner,(counter) BUY,1774613280377,counter,WIN,1774705501642,0.249613,BEAR,,92221265,,binance
4539,ZROUSDT,LONG,4h,2.058,2.195734,1.954699,58,N/A,BUY,0,0,scanner,(counter) BUY,1774613280377,counter,LOSS,1774956673915,1.851,BEAR,,343393538,,binance
4544,LTCUSDT,SHORT,4h,55.01753,53.526567,56.135752,56,N/A,SELL_LIMIT,0,0,scanner,(trend) SELL LIMIT,1774613280377,scanner,WIN,1774641600000,53.526567,"",66407.28,28319623,,binance
4614,HBARUSDT,SHORT,4h,0.091861,0.088979,0.094022,56,N/A,SELL_LIMIT,0,0,scanner,(trend) SELL LIMIT,1774615380331,scanner,WIN,1774627200000,0.088979,"",66040.66,11819669,,binance
4863,ATOMUSDT,SHORT,4h,1.716721,1.664263,1.756065,56,N/A,SELL_LIMIT,0,60,BEAR,[RECOVERED] (trend) SELL_LIMIT 60% | ,1774627200000,live,WIN,1774627200000,1.664263,"",66040.66,0,,binance
4861,BNBUSDT,SHORT,4h,625.649102,610.450889,637.047761,56,N/A,SELL_LIMIT,0,60,BEAR,[RECOVERED] (trend) SELL_LIMIT 60% | ,1774627200000,live,WIN,1774627200000,610.450889,"",66040.66,0,,binance
4864,DOGEUSDT,SHORT,4h,0.092034,0.088918,0.094371,56,N/A,SELL_LIMIT,0,60,BEAR,[RECOVERED] (trend) SELL_LIMIT 60% | ,1774627200000,live,LOSS,1774699200000,0.094371,BEAR,67014.91,72000000,,binance
4862,XRPUSDT,SHORT,4h,1.365013,1.322547,1.396863,56,N/A,SELL_LIMIT,0,60,BEAR,[RECOVERED] (trend) SELL_LIMIT 60% | ,1774627200000,live,WIN,1774627200000,1.322547,"",66040.66,0,,binance
4881,SOLUSDT,SHORT,4h,86.5057,83.238012,88.956466,56,N/A,SELL_LIMIT,0,0,scanner,(trend) SELL LIMIT,1774657980286,scanner,WIN,1774663559197,83.238012,"",,5578911,,binance
4879,BNBUSDT,SHORT,4h,625.735768,610.534698,637.136571,56,N/A,SELL_LIMIT,0,0,scanner,(trend) SELL LIMIT,1774657980286,scanner,WIN,1774670400000,610.534698,BEAR,66561.48,12419714,,binance
4884,LINKUSDT,SHORT,4h,8.868358,8.537517,9.116488,56,N/A,SELL_LIMIT,0,0,scanner,(trend) SELL LIMIT,1774657980286,scanner,WIN,1774664383446,8.537517,STRONG BEAR,,6403160,,binance
4880,XRPUSDT,SHORT,4h,1.365147,1.322366,1.397232,56,N/A,SELL_LIMIT,0,0,scanner,(trend) SELL LIMIT,1774657980286,scanner,WIN,1774785600000,1.322366,BEAR,66523,127619714,,binance
4883,ADAUSDT,SHORT,4h,0.255206,0.245943,0.262153,56,N/A,SELL_LIMIT,0,0,scanner,(trend) SELL LIMIT,1774657980286,scanner,WIN,1774664383446,0.245943,STRONG BEAR,,6403160,,binance
4928,ATOMUSDT,SHORT,4h,1.716721,1.664263,1.756065,56,N/A,SELL_LIMIT,0,60,BEAR,(trend) SELL_LIMIT 60% | ,1774659290682,live,WIN,1774670400000,1.664263,BEAR,66561.48,11109318,,binance
5090,DOT/USDT,LONG,1h,1.284,1.412276,1.265598,70,N/A,CONTRARIAN,0,104,"",(contrarian) 10.46x ATR extension,1774663676556,counter,LOSS,1774728000000,1.265598,BEAR,66377.03,64323444,,binance
5092,ASTER/USDT,LONG,1h,0.662,0.675041,0.655883,70,N/A,CONTRARIAN,0,32,"",(contrarian) 3.2x ATR extension,1774663676556,counter,LOSS,1774728000000,0.655883,BEAR,66377.03,64323444,,binance
5094,NEAR/USDT,LONG,1h,1.174,1.282148,1.158085,70,N/A,CONTRARIAN,0,101,"",(contrarian) 10.19x ATR extension,1774663676556,counter,LOSS,1774771200000,1.158085,BEAR,66816.28,107523444,,binance
5096,PEPE/USDT,LONG,1h,3e-06,3e-06,3e-06,70,N/A,CONTRARIAN,0,36,"",(contrarian) 3.69x ATR extension,1774663676556,counter,WIN,1774664383446,3e-06,STRONG BEAR,,706890,,binance
5089,TON/USDT,LONG,1h,1.217,1.273698,1.203168,70,N/A,CONTRARIAN,0,61,"",(contrarian) 6.15x ATR extension,1774663676556,counter,LOSS,1774886400000,1.203168,BEAR,66550.05,222723444,,binance
5111,VET/USDT,LONG,1h,0.006633,0.007026,0.006557,70,N/A,CONTRARIAN,0,78,"",(contrarian) 7.81x ATR extension,1774663676556,counter,LOSS,1774800000000,0.006557,BEAR,66348.62,136323444,,binance
5112,ARB/USDT,LONG,1h,0.0895,0.096584,0.088252,70,N/A,CONTRARIAN,0,85,"",(contrarian) 8.51x ATR extension,1774663676556,counter,LOSS,1774785600000,0.088252,BEAR,66523,121923444,,binance
5102,RENDER/USDT,LONG,1h,1.643,1.72553,1.608493,70,N/A,CONTRARIAN,0,35,"",(contrarian) 3.59x ATR extension,1774663676556,counter,WIN,1774705501642,1.72553,BEAR,,41825086,,binance
5105,WLD/USDT,LONG,1h,0.249,0.312707,0.242169,70,N/A,CONTRARIAN,0,139,"",(contrarian) 13.99x ATR extension,1774663676556,counter,REVIEW,1775272840372,0.2647,BEAR,66854.02,609163816,,binance
5075,BTC/USDT,LONG,1h,66238.99,69576.618356,65593.164017,70,N/A,CONTRARIAN,0,77,"",(contrarian) 7.75x ATR extension,1774663676556,counter,LOSS,1774814400000,65593.164017,BEAR,66010.93,150723444,,binance
5093,SKY/USDT,LONG,1h,0.07003,0.071908,0.069174,70,N/A,CONTRARIAN,0,32,"",(contrarian) 3.29x ATR extension,1774663676556,counter,WIN,1774841203624,0.071908,BEAR,,177527068,,binance
5081,ADA/USDT,LONG,1h,0.2472,0.261327,0.244187,70,N/A,CONTRARIAN,0,70,"",(contrarian) 7.03x ATR extension,1774663676556,counter,LOSS,1774670400000,0.244187,BEAR,66561.48,6723444,,binance
5080,DOGE/USDT,LONG,1h,0.09065,0.093216,0.089705,70,N/A,CONTRARIAN,0,40,"",(contrarian) 4.07x ATR extension,1774663676556,counter,LOSS,1774670400000,0.089705,BEAR,66561.48,6723444,,binance
5088,SHIB/USDT,LONG,1h,6e-06,6e-06,6e-06,70,N/A,CONTRARIAN,0,33,"",(contrarian) 3.3x ATR extension,1774663676556,counter,LOSS,1774664383446,5.77e-06,STRONG BEAR,,706890,,binance
5095,AAVE/USDT,LONG,1h,97.92,108.756817,96.369538,70,N/A,CONTRARIAN,0,104,"",(contrarian) 10.48x ATR extension,1774663676556,counter,LOSS,1774728000000,96.369538,BEAR,66377.03,64323444,,binance
5076,ETH/USDT,LONG,1h,1990.59,2112.812164,1968.629526,70,N/A,CONTRARIAN,0,83,"",(contrarian) 8.35x ATR extension,1774663676556,counter,LOSS,1774814400000,1968.629526,BEAR,66010.93,150723444,,binance
5077,BNB/USDT,LONG,1h,612.62,634.764699,607.682408,70,N/A,CONTRARIAN,0,67,"",(contrarian) 6.73x ATR extension,1774663676556,counter,LOSS,1774785600000,607.682408,BEAR,66523,121923444,,binance
5078,XRP/USDT,LONG,1h,1.3271,1.403484,1.313689,70,N/A,CONTRARIAN,0,85,"",(contrarian) 8.54x ATR extension,1774663676556,counter,LOSS,1774814400000,1.313689,BEAR,66010.93,150723444,,binance
5079,SOL/USDT,LONG,1h,82.89,88.293267,81.81198,70,N/A,CONTRARIAN,0,75,"",(contrarian) 7.52x ATR extension,1774663676556,counter,LOSS,1774728000000,81.81198,BEAR,66377.03,64323444,,binance
5082,LINK/USDT,LONG,1h,8.55,9.014194,8.444391,70,N/A,CONTRARIAN,0,65,"",(contrarian) 6.59x ATR extension,1774663676556,counter,LOSS,1774728000000,8.444391,BEAR,66377.03,64323444,,binance
5083,LTC/USDT,LONG,1h,53.57,55.243676,53.013564,70,N/A,CONTRARIAN,0,45,"",(contrarian) 4.51x ATR extension,1774663676556,counter,LOSS,1774814400000,53.013564,BEAR,66010.93,150723444,,binance
5084,HBAR/USDT,LONG,1h,0.089,0.092421,0.088109,70,N/A,CONTRARIAN,0,57,"",(contrarian) 5.76x ATR extension,1774663676556,counter,LOSS,1774800000000,0.088109,BEAR,66348.62,136323444,,binance
5085,AVAX/USDT,LONG,1h,8.76,9.342166,8.649982,70,N/A,CONTRARIAN,0,79,"",(contrarian) 7.94x ATR extension,1774663676556,counter,LOSS,1774785600000,8.649982,BEAR,66523,121923444,,binance
5087,SUI/USDT,LONG,1h,0.8782,0.940541,0.866682,70,N/A,CONTRARIAN,0,81,"",(contrarian) 8.12x ATR extension,1774663676556,counter,LOSS,1774728000000,0.866682,BEAR,66377.03,64323444,,binance
5091,UNI/USDT,LONG,1h,3.381,3.568968,3.337582,70,N/A,CONTRARIAN,0,64,"",(contrarian) 6.49x ATR extension,1774663676556,counter,LOSS,1774814400000,3.337582,BEAR,66010.93,150723444,,binance
5086,ZEC/USDT,LONG,1h,211.93,230.251106,207.841003,70,N/A,CONTRARIAN,0,67,"",(contrarian) 6.72x ATR extension,1774663676556,counter,WIN,1774956673915,230.251106,BEAR,,292997359,,binance
5106,APT/USDT,LONG,1h,0.965,1.00284,0.950115,70,N/A,CONTRARIAN,0,38,"",(contrarian) 3.81x ATR extension,1774663676556,counter,LOSS,1774689277997,0.949,BEAR,,25601441,,binance
5110,FIL/USDT,LONG,1h,0.831,0.893229,0.817519,70,N/A,CONTRARIAN,0,69,"",(contrarian) 6.92x ATR extension,1774663676556,counter,LOSS,1774670400000,0.817519,BEAR,66561.48,6723444,,binance
5098,ICP/USDT,LONG,1h,2.228,2.399862,2.200037,70,N/A,CONTRARIAN,0,92,"",(contrarian) 9.22x ATR extension,1774663676556,counter,LOSS,1774814400000,2.200037,BEAR,66010.93,150723444,,binance
5109,TRUMP/USDT,LONG,1h,2.978,3.244842,2.938164,70,N/A,CONTRARIAN,0,100,"",(contrarian) 10.05x ATR extension,1774663676556,counter,LOSS,1774728000000,2.938164,BEAR,66377.03,64323444,,binance
5108,ALGO/USDT,LONG,1h,0.0816,0.086653,0.080674,70,N/A,CONTRARIAN,0,81,"",(contrarian) 8.18x ATR extension,1774663676556,counter,LOSS,1774800000000,0.080674,BEAR,66348.62,136323444,,binance
5107,ENA/USDT,LONG,1h,0.0891,0.099121,0.087053,70,N/A,CONTRARIAN,0,73,"",(contrarian) 7.34x ATR extension,1774663676556,counter,LOSS,1774814400000,0.087053,BEAR,66010.93,150723444,,binance
5104,MORPHO/USDT,LONG,1h,1.489,1.667357,1.463365,70,N/A,CONTRARIAN,0,104,"",(contrarian) 10.44x ATR extension,1774663676556,counter,LOSS,1774814400000,1.463365,BEAR,66010.93,150723444,,binance
5103,ATOM/USDT,LONG,1h,1.667,1.77547,1.649976,70,N/A,CONTRARIAN,0,95,"",(contrarian) 9.56x ATR extension,1774663676556,counter,LOSS,1774771200000,1.649976,BEAR,66816.28,107523444,,binance
5099,QNT/USDT,LONG,1h,70.89,73.875491,69.810262,70,N/A,CONTRARIAN,0,41,"",(contrarian) 4.15x ATR extension,1774663676556,counter,LOSS,1774771200000,69.810262,BEAR,66816.28,107523444,,binance
5101,POL/USDT,LONG,1h,0.0908,0.095148,0.089489,70,N/A,CONTRARIAN,0,49,"",(contrarian) 4.97x ATR extension,1774663676556,counter,LOSS,1774814400000,0.089489,BEAR,66010.93,150723444,,binance
5100,PUMP/USDT,LONG,1h,0.001702,0.001828,0.001672,70,N/A,CONTRARIAN,0,63,"",(contrarian) 6.37x ATR extension,1774663676556,counter,LOSS,1774814400000,0.001672,BEAR,66010.93,150723444,,binance
5097,ETC/USDT,LONG,1h,8.1,8.354249,8.005246,70,N/A,CONTRARIAN,0,40,"",(contrarian) 4.02x ATR extension,1774663676556,counter,LOSS,1774742400000,8.005246,BEAR,66912,78723444,,binance
5119,SOLUSDT,SHORT,4h,86.5057,83.238012,88.956466,56,N/A,SELL_LIMIT,0,0,scanner,(trend) SELL LIMIT,1774663680444,scanner,WIN,1774664383446,83.238012,STRONG BEAR,,703002,,binance
5115,APTUSDT,LONG,4h,0.978,1.030567,0.938575,58,N/A,BUY,0,0,scanner,(counter) BUY,1774663680444,counter,LOSS,1774728000000,0.938575,BEAR,66377.03,64319556,,binance
5142,LINKUSDT,SHORT,4h,8.868358,8.537517,9.116488,56,N/A,SELL_LIMIT,0,0,scanner,(trend) SELL LIMIT,1774664580299,scanner,WIN,1774666433813,8.537517,BEAR,,1853514,,binance
5139,SOLUSDT,SHORT,4h,86.5057,83.238012,88.956466,56,N/A,SELL_LIMIT,0,0,scanner,(trend) SELL LIMIT,1774664580299,scanner,WIN,1774666433813,83.238012,BEAR,,1853514,,binance
5141,ADAUSDT,SHORT,4h,0.255206,0.245943,0.262153,56,N/A,SELL_LIMIT,0,0,scanner,(trend) SELL LIMIT,1774664580299,scanner,WIN,1774666433813,0.245943,BEAR,,1853514,,binance
5212,LINKUSDT,SHORT,4h,8.868358,8.537517,9.116488,56,N/A,SELL_LIMIT,0,0,scanner,(trend) SELL LIMIT,1774666680587,scanner,WIN,1774666729080,8.537517,BEAR,,48493,,binance
5211,ADAUSDT,SHORT,4h,0.255206,0.245943,0.262153,56,N/A,SELL_LIMIT,0,0,scanner,(trend) SELL LIMIT,1774666680587,scanner,WIN,1774666729080,0.245943,BEAR,,48493,,binance
5209,SOLUSDT,SHORT,4h,86.5057,83.238012,88.956466,56,N/A,SELL_LIMIT,0,0,scanner,(trend) SELL LIMIT,1774666680587,scanner,WIN,1774666729080,83.238012,BEAR,,48493,,binance
5219,SOLUSDT,SHORT,4h,86.5057,83.238012,88.956466,56,N/A,SELL_LIMIT,0,0,scanner,(trend) SELL LIMIT,1774666980179,scanner,WIN,1774689277997,83.238012,BEAR,,22297818,,binance
5222,LINKUSDT,SHORT,4h,8.868358,8.537517,9.116488,56,N/A,SELL_LIMIT,0,0,scanner,(trend) SELL LIMIT,1774666980179,scanner,WIN,1774670400000,8.537517,BEAR,66561.48,3419821,,binance
5221,ADAUSDT,SHORT,4h,0.255206,0.245943,0.262153,56,N/A,SELL_LIMIT,0,0,scanner,(trend) SELL LIMIT,1774666980179,scanner,WIN,1774670400000,0.245943,BEAR,66561.48,3419821,,binance
5291,APTUSDT,SHORT,4h,0.999641,0.948273,1.038166,56,N/A,SELL_LIMIT,0,60,BEAR,(trend) SELL_LIMIT 60% | ,1774689269644,live,WIN,1774690501917,0.948273,BEAR,,1232273,,binance
5288,ARBUSDT,SHORT,4h,0.092941,0.089412,0.095588,56,N/A,SELL_LIMIT,0,60,BEAR,(trend) SELL_LIMIT 60% | ,1774689269644,live,WIN,1774742400000,0.089412,BEAR,66912,53130356,,binance
5287,NEARUSDT,SHORT,4h,1.216747,1.170254,1.251617,56,N/A,SELL_LIMIT,0,60,BEAR,(trend) SELL_LIMIT 60% | ,1774689269644,live,WIN,1774689602515,1.170254,STRONG BEAR,,332871,,binance
5316,BNBUSDT,SHORT,4h,623.164684,608.781925,633.951754,56,N/A,SELL_LIMIT,0,0,scanner,(trend) SELL LIMIT,1774689480402,scanner,WIN,1774785600000,608.781925,BEAR,66523,96119598,,binance
5310,BCHUSDT,SHORT,4h,476.6,462.50062,487.174535,78,N/A,SELL,0,0,scanner,(trend) SELL,1774689480402,scanner,WIN,1774841203624,462.50062,BEAR,,151723222,,binance
5318,WLDUSDT,SHORT,4h,0.276708,0.256615,0.291778,56,N/A,SELL_LIMIT,0,0,scanner,(trend) SELL LIMIT,1774689480402,scanner,OPEN,,,,,,,binance
5311,PIXELUSDT,LONG,4h,0.00829,0.009384,0.007469,58,N/A,BUY,0,0,scanner,(counter) BUY,1774689480402,counter,LOSS,1775272820042,0.007469,BEAR,,583339640,,binance
5319,ZECUSDT,SHORT,4h,221.88532,209.15783,231.430938,56,N/A,SELL_LIMIT,0,0,scanner,(trend) SELL LIMIT,1774689480402,scanner,WIN,1774814400000,209.15783,BEAR,66010.93,124919598,,binance
5314,SOLUSDT,SHORT,4h,85.909389,82.77854,88.257526,56,N/A,SELL_LIMIT,0,0,scanner,(trend) SELL LIMIT,1774689480402,scanner,WIN,1774694403057,82.77854,STRONG BEAR,,4922655,,binance
5344,FIL/USDT,LONG,1h,0.824,0.887361,0.812109,70,N/A,CONTRARIAN,0,79,STRONG BEAR,(contrarian) 7.99x ATR extension,1774689608756,counter,LOSS,1774728000000,0.812109,BEAR,66377.03,38391244,,binance
5350,PENGU/USDT,LONG,1h,0.006444,0.0069546,0.0063581,70,N/A,CONTRARIAN,0,89,STRONG BEAR,(contrarian) 8.92x ATR extension,1774689608756,counter,LOSS,1774728000000,0.0063581,BEAR,66377.03,38391244,,binance
5351,VIRTUAL/USDT,LONG,1h,0.6585,0.692951,0.648504,70,N/A,CONTRARIAN,0,51,STRONG BEAR,(contrarian) 5.17x ATR extension,1774689608756,counter,LOSS,1774771200000,0.648504,BEAR,66816.28,81591244,,binance
5352,SIGN/USDT,LONG,1h,0.03222,0.041056,0.031475,70,N/A,CONTRARIAN,0,177,STRONG BEAR,(contrarian) 17.78x ATR extension,1774689608756,counter,LOSS,1774728000000,0.031475,BEAR,66377.03,38391244,,binance
5345,STG/USDT,SHORT,1h,0.2437,0.207298,0.25581,70,N/A,CONTRARIAN,0,45,STRONG BEAR,(contrarian) 4.51x ATR extension,1774689608756,counter,LOSS,1774956673915,0.2581,BEAR,,267065159,,binance
5328,XAUT/USDT,LONG,1h,4494.81,4795.549838,4470.431265,70,N/A,CONTRARIAN,0,185,STRONG BEAR,(contrarian) 18.5x ATR extension,1774689608756,counter,LOSS,1774814400000,4470.431265,BEAR,66010.93,124791244,,binance
5327,DOGE/USDT,LONG,1h,0.09099,0.09291,0.090111,70,N/A,CONTRARIAN,0,32,STRONG BEAR,(contrarian) 3.28x ATR extension,1774689608756,counter,WIN,1774699200000,0.09291,BEAR,67014.91,9591244,,binance
5331,ADA/USDT,LONG,1h,0.2479,0.259868,0.245219,70,N/A,CONTRARIAN,0,66,STRONG BEAR,(contrarian) 6.69x ATR extension,1774689608756,counter,LOSS,1774728000000,0.245219,BEAR,66377.03,38391244,,binance
5334,C/USDT,SHORT,1h,0.0859,0.064174,0.094382,70,N/A,CONTRARIAN,0,38,STRONG BEAR,(contrarian) 3.84x ATR extension,1774689608756,counter,LOSS,1774800000000,0.094382,BEAR,66348.62,110391244,,binance
5322,NIGHT/USDT,SHORT,1h,0.04938,0.045778,0.050487,70,N/A,CONTRARIAN,0,48,STRONG BEAR,(contrarian) 4.88x ATR extension,1774689608756,counter,LOSS,1774702202040,0.05059,STRONG BEAR,,12593284,,binance
5339,KITE/USDT,LONG,1h,0.1753,0.208966,0.168963,70,N/A,CONTRARIAN,0,79,STRONG BEAR,(contrarian) 7.97x ATR extension,1774689608756,counter,LOSS,1774841203624,0.1596,BEAR,,151594868,,binance
5343,ONT/USDT,SHORT,1h,0.06448,0.04957,0.068599,70,N/A,CONTRARIAN,0,54,STRONG BEAR,(contrarian) 5.43x ATR extension,1774689608756,counter,LOSS,1774841203624,0.07259,BEAR,,151594868,,binance
5342,BARD/USDT,LONG,1h,0.3641,0.496097,0.354266,70,N/A,CONTRARIAN,0,201,STRONG BEAR,(contrarian) 20.13x ATR extension,1774689608756,counter,LOSS,1774814400000,0.354266,BEAR,66010.93,124791244,,binance
5325,ROBO/USDT,LONG,1h,0.0231,0.024627,0.022368,70,N/A,CONTRARIAN,0,31,STRONG BEAR,(contrarian) 3.13x ATR extension,1774689608756,counter,WIN,1774800000000,0.024627,BEAR,66348.62,110391244,,binance
5362,ADAUSDT,SHORT,4h,0.253752,0.244771,0.260488,56,N/A,SELL_LIMIT,0,0,scanner,(trend) SELL LIMIT,1774690080251,scanner,WIN,1774756800000,0.244771,BEAR,66671,66719749,,binance
5363,LINKUSDT,SHORT,4h,8.810064,8.492422,9.048295,56,N/A,SELL_LIMIT,0,0,scanner,(trend) SELL LIMIT,1774690080251,scanner,WIN,1774728000000,8.492422,BEAR,66377.03,37919749,,binance
5394,APT/USDT,LONG,1h,0.949,0.998207,0.935261,70,N/A,CONTRARIAN,0,53,STRONG BEAR,(contrarian) 5.37x ATR extension,1774690207423,counter,LOSS,1774728000000,0.935261,BEAR,66377.03,37792577,,binance
5554,NEXO/USDT,LONG,1h,0.872,0.89224,0.86267,70,N/A,CONTRARIAN,0,32,STRONG BEAR,(contrarian) 3.25x ATR extension,1774692013897,counter,WIN,1774841203624,0.89224,BEAR,,149189727,,binance
5792,SOLUSDT,SHORT,4h,85.909389,82.77854,88.257526,56,N/A,SELL_LIMIT,0,0,scanner,(trend) SELL LIMIT,1774694580479,scanner,WIN,1774701602364,82.77854,STRONG BEAR,,7021885,,binance
5804,APTUSDT,SHORT,4h,0.999641,0.948273,1.038166,56,N/A,SELL_LIMIT,0,60,BEAR,(trend) SELL_LIMIT 60% | ,1774698902781,live,WIN,1774701602364,0.948273,STRONG BEAR,,2699583,,binance
5802,ATOMUSDT,SHORT,4h,1.711866,1.658958,1.751547,56,N/A,SELL_LIMIT,0,60,BEAR,(trend) SELL_LIMIT 60% | ,1774698902781,live,WIN,1774742400000,1.658958,BEAR,66912,43497219,,binance
5800,NEARUSDT,SHORT,4h,1.216747,1.170254,1.251617,56,N/A,SELL_LIMIT,0,60,BEAR,(trend) SELL_LIMIT 60% | ,1774698902781,live,WIN,1774699200000,1.170254,NEUTRAL,66342.25,297219,,binance
5812,XAUTUSDT,SHORT,4h,4586.627664,4480.669074,4666.096606,56,N/A,SELL_LIMIT,0,0,scanner,(trend) SELL LIMIT,1774699080127,scanner,WIN,1774814400000,4480.669074,BEAR,66010.93,115319873,,binance
5821,TRX/USDT,SHORT,1h,0.3145,0.309446,0.316534,70,N/A,CONTRARIAN,0,37,NEUTRAL,(contrarian) 3.73x ATR extension,1774699226643,counter,LOSS,1774841203624,0.3229,BEAR,,141976981,,binance
5853,NEARUSDT,SHORT,4h,1.212295,1.167786,1.245677,56,N/A,SELL_LIMIT,0,60,BEAR,(trend) SELL_LIMIT 60% | ,1774699380468,live,WIN,1774701302052,1.167786,BEAR,,1921584,,binance
6074,SOLUSDT,SHORT,4h,85.608495,82.637298,87.836893,56,N/A,SELL_LIMIT,0,0,scanner,(trend) SELL LIMIT,1774701780605,scanner,WIN,1774728000000,82.637298,BEAR,66377.03,26219395,,binance
6168,NIGHT/USDT,SHORT,1h,0.05069,0.045901,0.051921,70,N/A,CONTRARIAN,0,58,STRONG BEAR,(contrarian) 5.83x ATR extension,1774702814664,counter,LOSS,1774704901849,0.05217,BEAR,,2087185,,binance
6149,BCH/USDT,SHORT,1h,478.8,468.281817,483.996724,70,N/A,CONTRARIAN,0,30,STRONG BEAR,(contrarian) 3.04x ATR extension,1774702814664,counter,WIN,1774841203624,468.281817,BEAR,,138388960,,binance
6396,NIGHT/USDT,SHORT,1h,0.05069,0.045901,0.051921,70,N/A,CONTRARIAN,0,58,STRONG BEAR,(contrarian) 5.83x ATR extension,1774705200912,counter,LOSS,1774713600000,0.051921,BEAR,66916.52,8399088,,binance
6432,APTUSDT,SHORT,4h,0.956344,0.910886,0.990438,56,N/A,SELL_LIMIT,0,60,BEAR,[RECOVERED] (trend) SELL_LIMIT 60% | ,1774713600000,live,WIN,1774814400000,0.910886,BEAR,66010.93,100800000,,binance
6421,NEARUSDT,SHORT,4h,1.187157,1.140938,1.221822,56,N/A,SELL_LIMIT,0,60,BEAR,(trend) SELL_LIMIT 60% | ,1774841165296,live,LOSS,1774857600000,1.221822,BEAR,67680.45,16434704,,binance
6506,TAO/USDT,SHORT,1h,329.3,309.913823,337.513405,70,N/A,CONTRARIAN,0,35,BEAR,(contrarian) 3.54x ATR extension,1774841415382,counter,WIN,1774956673915,309.913823,BEAR,,115258533,,binance
6507,TRX/USDT,SHORT,1h,0.3227,0.312844,0.325087,70,N/A,CONTRARIAN,0,61,BEAR,(contrarian) 6.19x ATR extension,1774841415382,counter,WIN,1774958400000,0.312844,BEAR,66736.8,116984618,,binance
6511,STO/USDT,SHORT,1h,0.1506,0.109122,0.160854,70,N/A,CONTRARIAN,0,60,BEAR,(contrarian) 6.07x ATR extension,1774841415382,counter,LOSS,1775021327285,0.160854,BEAR,,179911903,,binance
6510,NOM/USDT,SHORT,1h,0.0036,0.0024447,0.0041182,70,N/A,CONTRARIAN,0,33,BEAR,(contrarian) 3.34x ATR extension,1774841415382,counter,LOSS,1775021327285,0.0041182,BEAR,,179911903,,binance
6518,BARD/USDT,LONG,1h,0.3614,0.436408,0.351718,70,N/A,CONTRARIAN,0,116,BEAR,(contrarian) 11.62x ATR extension,1774841415382,counter,LOSS,1774961701886,0.3514,STRONG BEAR,,120286504,,binance
6516,CHZ/USDT,SHORT,1h,0.04095,0.037135,0.042049,70,N/A,CONTRARIAN,0,52,BEAR,(contrarian) 5.21x ATR extension,1774841415382,counter,LOSS,1774843809980,0.04209,BEAR,,2394598,,binance
6515,KITE/USDT,LONG,1h,0.1596,0.19872,0.153818,70,N/A,CONTRARIAN,0,101,BEAR,(contrarian) 10.15x ATR extension,1774841415382,counter,LOSS,1774956673915,0.1521,BEAR,,115258533,,binance
6523,PENGU/USDT,LONG,1h,0.006478,0.0067536,0.0063587,70,N/A,CONTRARIAN,0,34,BEAR,(contrarian) 3.46x ATR extension,1774841415382,counter,LOSS,1774956673915,0.006337,BEAR,,115258533,,binance
6524,SIGN/USDT,LONG,1h,0.03292,0.039952,0.031995,70,N/A,CONTRARIAN,0,114,BEAR,(contrarian) 11.41x ATR extension,1774841415382,counter,LOSS,1774956673915,0.03189,BEAR,,115258533,,binance
6525,DOT/USDT,LONG,1h,1.277,1.359162,1.258098,70,N/A,CONTRARIAN,0,65,BEAR,(contrarian) 6.52x ATR extension,1774841415382,counter,LOSS,1774956673915,1.24,BEAR,,115258533,,binance
6505,SOL/USDT,LONG,1h,83.39,86.296061,82.107171,70,N/A,CONTRARIAN,0,34,BEAR,(contrarian) 3.4x ATR extension,1774841415382,counter,LOSS,1774956673915,80.69,BEAR,,115258533,,binance
6508,ADA/USDT,LONG,1h,0.2454,0.254672,0.241667,70,N/A,CONTRARIAN,0,37,BEAR,(contrarian) 3.73x ATR extension,1774841415382,counter,LOSS,1774956673915,0.2409,BEAR,,115258533,,binance
6519,CFG/USDT,SHORT,1h,0.165,0.147628,0.173126,70,N/A,CONTRARIAN,0,32,BEAR,(contrarian) 3.21x ATR extension,1774841415382,counter,LOSS,1774857600000,0.173126,BEAR,67680.45,16184618,,binance
6520,AAVE/USDT,LONG,1h,98.01,104.158275,96.408785,70,N/A,CONTRARIAN,0,57,BEAR,(contrarian) 5.76x ATR extension,1774841415382,counter,LOSS,1774886400000,96.408785,BEAR,66550.05,44984618,,binance
6522,FIL/USDT,LONG,1h,0.819,0.863209,0.805177,70,N/A,CONTRARIAN,0,48,BEAR,(contrarian) 4.8x ATR extension,1774841415382,counter,WIN,1774857600000,0.863209,BEAR,,16184618,,binance
6517,TRUMP/USDT,LONG,1h,2.961,3.120416,2.912615,70,N/A,CONTRARIAN,0,49,BEAR,(contrarian) 4.94x ATR extension,1774841415382,counter,LOSS,1774886400000,2.912615,BEAR,66550.05,44984618,,binance
6514,NEAR/USDT,LONG,1h,1.186,1.238332,1.167399,70,N/A,CONTRARIAN,0,42,BEAR,(contrarian) 4.22x ATR extension,1774841415382,counter,LOSS,1774886400000,1.167399,BEAR,66550.05,44984618,,binance
6513,ONT/USDT,SHORT,1h,0.07205,0.053772,0.07928,70,N/A,CONTRARIAN,0,37,BEAR,(contrarian) 3.79x ATR extension,1774841415382,counter,LOSS,1774886400000,0.07928,BEAR,66550.05,44984618,,binance
6509,SUI/USDT,LONG,1h,0.8691,0.911041,0.854975,70,N/A,CONTRARIAN,0,44,BEAR,(contrarian) 4.45x ATR extension,1774841415382,counter,LOSS,1774944000000,0.854975,BEAR,66678.24,102584618,,binance
6521,C/USDT,SHORT,1h,0.0871,0.068414,0.092263,70,N/A,CONTRARIAN,0,54,BEAR,(contrarian) 5.43x ATR extension,1774841415382,counter,WIN,1774956673915,0.068414,BEAR,,115258533,,binance
6512,AVAX/USDT,LONG,1h,8.8,9.118286,8.670107,70,N/A,CONTRARIAN,0,36,BEAR,(contrarian) 3.68x ATR extension,1774841415382,counter,WIN,1775016000000,9.118286,BEAR,68606.02,174584618,,binance
6527,ETHUSDT,SHORT,4h,2023.415715,1953.722421,2075.685685,56,N/A,SELL_LIMIT,0,0,scanner,(trend) SELL LIMIT,1774841880462,scanner,LOSS,1774857600000,2075.685685,BEAR,67680.45,15719538,,binance
6526,BTCUSDT,SHORT,4h,67160.845942,65314.164787,68545.856809,56,N/A,SELL_LIMIT,0,0,scanner,(trend) SELL LIMIT,1774841880462,scanner,LOSS,1775021327285,68545.856809,BEAR,,179446823,,binance
6533,ADAUSDT,SHORT,4h,0.247699,0.238059,0.25493,56,N/A,SELL_LIMIT,0,0,scanner,(trend) SELL LIMIT,1774841880462,scanner,WIN,1774958400000,0.238059,BEAR,66736.8,116519538,,binance
6534,LINKUSDT,SHORT,4h,8.619802,8.289989,8.867161,56,N/A,SELL_LIMIT,0,0,scanner,(trend) SELL LIMIT,1774841880462,scanner,LOSS,1774857600000,8.867161,BEAR,67680.45,15719538,,binance
6532,BCHUSDT,SHORT,4h,469.309312,453.54218,481.13466,56,N/A,SELL_LIMIT,0,0,scanner,(trend) SELL LIMIT,1774841880462,scanner,WIN,1774843200000,453.54218,BEAR,67624.39,1319538,,binance
6530,SOLUSDT,SHORT,4h,83.721485,80.447535,86.176948,56,N/A,SELL_LIMIT,0,0,scanner,(trend) SELL LIMIT,1774841880462,scanner,WIN,1774944000000,80.447535,BEAR,66678.24,102119538,,binance
6529,XRPUSDT,SHORT,4h,1.344792,1.304788,1.374795,56,N/A,SELL_LIMIT,0,0,scanner,(trend) SELL LIMIT,1774841880462,scanner,WIN,1774944000000,1.304788,BEAR,66678.24,102119538,,binance
6528,BNBUSDT,SHORT,4h,616.339218,601.665187,627.344741,56,N/A,SELL_LIMIT,0,0,scanner,(trend) SELL LIMIT,1774841880462,scanner,WIN,1774944000000,601.665187,BEAR,66678.24,102119538,,binance
6535,LTCUSDT,SHORT,4h,54.109195,52.578516,55.257204,56,N/A,SELL_LIMIT,0,0,scanner,(trend) SELL LIMIT,1774841880462,scanner,WIN,1775097910339,52.578516,BEAR,,256029877,,binance
6531,DOGEUSDT,SHORT,4h,0.091519,0.087978,0.094175,56,N/A,SELL_LIMIT,0,0,scanner,(trend) SELL LIMIT,1774841880462,scanner,LOSS,1775016000000,0.094175,BEAR,68692,174119538,,binance
6542,XAUT/USDT,LONG,1h,4506.01,4717.240607,4478.683779,70,N/A,CONTRARIAN,0,115,BEAR,(contrarian) 11.59x ATR extension,1774842007012,counter,LOSS,1774915200000,4478.683779,BEAR,67704.74,73192988,,binance
6548,MORPHO/USDT,LONG,1h,1.526,1.612193,1.505643,70,N/A,CONTRARIAN,0,63,BEAR,(contrarian) 6.35x ATR extension,1774842007012,counter,LOSS,1774956673915,1.476,BEAR,,114666903,,binance
6550,APT/USDT,LONG,1h,0.943,0.978219,0.927754,70,N/A,CONTRARIAN,0,34,BEAR,(contrarian) 3.47x ATR extension,1774842007012,counter,LOSS,1774956673915,0.895,BEAR,,114666903,,binance
6554,VET/USDT,LONG,1h,0.00669,0.0068923,0.0066089,70,N/A,CONTRARIAN,0,37,BEAR,(contrarian) 3.74x ATR extension,1774842007012,counter,LOSS,1774944000000,0.0066089,BEAR,66678.24,101992988,,binance
6551,ALGO/USDT,LONG,1h,0.0827,0.084851,0.081744,70,N/A,CONTRARIAN,0,33,BEAR,(contrarian) 3.37x ATR extension,1774842007012,counter,WIN,1774956673915,0.084851,BEAR,,114666903,,binance
6546,ICP/USDT,LONG,1h,2.238,2.334877,2.208245,70,N/A,CONTRARIAN,0,48,BEAR,(contrarian) 4.88x ATR extension,1774842007012,counter,WIN,1774972800000,2.334877,BEAR,,130792988,,binance
6549,ATOM/USDT,LONG,1h,1.665,1.730134,1.645739,70,N/A,CONTRARIAN,0,50,BEAR,(contrarian) 5.07x ATR extension,1774842007012,counter,WIN,1775023818969,1.730134,BEAR,,181811957,,binance
6547,QNT/USDT,LONG,1h,70.06,72.933192,69.031184,70,N/A,CONTRARIAN,0,41,BEAR,(contrarian) 4.19x ATR extension,1774842007012,counter,WIN,1775272820042,72.933192,BEAR,,430813030,,binance
6606,BCH/USDT,LONG,1h,456.9,470.428317,450.919023,70,N/A,CONTRARIAN,0,33,BEAR,(contrarian) 3.39x ATR extension,1774843222069,counter,WIN,1774929600000,470.428317,BEAR,67367.69,86377931,,binance
6623,SHIBUSDT,SHORT,4h,6e-06,6e-06,6e-06,78,N/A,SELL,0,0,scanner,(trend) SELL,1774843380552,scanner,WIN,1774843446765,6e-06,STRONG BULL,,66213,,binance
6639,ATOMUSDT,SHORT,4h,1.677009,1.630873,1.71161,56,N/A,SELL_LIMIT,0,60,BEAR,(trend) SELL_LIMIT 60% | ,1774843380555,live,LOSS,1774929600000,1.71161,BEAR,67367.69,86219445,,binance
6638,ARBUSDT,SHORT,4h,0.090993,0.087446,0.093652,56,N/A,SELL_LIMIT,0,60,BEAR,(trend) SELL_LIMIT 60% | ,1774843380555,live,LOSS,1774872000000,0.093652,BEAR,67629.4,28619445,,binance
6641,APTUSDT,SHORT,4h,0.95535,0.912445,0.987529,56,N/A,SELL_LIMIT,0,60,BEAR,(trend) SELL_LIMIT 60% | ,1774843380555,live,WIN,1774956673915,0.912445,BEAR,,113293360,,binance
6642,SHIBUSDT,SHORT,4h,6e-06,6e-06,6e-06,78,N/A,SELL,0,0,scanner,(trend) SELL,1774843680157,scanner,WIN,1774843809980,6e-06,BEAR,,129823,,binance
6686,APTUSDT,SHORT,4h,0.929546,0.885068,0.962905,56,N/A,SELL_LIMIT,0,60,BEAR,[RECOVERED] (trend) SELL_LIMIT 60% | ,1774857600000,live,WIN,1774900800000,0.885068,BEAR,66797.37,43200000,,binance
6742,PEPEUSDT,SHORT,4h,3e-06,3e-06,3e-06,56,N/A,SELL_LIMIT,0,0,scanner,(trend) SELL LIMIT,1774956780382,scanner,LOSS,1774956902133,3.33e-06,NEUTRAL,,121751,,binance
6738,BNBUSDT,SHORT,4h,614.015874,598.63054,625.554875,56,N/A,SELL_LIMIT,0,0,scanner,(trend) SELL LIMIT,1774956780382,scanner,WIN,1775097910339,598.63054,BEAR,,141129957,,binance
6743,SUIUSDT,SHORT,4h,0.874293,0.836375,0.902732,56,N/A,SELL_LIMIT,0,0,scanner,(trend) SELL LIMIT,1774956780382,scanner,LOSS,1775016000000,0.902732,BEAR,68692,59219618,,binance
6737,XRPUSDT,SHORT,4h,1.336464,1.295857,1.366919,56,N/A,SELL_LIMIT,0,0,scanner,(trend) SELL LIMIT,1774956780382,scanner,LOSS,1775016000000,1.366919,BEAR,68692,59219618,,binance
6736,SOLUSDT,SHORT,4h,83.283324,79.7489,85.934142,56,N/A,SELL_LIMIT,0,0,scanner,(trend) SELL LIMIT,1774956780382,scanner,WIN,1775094836323,79.7489,BEAR,,138055941,,binance
6740,XAUTUSDT,SHORT,4h,4532.053224,4434.973916,4604.862704,56,N/A,SELL_LIMIT,0,0,scanner,(trend) SELL LIMIT,1774956780382,scanner,LOSS,1774967701125,4604.862704,BEAR,,10920743,,binance
6752,PEPEUSDT,SHORT,4h,3e-06,3e-06,3e-06,56,N/A,SELL_LIMIT,0,0,scanner,(trend) SELL LIMIT,1774957080278,scanner,LOSS,1774957203832,3.34e-06,BEAR,,123554,,binance
6760,BCHUSDT,SHORT,4h,466.084554,450.75826,477.579274,56,N/A,SELL_LIMIT,0,0,scanner,(trend) SELL LIMIT,1774957380590,scanner,LOSS,1774972800000,477.579274,BEAR,67838.8,15419410,,binance
6803,NEARUSDT,SHORT,4h,1.182875,1.13503,1.218759,56,N/A,SELL_LIMIT,0,60,BEAR,(trend) SELL_LIMIT 60% | ,1774958580513,live,LOSS,1775016000000,1.218759,BEAR,68692,57419487,,binance
6804,ARBUSDT,SHORT,4h,0.091715,0.088155,0.094385,56,N/A,SELL_LIMIT,0,60,BEAR,(trend) SELL_LIMIT 60% | ,1774958580513,live,LOSS,1775021327285,0.094385,BEAR,,62746772,,binance
6807,APTUSDT,SHORT,4h,0.927544,0.885671,0.958948,56,N/A,SELL_LIMIT,0,60,BEAR,(trend) SELL_LIMIT 60% | ,1774958580513,live,WIN,1774972800000,0.885671,BEAR,67838.8,14219487,,binance
6805,ATOMUSDT,SHORT,4h,1.680165,1.630482,1.717428,56,N/A,SELL_LIMIT,0,60,BEAR,(trend) SELL_LIMIT 60% | ,1774958580513,live,LOSS,1775021327285,1.717428,BEAR,,62746772,,binance
6833,TONUSDT,SHORT,4h,1.2323,1.198355,1.257759,56,N/A,SELL_LIMIT,0,0,scanner,(trend) SELL LIMIT,1774959180511,scanner,LOSS,1775188800000,1.257759,BEAR,67042.08,229619489,,binance
6860,HYPEUSDT,SHORT,4h,37.80024,36.095458,39.078827,56,N/A,SELL_LIMIT,0,0,scanner,(trend) SELL LIMIT,1774960080467,scanner,WIN,1774960201933,36.095458,BEAR,,121466,,binance
7081,CROUSDT,SHORT,4h,0.070756,0.069164,0.07195,56,N/A,SELL_LIMIT,0,0,scanner,(trend) SELL LIMIT,1775021580506,scanner,OPEN,,,,,,,binance
7077,BCHUSDT,SHORT,4h,466.16584,451.385005,477.251467,56,N/A,SELL_LIMIT,0,0,scanner,(trend) SELL LIMIT,1775021580506,scanner,WIN,1775094836323,451.385005,BEAR,,73255817,,binance
7073,POLUSDT,SHORT,4h,0.09369,0.090246,0.096273,78,N/A,SELL,0,0,scanner,(trend) SELL,1775021580506,scanner,WIN,1775097910339,0.090246,BEAR,,76329833,,binance
7078,ADAUSDT,SHORT,4h,0.245095,0.23507,0.252613,56,N/A,SELL_LIMIT,0,0,scanner,(trend) SELL LIMIT,1775021580506,scanner,LOSS,1775023818969,0.252613,BEAR,,2238463,,binance
7160,ADAUSDT,SHORT,4h,0.245295,0.234875,0.25311,56,N/A,SELL_LIMIT,0,0,scanner,(trend) SELL LIMIT,1775023980205,scanner,LOSS,1775024402635,0.25311,BEAR,,422430,,binance
7179,ADAUSDT,SHORT,4h,0.245295,0.234875,0.25311,56,N/A,SELL_LIMIT,0,0,scanner,(trend) SELL LIMIT,1775024580445,scanner,WIN,1775131200000,0.234875,BEAR,66852.91,106619555,,binance
7205,APTUSDT,SHORT,4h,0.907506,0.864799,0.939536,56,N/A,SELL_LIMIT,0,60,BEAR,(trend) SELL_LIMIT 60% | ,1775094827771,live,WIN,1775096102333,0.864799,BEAR,,1274562,,binance
7227,XRPUSDT,SHORT,4h,1.341843,1.299059,1.373931,56,N/A,SELL_LIMIT,0,0,scanner,(trend) SELL LIMIT,1775095080622,scanner,WIN,1775116800000,1.299059,BEAR,66220.28,21719378,,binance
7234,DOTUSDT,SHORT,4h,1.264938,1.21112,1.305302,56,N/A,SELL_LIMIT,0,0,scanner,(trend) SELL LIMIT,1775095080622,scanner,WIN,1775116800000,1.21112,BEAR,66220.28,21719378,,binance
7235,AAVEUSDT,SHORT,4h,98.356428,93.918052,101.685211,56,N/A,SELL_LIMIT,0,0,scanner,(trend) SELL LIMIT,1775095080622,scanner,WIN,1775102400000,93.918052,BEAR,66930.79,7319378,,binance
7230,BCHUSDT,SHORT,4h,461.888637,448.202261,472.15342,56,N/A,SELL_LIMIT,0,0,scanner,(trend) SELL LIMIT,1775095080622,scanner,WIN,1775097910339,448.202261,BEAR,,2829717,,binance
7228,SOLUSDT,SHORT,4h,82.729589,78.814001,85.666279,56,N/A,SELL_LIMIT,0,0,scanner,(trend) SELL LIMIT,1775095080622,scanner,WIN,1775096102333,78.814001,BEAR,,1021711,,binance
7229,DOGEUSDT,SHORT,4h,0.09197,0.08847,0.094596,56,N/A,SELL_LIMIT,0,0,scanner,(trend) SELL LIMIT,1775095080622,scanner,OPEN,,,,,,,binance
7316,BNBUSDT,SHORT,4h,593.993691,580.759204,603.919557,56,N/A,SELL_LIMIT,0,60,BEAR,(trend) SELL_LIMIT 60% | ,1775272801398,live,OPEN,,,,,,,binance
7317,ATOMUSDT,SHORT,4h,1.685831,1.632722,1.725662,56,N/A,SELL_LIMIT,0,60,BEAR,(trend) SELL_LIMIT 60% | ,1775272801398,live,OPEN,,,,,,,binance
7319,APTUSDT,SHORT,4h,0.870804,0.837236,0.89598,56,N/A,SELL_LIMIT,0,60,BEAR,(trend) SELL_LIMIT 60% | ,1775272801398,live,OPEN,,,,,,,binance
7381,XRPUSDT,SHORT,4h,1.323254,1.287269,1.350243,56,N/A,SELL_LIMIT,0,60,BEAR,(trend) SELL_LIMIT 60% | ,1775273166367,live,OPEN,,,,,,,binance
7389,ADAUSDT,SHORT,4h,0.244299,0.234658,0.251529,56,N/A,SELL_LIMIT,0,0,scanner,(trend) SELL LIMIT,1775273280483,scanner,OPEN,,,,,,,binance
7387,SOLUSDT,SHORT,4h,80.65759,77.698399,82.876984,56,N/A,SELL_LIMIT,0,0,scanner,(trend) SELL LIMIT,1775273280483,scanner,OPEN,,,,,,,binance
7390,BCHUSDT,SHORT,4h,448.62345,437.73162,456.792323,56,N/A,SELL_LIMIT,0,0,scanner,(trend) SELL LIMIT,1775273280483,scanner,OPEN,,,,,,,binance
7391,XLMUSDT,SHORT,4h,0.165104,0.159297,0.169459,56,N/A,SELL_LIMIT,0,0,scanner,(trend) SELL LIMIT,1775273280483,scanner,OPEN,,,,,,,binance
7392,LTCUSDT,SHORT,4h,53.07969,51.82601,54.01995,56,N/A,SELL_LIMIT,0,0,scanner,(trend) SELL LIMIT,1775273280483,scanner,OPEN,,,,,,,binance
7393,TONUSDT,SHORT,4h,1.234936,1.201957,1.259669,56,N/A,SELL_LIMIT,0,0,scanner,(trend) SELL LIMIT,1775273280483,scanner,OPEN,,,,,,,binance
7394,DOTUSDT,SHORT,4h,1.246299,1.20235,1.279261,56,N/A,SELL_LIMIT,0,0,scanner,(trend) SELL LIMIT,1775273280483,scanner,OPEN,,,,,,,binance
7401,XAUTUSDT,SHORT,4h,4634.204422,4555.427391,4693.287195,56,N/A,SELL_LIMIT,0,0,scanner,(trend) SELL LIMIT,1775273880534,scanner,OPEN,,,,,,,binance
7419,UUSDT,SHORT,4h,1.000073,0.999714,1.000343,56,N/A,SELL_LIMIT,0,0,scanner,(trend) SELL LIMIT,1775281680297,scanner,OPEN,,,,,,,binance
7422,KITEUSDT,SHORT,4h,0.141549,0.12485,0.154074,56,N/A,SELL_LIMIT,0,0,scanner,(trend) SELL LIMIT,1775281680297,scanner,OPEN,,,,,,,binance
7423,UNIUSDT,SHORT,4h,3.281312,3.136246,3.390112,56,N/A,SELL_LIMIT,0,0,scanner,(trend) SELL LIMIT,1775281680297,scanner,OPEN,,,,,,,binance
7424,BARDUSDT,SHORT,4h,0.320229,0.292482,0.341039,56,N/A,SELL_LIMIT,0,0,scanner,(trend) SELL LIMIT,1775281680297,scanner,OPEN,,,,,,,binance
